// Sniffed SMSG_BATTLE_PAY_GET_PRODUCT_LIST_RESPONSE body (57620 bytes).
constexpr uint8 BattlePayRetailProductListResponse[] =
{
    0x00, 0x00, 0x00, 0x00, 0x01, 0x00, 0x00, 0x00, 0x5D, 0x00, 0x00, 0x00, 0x72, 0x00, 0x00, 0x00,
    0x14, 0x00, 0x00, 0x00, 0x60, 0x00, 0x00, 0x00, 0xF8, 0x00, 0x00, 0x00, 0xA0, 0x86, 0x01, 0x00,
    0x00, 0x00, 0x00, 0x00, 0xA0, 0x86, 0x01, 0x00, 0x00, 0x00, 0x00, 0x00, 0x01, 0x00, 0x00, 0x00,
    0x02, 0x00, 0x00, 0x00, 0x0F, 0x00, 0x00, 0x00, 0x00, 0x00, 0x00, 0x00, 0x00, 0x00, 0x00, 0x00,
    0x00, 0x00, 0x00, 0x00, 0x73, 0x63, 0x00, 0x00, 0x00, 0x00, 0x00, 0x00, 0x9C, 0x01, 0x00, 0x00,
    0x80, 0xC0, 0x80, 0x00, 0x07, 0x40, 0x00, 0x00, 0x00, 0x00, 0x00, 0x00, 0x00, 0x01, 0x00, 0x00,
    0x00, 0x00, 0x00, 0x00, 0x00, 0x00, 0x00, 0x00, 0x00, 0x00, 0x00, 0x00, 0x00, 0xFD, 0xAB, 0x18,
    0x00, 0x0A, 0x00, 0x00, 0x00, 0x54, 0x77, 0x69, 0x6C, 0x69, 0x67, 0x68, 0x74, 0x41, 0x6E, 0x20,
    0x65, 0x6E, 0x65, 0x72, 0x67, 0x65, 0x74, 0x69, 0x63, 0x20, 0x6B, 0x69, 0x74, 0x74, 0x65, 0x6E,
    0x20, 0x74, 0x68, 0x61, 0x74, 0x20, 0x63, 0x68, 0x61, 0x6E, 0x67, 0x65, 0x73, 0x20, 0x63, 0x6F,
    0x6C, 0x6F, 0x72, 0x73, 0x20, 0x62, 0x61, 0x73, 0x65, 0x64, 0x20, 0x6F, 0x6E, 0x20, 0x69, 0x74,
    0x73, 0x20, 0x6D, 0x6F, 0x6F, 0x64, 0x2E, 0x02, 0x00, 0x33, 0x2B, 0x01, 0x00, 0x0A, 0x00, 0x00,
    0x00, 0x00, 0x00, 0x00, 0x00, 0x54, 0x77, 0x69, 0x6C, 0x69, 0x67, 0x68, 0x74, 0xFD, 0x00, 0x00,
    0x00, 0x90, 0xD0, 0x03, 0x00, 0x00, 0x00, 0x00, 0x00, 0x90, 0xD0, 0x03, 0x00, 0x00, 0x00, 0x00,
    0x00, 0x01, 0x00, 0x00, 0x00, 0x03, 0x00, 0x00, 0x00, 0x0F, 0x00, 0x00, 0x00, 0x00, 0x00, 0x00,
    0x00, 0x00, 0x00, 0x00, 0x00, 0x00, 0x00, 0x00, 0x00, 0x74, 0x63, 0x00, 0x00, 0x00, 0x00, 0x00,
    0x00, 0x9D, 0x01, 0x00, 0x00, 0x80, 0xC1, 0x30, 0x00, 0x0B, 0x40, 0x00, 0x00, 0x00, 0x00, 0x00,
    0x00, 0x00, 0x01, 0x00, 0x00, 0x00, 0x00, 0x00, 0x00, 0x00, 0x00, 0x00, 0x00, 0x00, 0x00, 0x00,
    0x00, 0x00, 0x02, 0xAC, 0x18, 0x00, 0x4E, 0x00, 0x00, 0x00, 0x4C, 0x75, 0x6D, 0x69, 0x6E, 0x6F,
    0x75, 0x73, 0x20, 0x53, 0x74, 0x61, 0x72, 0x73, 0x65, 0x65, 0x6B, 0x65, 0x72, 0x41, 0x6E, 0x20,
    0x65, 0x6E, 0x65, 0x72, 0x67, 0x79, 0x2D, 0x73, 0x65, 0x6E, 0x73, 0x69, 0x6E, 0x67, 0x20, 0x70,
    0x72, 0x65, 0x64, 0x61, 0x74, 0x6F, 0x72, 0x20, 0x66, 0x72, 0x6F, 0x6D, 0x20, 0x74, 0x68, 0x65,
    0x20, 0x77, 0x61, 0x72, 0x2D, 0x74, 0x6F, 0x72, 0x6E, 0x20, 0x70, 0x6C, 0x61, 0x6E, 0x65, 0x74,
    0x20, 0x6F, 0x66, 0x20, 0x41, 0x72, 0x67, 0x75, 0x73, 0x2C, 0x20, 0x69, 0x74, 0x20, 0x63, 0x61,
    0x6E, 0x20, 0x63, 0x68, 0x61, 0x6E, 0x67, 0x65, 0x20, 0x63, 0x6F, 0x6C, 0x6F, 0x72, 0x20, 0x61,
    0x74, 0x20, 0x77, 0x69, 0x6C, 0x6C, 0x2E, 0x04, 0xC0, 0x2A, 0x2B, 0x01, 0x00, 0x4E, 0x00, 0x00,
    0x00, 0x00, 0x00, 0x00, 0x00, 0x4C, 0x75, 0x6D, 0x69, 0x6E, 0x6F, 0x75, 0x73, 0x20, 0x53, 0x74,
    0x61, 0x72, 0x73, 0x65, 0x65, 0x6B, 0x65, 0x72, 0x50, 0x00, 0x00, 0x00, 0x90, 0xD0, 0x03, 0x00,
    0x00, 0x00, 0x00, 0x00, 0x90, 0xD0, 0x03, 0x00, 0x00, 0x00, 0x00, 0x00, 0x01, 0x00, 0x00, 0x00,
    0x03, 0x00, 0x00, 0x00, 0x2F, 0x00, 0x00, 0x00, 0x00, 0x00, 0x00, 0x00, 0x00, 0x00, 0x00, 0x00,
    0x00, 0x00, 0x00, 0x00, 0x6E, 0x01, 0x00, 0x00, 0x00, 0x00, 0x00, 0x00, 0x12, 0x01, 0x00, 0x00,
    0x80, 0xC1, 0x40, 0x00, 0x08, 0x00, 0x00, 0x00, 0x00, 0x00, 0x00, 0x00, 0x00, 0x01, 0x00, 0x00,
    0x00, 0x00, 0x00, 0x00, 0x00, 0x00, 0x00, 0x00, 0x00, 0x00, 0x00, 0x00, 0x00, 0x45, 0xD7, 0x0C,
    0x00, 0x51, 0x00, 0x00, 0x00, 0x45, 0x6E, 0x63, 0x68, 0x61, 0x6E, 0x74, 0x65, 0x64, 0x20, 0x46,
    0x65, 0x79, 0x20, 0x44, 0x72, 0x61, 0x67, 0x6F, 0x6E, 0x53, 0x74, 0x61, 0x6E, 0x64, 0x20, 0x6F,
    0x75, 0x74, 0x20, 0x6E, 0x6F, 0x20, 0x6D, 0x61, 0x74, 0x74, 0x65, 0x72, 0x20, 0x74, 0x68, 0x65,
    0x20, 0x73, 0x69, 0x74, 0x75, 0x61, 0x74, 0x69, 0x6F, 0x6E, 0x20, 0x6F, 0x6E, 0x20, 0x74, 0x68,
    0x69, 0x73, 0x20, 0x63, 0x6F, 0x6C, 0x6F, 0x72, 0x2D, 0x73, 0x68, 0x69, 0x66, 0x74, 0x69, 0x6E,
    0x67, 0x20, 0x64, 0x72, 0x61, 0x67, 0x6F, 0x6E, 0x2E, 0x05, 0x00, 0x4A, 0xBE, 0x00, 0x00, 0x9E,
    0x01, 0x00, 0x00, 0x00, 0x00, 0x00, 0x00, 0x45, 0x6E, 0x63, 0x68, 0x61, 0x6E, 0x74, 0x65, 0x64,
    0x20, 0x46, 0x65, 0x79, 0x20, 0x44, 0x72, 0x61, 0x67, 0x6F, 0x6E, 0x51, 0x00, 0x00, 0x00, 0xA0,
    0x86, 0x01, 0x00, 0x00, 0x00, 0x00, 0x00, 0xA0, 0x86, 0x01, 0x00, 0x00, 0x00, 0x00, 0x00, 0x01,
    0x00, 0x00, 0x00, 0x02, 0x00, 0x00, 0x00, 0x2F, 0x00, 0x00, 0x00, 0x00, 0x00, 0x00, 0x00, 0x00,
    0x00, 0x00, 0x00, 0x02, 0x00, 0x00, 0x00, 0x6F, 0x01, 0x00, 0x00, 0x00, 0x00, 0x00, 0x00, 0x13,
    0x01, 0x00, 0x00, 0x80, 0xC1, 0x00, 0x00, 0x09, 0x20, 0x00, 0x00, 0x00, 0x00, 0x00, 0x00, 0x00,
    0x01, 0x00, 0x00, 0x00, 0x00, 0x00, 0x00, 0x00, 0x00, 0x00, 0x00, 0x00, 0x00, 0x00, 0x00, 0x00,
    0x0C, 0x06, 0x02, 0x00, 0x0A, 0x00, 0x00, 0x00, 0x41, 0x6C, 0x74, 0x65, 0x72, 0x61, 0x63, 0x20,
    0x42, 0x72, 0x65, 0x77, 0x2D, 0x50, 0x75, 0x70, 0x53, 0x63, 0x61, 0x6C, 0x65, 0x20, 0x74, 0x68,
    0x65, 0x20, 0x68, 0x69, 0x67, 0x68, 0x65, 0x73, 0x74, 0x20, 0x6D, 0x6F, 0x75, 0x6E, 0x74, 0x61,
    0x69, 0x6E, 0x20, 0x77, 0x69, 0x74, 0x68, 0x20, 0x74, 0x68, 0x65, 0x20, 0x74, 0x72, 0x75, 0x73,
    0x74, 0x79, 0x20, 0x41, 0x6C, 0x74, 0x65, 0x72, 0x61, 0x63, 0x20, 0x42, 0x72, 0x65, 0x77, 0x2D,
    0x50, 0x75, 0x70, 0x20, 0x62, 0x79, 0x20, 0x79, 0x6F, 0x75, 0x72, 0x20, 0x73, 0x69, 0x64, 0x65,
    0x2E, 0x04, 0x00, 0x14, 0xCB, 0x00, 0x00, 0x0A, 0x00, 0x00, 0x00, 0x00, 0x00, 0x00, 0x00, 0x41,
    0x6C, 0x74, 0x65, 0x72, 0x61, 0x63, 0x20, 0x42, 0x72, 0x65, 0x77, 0x2D, 0x50, 0x75, 0x70, 0x33,
    0x00, 0x00, 0x00, 0xA0, 0x86, 0x01, 0x00, 0x00, 0x00, 0x00, 0x00, 0xA0, 0x86, 0x01, 0x00, 0x00,
    0x00, 0x00, 0x00, 0x01, 0x00, 0x00, 0x00, 0x02, 0x00, 0x00, 0x00, 0x2F, 0x00, 0x00, 0x00, 0x00,
    0x00, 0x00, 0x00, 0x00, 0x00, 0x00, 0x00, 0x00, 0x00, 0x00, 0x00, 0x67, 0x01, 0x00, 0x00, 0x00,
    0x00, 0x00, 0x00, 0x05, 0x01, 0x00, 0x00, 0x80, 0xC1, 0x30, 0x00, 0x08, 0xA0, 0x00, 0x00, 0x00,
    0x00, 0x00, 0x00, 0x00, 0x01, 0x00, 0x00, 0x00, 0x00, 0x00, 0x00, 0x00, 0x00, 0x00, 0x00, 0x00,
    0x00, 0x00, 0x00, 0x00, 0x56, 0xC5, 0x08, 0x00, 0x0A, 0x00, 0x00, 0x00, 0x53, 0x6F, 0x75, 0x6C,
    0x20, 0x6F, 0x66, 0x20, 0x74, 0x68, 0x65, 0x20, 0x41, 0x73, 0x70, 0x65, 0x63, 0x74, 0x73, 0x55,
    0x6E, 0x74, 0x61, 0x6D, 0x65, 0x64, 0x20, 0x62, 0x75, 0x74, 0x20, 0x66, 0x72, 0x69, 0x65, 0x6E,
    0x64, 0x6C, 0x79, 0x2C, 0x20, 0x74, 0x68, 0x69, 0x73, 0x20, 0x67, 0x6F, 0x6C, 0x64, 0x65, 0x6E,
    0x20, 0x64, 0x72, 0x61, 0x67, 0x6F, 0x6E, 0x20, 0x77, 0x69, 0x6C, 0x6C, 0x20, 0x66, 0x6C, 0x79,
    0x20, 0x74, 0x68, 0x65, 0x20, 0x73, 0x6B, 0x69, 0x65, 0x73, 0x20, 0x77, 0x69, 0x74, 0x68, 0x20,
    0x79, 0x6F, 0x75, 0x2E, 0x04, 0xC0, 0x53, 0x9C, 0x00, 0x00, 0x0A, 0x00, 0x00, 0x00, 0x00, 0x00,
    0x00, 0x00, 0x53, 0x6F, 0x75, 0x6C, 0x20, 0x6F, 0x66, 0x20, 0x74, 0x68, 0x65, 0x20, 0x41, 0x73,
    0x70, 0x65, 0x63, 0x74, 0x73, 0x34, 0x00, 0x00, 0x00, 0xA0, 0x86, 0x01, 0x00, 0x00, 0x00, 0x00,
    0x00, 0xA0, 0x86, 0x01, 0x00, 0x00, 0x00, 0x00, 0x00, 0x01, 0x00, 0x00, 0x00, 0x02, 0x00, 0x00,
    0x00, 0x2F, 0x00, 0x00, 0x00, 0x00, 0x00, 0x00, 0x00, 0x00, 0x00, 0x00, 0x00, 0x00, 0x00, 0x00,
    0x00, 0x64, 0x01, 0x00, 0x00, 0x00, 0x00, 0x00, 0x00, 0x06, 0x01, 0x00, 0x00, 0x80, 0xC0, 0xD0,
    0x00, 0x08, 0x20, 0x00, 0x00, 0x00, 0x00, 0x00, 0x00, 0x00, 0x01, 0x00, 0x00, 0x00, 0x00, 0x00,
    0x00, 0x00, 0x00, 0x00, 0x00, 0x00, 0x00, 0x00, 0x00, 0x00, 0xBC, 0xE2, 0x03, 0x00, 0x48, 0x00,
    0x00, 0x00, 0x4C, 0x69, 0x6C, 0x27, 0x20, 0x52, 0x61, 0x67, 0x6E, 0x61, 0x72, 0x6F, 0x73, 0x59,
    0x6F, 0x75, 0x72, 0x20, 0x66, 0x6F, 0x65, 0x73, 0x20, 0x77, 0x69, 0x6C, 0x6C, 0x20, 0x62, 0x65,
    0x20, 0x70, 0x75, 0x72, 0x67, 0x65, 0x64, 0x20, 0x62, 0x79, 0x20, 0x66, 0x69, 0x72, 0x65, 0x20,
    0x77, 0x69, 0x74, 0x68, 0x20, 0x4C, 0x69, 0x6C, 0x27, 0x20, 0x52, 0x61, 0x67, 0x6E, 0x61, 0x72,
    0x6F, 0x73, 0x20, 0x6F, 0x6E, 0x20, 0x79, 0x6F, 0x75, 0x72, 0x20, 0x74, 0x65, 0x61, 0x6D, 0x2E,
    0x03, 0x40, 0xA5, 0x92, 0x00, 0x00, 0x8C, 0x01, 0x00, 0x00, 0x00, 0x00, 0x00, 0x00, 0x4C, 0x69,
    0x6C, 0x27, 0x20, 0x52, 0x61, 0x67, 0x6E, 0x61, 0x72, 0x6F, 0x73, 0x36, 0x00, 0x00, 0x00, 0xA0,
    0x86, 0x01, 0x00, 0x00, 0x00, 0x00, 0x00, 0xA0, 0x86, 0x01, 0x00, 0x00, 0x00, 0x00, 0x00, 0x01,
    0x00, 0x00, 0x00, 0x02, 0x00, 0x00, 0x00, 0x2F, 0x00, 0x00, 0x00, 0x00, 0x00, 0x00, 0x00, 0x00,
    0x00, 0x00, 0x00, 0x02, 0x00, 0x00, 0x00, 0x68, 0x01, 0x00, 0x00, 0x00, 0x00, 0x00, 0x00, 0x08,
    0x01, 0x00, 0x00, 0x80, 0xC0, 0xD0, 0x00, 0x07, 0x20, 0x00, 0x00, 0x00, 0x00, 0x00, 0x00, 0x00,
    0x01, 0x00, 0x00, 0x00, 0x00, 0x00, 0x00, 0x00, 0x00, 0x00, 0x00, 0x00, 0x00, 0x00, 0x00, 0x00,
    0xA2, 0x2B, 0x0A, 0x00, 0x0A, 0x00, 0x00, 0x00, 0x43, 0x69, 0x6E, 0x64, 0x65, 0x72, 0x20, 0x4B,
    0x69, 0x74, 0x74, 0x65, 0x6E, 0x54, 0x68, 0x69, 0x73, 0x20, 0x43, 0x69, 0x6E, 0x64, 0x65, 0x72,
    0x20, 0x4B, 0x69, 0x74, 0x74, 0x65, 0x6E, 0x20, 0x77, 0x69, 0x6C, 0x6C, 0x20, 0x63, 0x68, 0x61,
    0x72, 0x20, 0x79, 0x6F, 0x75, 0x72, 0x20, 0x66, 0x61, 0x63, 0x65, 0x20, 0x6F, 0x66, 0x66, 0x20,
    0x77, 0x69, 0x74, 0x68, 0x20, 0x63, 0x75, 0x74, 0x65, 0x6E, 0x65, 0x73, 0x73, 0x2E, 0x03, 0x40,
    0x80, 0xB6, 0x00, 0x00, 0x0A, 0x00, 0x00, 0x00, 0x00, 0x00, 0x00, 0x00, 0x43, 0x69, 0x6E, 0x64,
    0x65, 0x72, 0x20, 0x4B, 0x69, 0x74, 0x74, 0x65, 0x6E, 0x38, 0x00, 0x00, 0x00, 0xA0, 0x86, 0x01,
    0x00, 0x00, 0x00, 0x00, 0x00, 0xA0, 0x86, 0x01, 0x00, 0x00, 0x00, 0x00, 0x00, 0x01, 0x00, 0x00,
    0x00, 0x02, 0x00, 0x00, 0x00, 0x2F, 0x00, 0x00, 0x00, 0x00, 0x00, 0x00, 0x00, 0x00, 0x00, 0x00,
    0x00, 0x00, 0x00, 0x00, 0x00, 0x6D, 0x01, 0x00, 0x00, 0x00, 0x00, 0x00, 0x00, 0x0A, 0x01, 0x00,
    0x00, 0x80, 0xC1, 0x20, 0x00, 0x07, 0xA0, 0x00, 0x00, 0x00, 0x00, 0x00, 0x00, 0x00, 0x01, 0x00,
    0x00, 0x00, 0x00, 0x00, 0x00, 0x00, 0x00, 0x00, 0x00, 0x00, 0x00, 0x00, 0x00, 0x00, 0x69, 0x59,
    0x0D, 0x00, 0x48, 0x00, 0x00, 0x00, 0x42, 0x6C, 0x6F, 0x73, 0x73, 0x6F, 0x6D, 0x69, 0x6E, 0x67,
    0x20, 0x41, 0x6E, 0x63, 0x69, 0x65, 0x6E, 0x74, 0x47, 0x72, 0x6F, 0x77, 0x20, 0x79, 0x6F, 0x75,
    0x72, 0x20, 0x63, 0x6F, 0x6C, 0x6C, 0x65, 0x63, 0x74, 0x69, 0x6F, 0x6E, 0x20, 0x77, 0x69, 0x74,
    0x68, 0x20, 0x74, 0x68, 0x65, 0x20, 0x6C, 0x69, 0x66, 0x65, 0x2D, 0x67, 0x69, 0x76, 0x69, 0x6E,
    0x67, 0x20, 0x42, 0x6C, 0x6F, 0x73, 0x73, 0x6F, 0x6D, 0x69, 0x6E, 0x67, 0x20, 0x41, 0x6E, 0x63,
    0x69, 0x65, 0x6E, 0x74, 0x2E, 0x04, 0x80, 0x25, 0xBF, 0x00, 0x00, 0x48, 0x00, 0x00, 0x00, 0x00,
    0x00, 0x00, 0x00, 0x42, 0x6C, 0x6F, 0x73, 0x73, 0x6F, 0x6D, 0x69, 0x6E, 0x67, 0x20, 0x41, 0x6E,
    0x63, 0x69, 0x65, 0x6E, 0x74, 0x3D, 0x00, 0x00, 0x00, 0x90, 0xD0, 0x03, 0x00, 0x00, 0x00, 0x00,
    0x00, 0x90, 0xD0, 0x03, 0x00, 0x00, 0x00, 0x00, 0x00, 0x01, 0x00, 0x00, 0x00, 0x03, 0x00, 0x00,
    0x00, 0x2F, 0x00, 0x00, 0x00, 0x00, 0x00, 0x00, 0x00, 0x00, 0x00, 0x00, 0x00, 0x02, 0x00, 0x00,
    0x00, 0x66, 0x01, 0x00, 0x00, 0x00, 0x00, 0x00, 0x00, 0x0F, 0x01, 0x00, 0x00, 0x80, 0xC1, 0x40,
    0x00, 0x09, 0x40, 0x00, 0x00, 0x00, 0x00, 0x00, 0x00, 0x00, 0x01, 0x00, 0x00, 0x00, 0x00, 0x00,
    0x00, 0x00, 0x00, 0x00, 0x00, 0x00, 0x00, 0x00, 0x00, 0x00, 0x8A, 0xCA, 0x08, 0x00, 0x53, 0x00,
    0x00, 0x00, 0x48, 0x65, 0x61, 0x72, 0x74, 0x20, 0x6F, 0x66, 0x20, 0x74, 0x68, 0x65, 0x20, 0x41,
    0x73, 0x70, 0x65, 0x63, 0x74, 0x73, 0x47, 0x6C, 0x6F, 0x77, 0x69, 0x6E, 0x67, 0x20, 0x77, 0x69,
    0x74, 0x68, 0x20, 0x69, 0x6E, 0x6E, 0x65, 0x72, 0x20, 0x6C, 0x69, 0x67, 0x68, 0x74, 0x2C, 0x20,
    0x74, 0x68, 0x69, 0x73, 0x20, 0x6C, 0x75, 0x6D, 0x69, 0x6E, 0x6F, 0x75, 0x73, 0x20, 0x66, 0x6C,
    0x79, 0x69, 0x6E, 0x67, 0x20, 0x64, 0x72, 0x61, 0x67, 0x6F, 0x6E, 0x20, 0x64, 0x65, 0x66, 0x69,
    0x65, 0x73, 0x20, 0x74, 0x68, 0x65, 0x20, 0x64, 0x61, 0x72, 0x6B, 0x6E, 0x65, 0x73, 0x73, 0x2E,
    0x05, 0x00, 0x5D, 0x9C, 0x00, 0x00, 0x53, 0x00, 0x00, 0x00, 0x00, 0x00, 0x00, 0x00, 0x48, 0x65,
    0x61, 0x72, 0x74, 0x20, 0x6F, 0x66, 0x20, 0x74, 0x68, 0x65, 0x20, 0x41, 0x73, 0x70, 0x65, 0x63,
    0x74, 0x73, 0x6C, 0x00, 0x00, 0x00, 0xA0, 0x86, 0x01, 0x00, 0x00, 0x00, 0x00, 0x00, 0xA0, 0x86,
    0x01, 0x00, 0x00, 0x00, 0x00, 0x00, 0x01, 0x00, 0x00, 0x00, 0x02, 0x00, 0x00, 0x00, 0x2F, 0x00,
    0x00, 0x00, 0x00, 0x00, 0x00, 0x00, 0x00, 0x00, 0x00, 0x00, 0x00, 0x00, 0x00, 0x00, 0xCD, 0x3A,
    0x00, 0x00, 0x00, 0x00, 0x00, 0x00, 0x1A, 0x01, 0x00, 0x00, 0x80, 0x40, 0x40, 0x00, 0x05, 0xE0,
    0x00, 0x00, 0x00, 0x00, 0x00, 0x00, 0x00, 0x01, 0x00, 0x00, 0x00, 0x00, 0x00, 0x00, 0x00, 0x00,
    0x00, 0x00, 0x00, 0x00, 0x00, 0x00, 0x00, 0x4B, 0x00, 0x00, 0x00, 0x41, 0x72, 0x67, 0x69, 0x41,
    0x20, 0x67, 0x6C, 0x65, 0x65, 0x66, 0x75, 0x6C, 0x20, 0x6C, 0x69, 0x74, 0x74, 0x6C, 0x65, 0x20,
    0x67, 0x6F, 0x61, 0x74, 0x20, 0x74, 0x68, 0x61, 0x74, 0x27, 0x73, 0x20, 0x6F, 0x75, 0x74, 0x20,
    0x6F, 0x66, 0x20, 0x74, 0x68, 0x69, 0x73, 0x20, 0x77, 0x6F, 0x72, 0x6C, 0x64, 0x2E, 0x01, 0x00,
    0xC8, 0xEE, 0x00, 0x00, 0x9C, 0x01, 0x00, 0x00, 0x00, 0x00, 0x00, 0x00, 0x41, 0x72, 0x67, 0x69,
    0x80, 0x00, 0x00, 0x00, 0x40, 0x0D, 0x03, 0x00, 0x00, 0x00, 0x00, 0x00, 0x40, 0x0D, 0x03, 0x00,
    0x00, 0x00, 0x00, 0x00, 0x01, 0x00, 0x00, 0x00, 0x05, 0x00, 0x00, 0x00, 0x9C, 0x02, 0x06, 0x00,
    0x00, 0x00, 0x00, 0x00, 0x00, 0x00, 0x00, 0x00, 0x00, 0x00, 0x00, 0x00, 0x4E, 0x2A, 0x00, 0x00,
    0x00, 0x00, 0x00, 0x00, 0x1C, 0x01, 0x00, 0x00, 0x80, 0xC0, 0x90, 0x24, 0x1A, 0xC0, 0x00, 0x00,
    0x00, 0x00, 0x00, 0x00, 0x00, 0x00, 0x00, 0x00, 0x00, 0x04, 0x00, 0x00, 0x00, 0x00, 0x00, 0x00,
    0x00, 0x00, 0x00, 0x00, 0x00, 0x72, 0x1C, 0x11, 0x00, 0x0A, 0x00, 0x00, 0x00, 0x57, 0x6F, 0x57,
    0x20, 0x54, 0x6F, 0x6B, 0x65, 0x6E, 0x57, 0x6F, 0x57, 0x20, 0x54, 0x6F, 0x6B, 0x65, 0x6E, 0x54,
    0x68, 0x65, 0x20, 0x57, 0x6F, 0x57, 0x20, 0x54, 0x6F, 0x6B, 0x65, 0x6E, 0x20, 0x63, 0x61, 0x6E,
    0x20, 0x62, 0x65, 0x20, 0x73, 0x6F, 0x6C, 0x64, 0x20, 0x6F, 0x6E, 0x20, 0x74, 0x68, 0x65, 0x20,
    0x61, 0x75, 0x63, 0x74, 0x69, 0x6F, 0x6E, 0x20, 0x68, 0x6F, 0x75, 0x73, 0x65, 0x20, 0x66, 0x6F,
    0x72, 0x20, 0x67, 0x6F, 0x6C, 0x64, 0x2E, 0x20, 0x54, 0x68, 0x65, 0x20, 0x61, 0x75, 0x63, 0x74,
    0x69, 0x6F, 0x6E, 0x20, 0x62, 0x75, 0x79, 0x65, 0x72, 0x20, 0x63, 0x61, 0x6E, 0x20, 0x74, 0x68,
    0x65, 0x6E, 0x20, 0x72, 0x65, 0x64, 0x65, 0x65, 0x6D, 0x20, 0x69, 0x74, 0x20, 0x66, 0x6F, 0x72,
    0x20, 0x33, 0x30, 0x20, 0x64, 0x61, 0x79, 0x73, 0x20, 0x6F, 0x66, 0x20, 0x67, 0x61, 0x6D, 0x65,
    0x20, 0x74, 0x69, 0x6D, 0x65, 0x2E, 0x20, 0x54, 0x68, 0x69, 0x73, 0x20, 0x54, 0x6F, 0x6B, 0x65,
    0x6E, 0x20, 0x6D, 0x61, 0x79, 0x20, 0x6E, 0x6F, 0x74, 0x20, 0x62, 0x65, 0x20, 0x74, 0x72, 0x61,
    0x64, 0x65, 0x64, 0x20, 0x6F, 0x72, 0x20, 0x72, 0x65, 0x64, 0x65, 0x65, 0x6D, 0x65, 0x64, 0x3B,
    0x20, 0x69, 0x74, 0x20, 0x6D, 0x61, 0x79, 0x20, 0x6F, 0x6E, 0x6C, 0x79, 0x20, 0x62, 0x65, 0x20,
    0x6C, 0x69, 0x73, 0x74, 0x65, 0x64, 0x20, 0x66, 0x6F, 0x72, 0x20, 0x73, 0x61, 0x6C, 0x65, 0x20,
    0x6F, 0x6E, 0x20, 0x74, 0x68, 0x65, 0x20, 0x41, 0x75, 0x63, 0x74, 0x69, 0x6F, 0x6E, 0x20, 0x48,
    0x6F, 0x75, 0x73, 0x65, 0x2E, 0xA0, 0x00, 0x00, 0x00, 0xA0, 0x86, 0x01, 0x00, 0x00, 0x00, 0x00,
    0x00, 0xA0, 0x86, 0x01, 0x00, 0x00, 0x00, 0x00, 0x00, 0x01, 0x00, 0x00, 0x00, 0x02, 0x00, 0x00,
    0x00, 0x2F, 0x00, 0x00, 0x00, 0x00, 0x00, 0x00, 0x00, 0x00, 0x00, 0x00, 0x00, 0x00, 0x00, 0x00,
    0x00, 0xAE, 0x2D, 0x00, 0x00, 0x00, 0x00, 0x00, 0x00, 0x28, 0x01, 0x00, 0x00, 0x80, 0xC0, 0x90,
    0x00, 0x0D, 0xA0, 0x00, 0x00, 0x00, 0x00, 0x00, 0x00, 0x00, 0x01, 0x00, 0x00, 0x00, 0x00, 0x00,
    0x00, 0x00, 0x00, 0x00, 0x00, 0x00, 0x00, 0x00, 0x00, 0x00, 0x5A, 0x08, 0x11, 0x00, 0x0A, 0x00,
    0x00, 0x00, 0x42, 0x72, 0x69, 0x67, 0x68, 0x74, 0x70, 0x61, 0x77, 0x41, 0x6E, 0x20, 0x61, 0x72,
    0x63, 0x61, 0x6E, 0x65, 0x2D, 0x69, 0x6E, 0x66, 0x75, 0x73, 0x65, 0x64, 0x20, 0x6B, 0x69, 0x74,
    0x74, 0x65, 0x6E, 0x20, 0x74, 0x68, 0x61, 0x74, 0x20, 0x69, 0x73, 0x20, 0x73, 0x6F, 0x20, 0x66,
    0x75, 0x6C, 0x6C, 0x20, 0x6F, 0x66, 0x20, 0x65, 0x6E, 0x65, 0x72, 0x67, 0x79, 0x2C, 0x20, 0x73,
    0x68, 0x65, 0x20, 0x73, 0x6F, 0x6D, 0x65, 0x74, 0x69, 0x6D, 0x65, 0x73, 0x20, 0x6D, 0x61, 0x67,
    0x69, 0x63, 0x61, 0x6C, 0x6C, 0x79, 0x20, 0x7A, 0x69, 0x70, 0x73, 0x20, 0x61, 0x72, 0x6F, 0x75,
    0x6E, 0x64, 0x20, 0x66, 0x6F, 0x72, 0x20, 0x6E, 0x6F, 0x20, 0x72, 0x65, 0x61, 0x73, 0x6F, 0x6E,
    0x20, 0x61, 0x74, 0x20, 0x61, 0x6C, 0x6C, 0x2E, 0x02, 0x40, 0x6D, 0xFC, 0x00, 0x00, 0x0A, 0x00,
    0x00, 0x00, 0x00, 0x00, 0x00, 0x00, 0x42, 0x72, 0x69, 0x67, 0x68, 0x74, 0x70, 0x61, 0x77, 0x88,
    0x00, 0x00, 0x00, 0x90, 0xD0, 0x03, 0x00, 0x00, 0x00, 0x00, 0x00, 0x90, 0xD0, 0x03, 0x00, 0x00,
    0x00, 0x00, 0x00, 0x01, 0x00, 0x00, 0x00, 0x03, 0x00, 0x00, 0x00, 0x2F, 0x00, 0x00, 0x00, 0x00,
    0x00, 0x00, 0x00, 0x00, 0x00, 0x00, 0x00, 0x00, 0x00, 0x00, 0x00, 0xA8, 0x2C, 0x00, 0x00, 0x00,
    0x00, 0x00, 0x00, 0x1D, 0x01, 0x00, 0x00, 0x80, 0xC1, 0x00, 0x00, 0x0D, 0x80, 0x00, 0x00, 0x00,
    0x00, 0x00, 0x00, 0x00, 0x01, 0x00, 0x00, 0x00, 0x00, 0x00, 0x00, 0x00, 0x00, 0x00, 0x00, 0x00,
    0x00, 0x00, 0x00, 0x00, 0x9A, 0xB9, 0x10, 0x00, 0x4E, 0x00, 0x00, 0x00, 0x4D, 0x79, 0x73, 0x74,
    0x69, 0x63, 0x20, 0x52, 0x75, 0x6E, 0x65, 0x73, 0x61, 0x62, 0x65, 0x72, 0x41, 0x6E, 0x20, 0x61,
    0x72, 0x63, 0x61, 0x6E, 0x65, 0x2D, 0x69, 0x6E, 0x66, 0x75, 0x73, 0x65, 0x64, 0x20, 0x66, 0x65,
    0x6C, 0x69, 0x6E, 0x65, 0x20, 0x73, 0x61, 0x64, 0x64, 0x6C, 0x65, 0x64, 0x20, 0x77, 0x69, 0x74,
    0x68, 0x20, 0x6D, 0x61, 0x67, 0x69, 0x63, 0x61, 0x6C, 0x20, 0x72, 0x75, 0x6E, 0x65, 0x73, 0x20,
    0x74, 0x68, 0x61, 0x74, 0x20, 0x66, 0x6F, 0x63, 0x75, 0x73, 0x20, 0x69, 0x74, 0x73, 0x20, 0x65,
    0x6E, 0x65, 0x72, 0x67, 0x69, 0x65, 0x73, 0x20, 0x69, 0x6E, 0x74, 0x6F, 0x20, 0x77, 0x69, 0x6E,
    0x67, 0x73, 0x20, 0x6F, 0x66, 0x20, 0x70, 0x75, 0x72, 0x65, 0x20, 0x61, 0x72, 0x63, 0x61, 0x6E,
    0x65, 0x20, 0x70, 0x6F, 0x77, 0x65, 0x72, 0x2E, 0x04, 0x00, 0xC4, 0xF2, 0x00, 0x00, 0x4E, 0x00,
    0x00, 0x00, 0x00, 0x00, 0x00, 0x00, 0x4D, 0x79, 0x73, 0x74, 0x69, 0x63, 0x20, 0x52, 0x75, 0x6E,
    0x65, 0x73, 0x61, 0x62, 0x65, 0x72, 0x0E, 0x01, 0x00, 0x00, 0xA0, 0x86, 0x01, 0x00, 0x00, 0x00,
    0x00, 0x00, 0xA0, 0x86, 0x01, 0x00, 0x00, 0x00, 0x00, 0x00, 0x01, 0x00, 0x00, 0x00, 0x02, 0x00,
    0x00, 0x00, 0x0F, 0x00, 0x00, 0x00, 0x00, 0x00, 0x00, 0x00, 0x00, 0x00, 0x00, 0x00, 0x00, 0x00,
    0x00, 0x00, 0x98, 0x68, 0x00, 0x00, 0x00, 0x00, 0x00, 0x00, 0xA0, 0x01, 0x00, 0x00, 0x80, 0xC0,
    0x60, 0x00, 0x07, 0xE0, 0x00, 0x00, 0x00, 0x00, 0x00, 0x00, 0x00, 0x01, 0x00, 0x00, 0x00, 0x00,
    0x00, 0x00, 0x00, 0x00, 0x00, 0x00, 0x00, 0x00, 0x00, 0x00, 0x00, 0xD6, 0xEF, 0x18, 0x00, 0x0A,
    0x00, 0x00, 0x00, 0x53, 0x68, 0x61, 0x64, 0x6F, 0x77, 0x54, 0x68, 0x69, 0x73, 0x20, 0x6C, 0x69,
    0x74, 0x74, 0x6C, 0x65, 0x20, 0x66, 0x6F, 0x78, 0x20, 0x69, 0x73, 0x20, 0x73, 0x68, 0x72, 0x6F,
    0x75, 0x64, 0x65, 0x64, 0x20, 0x69, 0x6E, 0x20, 0x73, 0x68, 0x61, 0x64, 0x6F, 0x77, 0x2C, 0x20,
    0x62, 0x75, 0x74, 0x20, 0x68, 0x61, 0x73, 0x20, 0x61, 0x20, 0x68, 0x65, 0x61, 0x72, 0x74, 0x20,
    0x6F, 0x66, 0x20, 0x67, 0x6F, 0x6C, 0x64, 0x2E, 0x01, 0x80, 0xBD, 0x2E, 0x01, 0x00, 0x0A, 0x00,
    0x00, 0x00, 0x00, 0x00, 0x00, 0x00, 0x53, 0x68, 0x61, 0x64, 0x6F, 0x77, 0x35, 0x01, 0x00, 0x00,
    0x90, 0xD0, 0x03, 0x00, 0x00, 0x00, 0x00, 0x00, 0x90, 0xD0, 0x03, 0x00, 0x00, 0x00, 0x00, 0x00,
    0x01, 0x00, 0x00, 0x00, 0x03, 0x00, 0x00, 0x00, 0x0F, 0x00, 0x00, 0x00, 0x00, 0x00, 0x00, 0x00,
    0x00, 0x00, 0x00, 0x00, 0x00, 0x00, 0x00, 0x00, 0xDE, 0x80, 0x00, 0x00, 0x00, 0x00, 0x00, 0x00,
    0xAE, 0x01, 0x00, 0x00, 0x80, 0xC1, 0xC0, 0x00, 0x08, 0xC0, 0x00, 0x00, 0x00, 0x00, 0x00, 0x00,
    0x00, 0x01, 0x00, 0x00, 0x00, 0x00, 0x00, 0x00, 0x00, 0x00, 0x00, 0x00, 0x00, 0x00, 0x00, 0x00,
    0x00, 0xFA, 0x64, 0x1B, 0x00, 0x0B, 0x01, 0x00, 0x00, 0x53, 0x68, 0x75, 0x2D, 0x5A, 0x65, 0x6E,
    0x2C, 0x20, 0x74, 0x68, 0x65, 0x20, 0x44, 0x69, 0x76, 0x69, 0x6E, 0x65, 0x20, 0x53, 0x65, 0x6E,
    0x74, 0x69, 0x6E, 0x65, 0x6C, 0x41, 0x20, 0x68, 0x6F, 0x6C, 0x79, 0x20, 0x67, 0x69, 0x66, 0x74,
    0x20, 0x66, 0x72, 0x6F, 0x6D, 0x20, 0x74, 0x68, 0x65, 0x20, 0x4C, 0x69, 0x67, 0x68, 0x74, 0x2C,
    0x20, 0x53, 0x68, 0x75, 0x2D, 0x7A, 0x65, 0x6E, 0x20, 0x69, 0x73, 0x20, 0x73, 0x65, 0x65, 0x6E,
    0x20, 0x61, 0x73, 0x20, 0x61, 0x20, 0x73, 0x69, 0x67, 0x6E, 0x20, 0x6F, 0x66, 0x20, 0x67, 0x6F,
    0x6F, 0x64, 0x20, 0x66, 0x6F, 0x72, 0x74, 0x75, 0x6E, 0x65, 0x2E, 0x07, 0x00, 0x6C, 0x3F, 0x01,
    0x00, 0x0A, 0x01, 0x00, 0x00, 0x00, 0x00, 0x00, 0x00, 0x53, 0x68, 0x75, 0x2D, 0x5A, 0x65, 0x6E,
    0x2C, 0x20, 0x74, 0x68, 0x65, 0x20, 0x44, 0x69, 0x76, 0x69, 0x6E, 0x65, 0x20, 0x53, 0x65, 0x6E,
    0x74, 0x69, 0x6E, 0x65, 0x6C, 0x45, 0x01, 0x00, 0x00, 0xA0, 0x86, 0x01, 0x00, 0x00, 0x00, 0x00,
    0x00, 0xA0, 0x86, 0x01, 0x00, 0x00, 0x00, 0x00, 0x00, 0x01, 0x00, 0x00, 0x00, 0x02, 0x00, 0x00,
    0x00, 0x0F, 0x00, 0x00, 0x00, 0x00, 0x00, 0x00, 0x00, 0x00, 0x00, 0x00, 0x00, 0x00, 0x00, 0x00,
    0x00, 0xAD, 0x92, 0x00, 0x00, 0x00, 0x00, 0x00, 0x00, 0xB0, 0x01, 0x00, 0x00, 0x80, 0xC0, 0x70,
    0x00, 0x0A, 0xA0, 0x00, 0x00, 0x00, 0x00, 0x00, 0x00, 0x00, 0x01, 0x00, 0x00, 0x00, 0x00, 0x00,
    0x00, 0x00, 0x00, 0x00, 0x00, 0x00, 0x00, 0x00, 0x00, 0x00, 0xEA, 0x7D, 0x1E, 0x00, 0x0A, 0x00,
    0x00, 0x00, 0x57, 0x68, 0x6F, 0x6D, 0x70, 0x65, 0x72, 0x57, 0x68, 0x6F, 0x6D, 0x70, 0x65, 0x72,
    0x20, 0x69, 0x73, 0x20, 0x61, 0x20, 0x70, 0x6C, 0x61, 0x79, 0x66, 0x75, 0x6C, 0x20, 0x62, 0x61,
    0x62, 0x79, 0x20, 0x77, 0x65, 0x6E, 0x64, 0x69, 0x67, 0x6F, 0x20, 0x77, 0x68, 0x6F, 0x20, 0x73,
    0x6F, 0x6D, 0x65, 0x74, 0x69, 0x6D, 0x65, 0x73, 0x20, 0x74, 0x72, 0x69, 0x70, 0x73, 0x20, 0x6F,
    0x76, 0x65, 0x72, 0x20, 0x68, 0x69, 0x73, 0x20, 0x6F, 0x77, 0x6E, 0x20, 0x6F, 0x76, 0x65, 0x72,
    0x6C, 0x79, 0x2D, 0x6C, 0x61, 0x72, 0x67, 0x65, 0x20, 0x66, 0x65, 0x65, 0x74, 0x2E, 0x01, 0xC0,
    0x04, 0x50, 0x01, 0x00, 0x0A, 0x00, 0x00, 0x00, 0x00, 0x00, 0x00, 0x00, 0x57, 0x68, 0x6F, 0x6D,
    0x70, 0x65, 0x72, 0xE7, 0x01, 0x00, 0x00, 0xA0, 0x86, 0x01, 0x00, 0x00, 0x00, 0x00, 0x00, 0xA0,
    0x86, 0x01, 0x00, 0x00, 0x00, 0x00, 0x00, 0x01, 0x00, 0x00, 0x00, 0x00, 0x00, 0x00, 0x00, 0x0F,
    0x00, 0x00, 0x00, 0x00, 0x00, 0x00, 0x00, 0x00, 0x00, 0x00, 0x00, 0x00, 0x00, 0x00, 0x00, 0x42,
    0xB3, 0x00, 0x00, 0x00, 0x00, 0x00, 0x00, 0x26, 0x02, 0x00, 0x00, 0x80, 0xC1, 0x30, 0x00, 0x22,
    0xA0, 0x00, 0x00, 0x04, 0x00, 0x00, 0x00, 0x00, 0x00, 0x00, 0x00, 0x00, 0x00, 0x00, 0x00, 0x00,
    0x00, 0x00, 0x00, 0x00, 0x00, 0x00, 0x00, 0x00, 0xFE, 0x13, 0x2B, 0x00, 0x0A, 0x00, 0x00, 0x00,
    0x54, 0x72, 0x61, 0x6E, 0x73, 0x6D, 0x6F, 0x72, 0x70, 0x68, 0x65, 0x72, 0x20, 0x42, 0x65, 0x61,
    0x63, 0x6F, 0x6E, 0x53, 0x75, 0x6D, 0x6D, 0x6F, 0x6E, 0x20, 0x61, 0x6E, 0x20, 0x45, 0x74, 0x68,
    0x65, 0x72, 0x65, 0x61, 0x6C, 0x20, 0x54, 0x72, 0x61, 0x6E, 0x73, 0x6D, 0x6F, 0x72, 0x70, 0x68,
    0x65, 0x72, 0x20, 0x77, 0x68, 0x6F, 0x20, 0x63, 0x61, 0x6E, 0x20, 0x63, 0x68, 0x61, 0x6E, 0x67,
    0x65, 0x20, 0x79, 0x6F, 0x75, 0x72, 0x20, 0x61, 0x70, 0x70, 0x65, 0x61, 0x72, 0x61, 0x6E, 0x63,
    0x65, 0x20, 0x69, 0x6E, 0x74, 0x6F, 0x20, 0x61, 0x20, 0x72, 0x61, 0x6E, 0x64, 0x6F, 0x6D, 0x20,
    0x70, 0x6F, 0x77, 0x65, 0x72, 0x66, 0x75, 0x6C, 0x20, 0x63, 0x72, 0x65, 0x61, 0x74, 0x75, 0x72,
    0x65, 0x21, 0x0D, 0x0A, 0x0D, 0x0A, 0x46, 0x6F, 0x72, 0x20, 0x61, 0x20, 0x6C, 0x69, 0x6D, 0x69,
    0x74, 0x65, 0x64, 0x20, 0x74, 0x69, 0x6D, 0x65, 0x2C, 0x20, 0x61, 0x20, 0x70, 0x6F, 0x72, 0x74,
    0x69, 0x6F, 0x6E, 0x20, 0x6F, 0x66, 0x20, 0x70, 0x72, 0x6F, 0x63, 0x65, 0x65, 0x64, 0x73, 0x20,
    0x66, 0x72, 0x6F, 0x6D, 0x20, 0x74, 0x68, 0x65, 0x20, 0x73, 0x61, 0x6C, 0x65, 0x20, 0x6F, 0x66,
    0x20, 0x74, 0x68, 0x69, 0x73, 0x20, 0x70, 0x72, 0x6F, 0x64, 0x75, 0x63, 0x74, 0x20, 0x77, 0x69,
    0x6C, 0x6C, 0x20, 0x66, 0x75, 0x6E, 0x64, 0x20, 0x74, 0x68, 0x65, 0x20, 0x57, 0x6F, 0x72, 0x6C,
    0x64, 0x20, 0x6F, 0x66, 0x20, 0x57, 0x61, 0x72, 0x63, 0x72, 0x61, 0x66, 0x74, 0x20, 0x32, 0x30,
    0x31, 0x39, 0x20, 0x65, 0x73, 0x70, 0x6F, 0x72, 0x74, 0x73, 0x20, 0x70, 0x72, 0x69, 0x7A, 0x65,
    0x20, 0x70, 0x6F, 0x6F, 0x6C, 0x2E, 0x20, 0x20, 0x46, 0x6F, 0x72, 0x20, 0x64, 0x65, 0x74, 0x61,
    0x69, 0x6C, 0x73, 0x2C, 0x20, 0x76, 0x69, 0x73, 0x69, 0x74, 0x3A, 0x20, 0x68, 0x74, 0x74, 0x70,
    0x73, 0x3A, 0x2F, 0x2F, 0x77, 0x6F, 0x72, 0x6C, 0x64, 0x6F, 0x66, 0x77, 0x61, 0x72, 0x63, 0x72,
    0x61, 0x66, 0x74, 0x2E, 0x63, 0x6F, 0x6D, 0x2E, 0x82, 0x00, 0x00, 0x00, 0xE2, 0x01, 0x00, 0x00,
    0x90, 0xD0, 0x03, 0x00, 0x00, 0x00, 0x00, 0x00, 0x90, 0xD0, 0x03, 0x00, 0x00, 0x00, 0x00, 0x00,
    0x01, 0x00, 0x00, 0x00, 0x03, 0x00, 0x00, 0x00, 0x0F, 0x00, 0x00, 0x00, 0x00, 0x00, 0x00, 0x00,
    0x00, 0x00, 0x00, 0x00, 0x00, 0x00, 0x00, 0x00, 0x08, 0xB3, 0x00, 0x00, 0x00, 0x00, 0x00, 0x00,
    0x25, 0x02, 0x00, 0x00, 0x80, 0xC1, 0x10, 0x00, 0x0A, 0xE0, 0x00, 0x00, 0x00, 0x00, 0x00, 0x00,
    0x00, 0x01, 0x00, 0x00, 0x00, 0x00, 0x00, 0x00, 0x00, 0x00, 0x00, 0x00, 0x00, 0x00, 0x00, 0x00,
    0x00, 0xE5, 0x0A, 0x26, 0x00, 0xF5, 0x00, 0x00, 0x00, 0x53, 0x79, 0x6C, 0x76, 0x65, 0x72, 0x69,
    0x61, 0x6E, 0x20, 0x44, 0x72, 0x65, 0x61, 0x6D, 0x65, 0x72, 0x41, 0x20, 0x62, 0x65, 0x61, 0x75,
    0x74, 0x69, 0x66, 0x75, 0x6C, 0x20, 0x66, 0x65, 0x61, 0x74, 0x68, 0x65, 0x72, 0x65, 0x64, 0x20,
    0x64, 0x72, 0x61, 0x67, 0x6F, 0x6E, 0x2C, 0x20, 0x62, 0x6F, 0x72, 0x6E, 0x20, 0x6F, 0x66, 0x20,
    0x61, 0x6E, 0x20, 0x61, 0x72, 0x74, 0x69, 0x73, 0x74, 0x27, 0x73, 0x20, 0x64, 0x72, 0x65, 0x61,
    0x6D, 0x20, 0x69, 0x6E, 0x20, 0x74, 0x68, 0x65, 0x20, 0x6D, 0x61, 0x67, 0x69, 0x63, 0x61, 0x6C,
    0x20, 0x63, 0x69, 0x74, 0x79, 0x20, 0x6F, 0x66, 0x20, 0x44, 0x61, 0x6C, 0x61, 0x72, 0x61, 0x6E,
    0x2E, 0x04, 0x40, 0x1C, 0x61, 0x01, 0x00, 0x07, 0x01, 0x00, 0x00, 0x00, 0x00, 0x00, 0x00, 0x53,
    0x79, 0x6C, 0x76, 0x65, 0x72, 0x69, 0x61, 0x6E, 0x20, 0x44, 0x72, 0x65, 0x61, 0x6D, 0x65, 0x72,
    0xE0, 0x01, 0x00, 0x00, 0x90, 0xD0, 0x03, 0x00, 0x00, 0x00, 0x00, 0x00, 0x90, 0xD0, 0x03, 0x00,
    0x00, 0x00, 0x00, 0x00, 0x01, 0x00, 0x00, 0x00, 0x03, 0x00, 0x00, 0x00, 0x0F, 0x00, 0x00, 0x00,
    0x00, 0x00, 0x00, 0x00, 0x00, 0x00, 0x00, 0x00, 0x00, 0x00, 0x00, 0x00, 0xCA, 0xBC, 0x00, 0x00,
    0x00, 0x00, 0x00, 0x00, 0x23, 0x02, 0x00, 0x00, 0x80, 0xC1, 0xD0, 0x00, 0x16, 0x00, 0x00, 0x00,
    0x00, 0x00, 0x00, 0x00, 0x00, 0x01, 0x00, 0x00, 0x00, 0x00, 0x00, 0x00, 0x00, 0x00, 0x00, 0x00,
    0x00, 0x00, 0x00, 0x00, 0x00, 0xD1, 0x87, 0x25, 0x00, 0xF6, 0x00, 0x00, 0x00, 0x48, 0x6F, 0x67,
    0x72, 0x75, 0x73, 0x2C, 0x20, 0x53, 0x77, 0x69, 0x6E, 0x65, 0x20, 0x6F, 0x66, 0x20, 0x47, 0x6F,
    0x6F, 0x64, 0x20, 0x46, 0x6F, 0x72, 0x74, 0x75, 0x6E, 0x65, 0x50, 0x61, 0x6E, 0x64, 0x61, 0x72,
    0x65, 0x6E, 0x20, 0x61, 0x63, 0x72, 0x6F, 0x73, 0x73, 0x20, 0x41, 0x7A, 0x65, 0x72, 0x6F, 0x74,
    0x68, 0x20, 0x63, 0x6F, 0x6E, 0x73, 0x69, 0x64, 0x65, 0x72, 0x20, 0x48, 0x6F, 0x67, 0x72, 0x75,
    0x73, 0x20, 0x74, 0x6F, 0x20, 0x62, 0x65, 0x20, 0x61, 0x20, 0x73, 0x69, 0x67, 0x6E, 0x20, 0x6F,
    0x66, 0x20, 0x70, 0x72, 0x6F, 0x73, 0x70, 0x65, 0x72, 0x69, 0x74, 0x79, 0x2E, 0x20, 0x59, 0x6F,
    0x75, 0x20, 0x77, 0x6F, 0x75, 0x6C, 0x64, 0x20, 0x62, 0x65, 0x20, 0x77, 0x69, 0x73, 0x65, 0x20,
    0x74, 0x6F, 0x20, 0x73, 0x65, 0x65, 0x6B, 0x20, 0x68, 0x69, 0x73, 0x20, 0x62, 0x6C, 0x65, 0x73,
    0x73, 0x69, 0x6E, 0x67, 0x20, 0x61, 0x73, 0x20, 0x79, 0x6F, 0x75, 0x20, 0x70, 0x75, 0x72, 0x73,
    0x75, 0x65, 0x20, 0x79, 0x6F, 0x75, 0x72, 0x20, 0x6F, 0x77, 0x6E, 0x20, 0x66, 0x6F, 0x72, 0x74,
    0x75, 0x6E, 0x65, 0x2C, 0x20, 0x77, 0x68, 0x65, 0x72, 0x65, 0x76, 0x65, 0x72, 0x20, 0x74, 0x68,
    0x65, 0x20, 0x66, 0x6F, 0x75, 0x72, 0x20, 0x77, 0x69, 0x6E, 0x64, 0x73, 0x20, 0x6D, 0x61, 0x79,
    0x20, 0x74, 0x61, 0x6B, 0x65, 0x20, 0x79, 0x6F, 0x75, 0x2E, 0x07, 0x40, 0x1E, 0x61, 0x01, 0x00,
    0x50, 0x00, 0x00, 0x00, 0x00, 0x00, 0x00, 0x00, 0x48, 0x6F, 0x67, 0x72, 0x75, 0x73, 0x2C, 0x20,
    0x53, 0x77, 0x69, 0x6E, 0x65, 0x20, 0x6F, 0x66, 0x20, 0x47, 0x6F, 0x6F, 0x64, 0x20, 0x46, 0x6F,
    0x72, 0x74, 0x75, 0x6E, 0x65, 0xE1, 0x01, 0x00, 0x00, 0x90, 0xD0, 0x03, 0x00, 0x00, 0x00, 0x00,
    0x00, 0x90, 0xD0, 0x03, 0x00, 0x00, 0x00, 0x00, 0x00, 0x01, 0x00, 0x00, 0x00, 0x03, 0x00, 0x00,
    0x00, 0x0F, 0x00, 0x00, 0x00, 0x00, 0x00, 0x00, 0x00, 0x00, 0x00, 0x00, 0x00, 0x00, 0x00, 0x00,
    0x00, 0x09, 0xB3, 0x00, 0x00, 0x00, 0x00, 0x00, 0x00, 0x24, 0x02, 0x00, 0x00, 0x80, 0xC1, 0x00,
    0x00, 0x0A, 0x00, 0x00, 0x00, 0x00, 0x00, 0x00, 0x00, 0x00, 0x01, 0x00, 0x00, 0x00, 0x00, 0x00,
    0x00, 0x00, 0x00, 0x00, 0x00, 0x00, 0x00, 0x00, 0x00, 0x00, 0xDB, 0x15, 0x26, 0x00, 0x4E, 0x00,
    0x00, 0x00, 0x56, 0x75, 0x6C, 0x70, 0x69, 0x6E, 0x65, 0x20, 0x46, 0x61, 0x6D, 0x69, 0x6C, 0x69,
    0x61, 0x72, 0x41, 0x20, 0x66, 0x69, 0x65, 0x72, 0x63, 0x65, 0x6C, 0x79, 0x20, 0x69, 0x6E, 0x74,
    0x65, 0x6C, 0x6C, 0x69, 0x67, 0x65, 0x6E, 0x74, 0x20, 0x66, 0x6F, 0x78, 0x2D, 0x6C, 0x69, 0x6B,
    0x65, 0x20, 0x63, 0x72, 0x65, 0x61, 0x74, 0x75, 0x72, 0x65, 0x20, 0x74, 0x68, 0x61, 0x74, 0x20,
    0x73, 0x65, 0x65, 0x6B, 0x73, 0x20, 0x61, 0x64, 0x76, 0x65, 0x6E, 0x74, 0x75, 0x72, 0x65, 0x20,
    0x61, 0x6E, 0x64, 0x20, 0x63, 0x6F, 0x6D, 0x70, 0x61, 0x6E, 0x69, 0x6F, 0x6E, 0x73, 0x68, 0x69,
    0x70, 0x2E, 0x04, 0x00, 0x1D, 0x61, 0x01, 0x00, 0xF7, 0x00, 0x00, 0x00, 0x00, 0x00, 0x00, 0x00,
    0x56, 0x75, 0x6C, 0x70, 0x69, 0x6E, 0x65, 0x20, 0x46, 0x61, 0x6D, 0x69, 0x6C, 0x69, 0x61, 0x72,
    0x8B, 0x02, 0x00, 0x00, 0x90, 0xD0, 0x03, 0x00, 0x00, 0x00, 0x00, 0x00, 0x90, 0xD0, 0x03, 0x00,
    0x00, 0x00, 0x00, 0x00, 0x01, 0x00, 0x00, 0x00, 0x03, 0x00, 0x00, 0x00, 0x0F, 0x00, 0x00, 0x00,
    0x00, 0x00, 0x00, 0x00, 0x00, 0x00, 0x00, 0x00, 0x00, 0x00, 0x00, 0x00, 0xCB, 0x16, 0x01, 0x00,
    0x00, 0x00, 0x00, 0x00, 0x40, 0x02, 0x00, 0x00, 0x80, 0xC0, 0x90, 0x00, 0x07, 0xA0, 0xE2, 0x00,
    0x00, 0x00, 0x00, 0x00, 0x00, 0x01, 0x00, 0x00, 0x00, 0x00, 0x00, 0x00, 0x00, 0x00, 0x00, 0x00,
    0x00, 0x00, 0x00, 0x00, 0x00, 0x03, 0x08, 0x2E, 0x00, 0x40, 0x01, 0x00, 0x00, 0x53, 0x71, 0x75,
    0x65, 0x61, 0x6B, 0x65, 0x72, 0x73, 0x53, 0x6F, 0x61, 0x72, 0x69, 0x6E, 0x67, 0x20, 0x69, 0x6E,
    0x20, 0x6F, 0x6E, 0x20, 0x77, 0x69, 0x6E, 0x67, 0x73, 0x20, 0x6F, 0x66, 0x20, 0x6A, 0x61, 0x64,
    0x65, 0x2C, 0x20, 0x69, 0x74, 0x27, 0x73, 0x20, 0x41, 0x7A, 0x65, 0x72, 0x6F, 0x74, 0x68, 0x27,
    0x73, 0x20, 0x66, 0x69, 0x72, 0x73, 0x74, 0x20, 0x66, 0x6C, 0x79, 0x69, 0x6E, 0x67, 0x20, 0x72,
    0x61, 0x74, 0x21, 0x49, 0x74, 0x27, 0x73, 0x20, 0x6E, 0x6F, 0x74, 0x20, 0x71, 0x75, 0x69, 0x74,
    0x65, 0x20, 0x63, 0x65, 0x72, 0x74, 0x61, 0x69, 0x6E, 0x20, 0x77, 0x68, 0x65, 0x72, 0x65, 0x20,
    0x53, 0x71, 0x75, 0x65, 0x61, 0x6B, 0x65, 0x72, 0x73, 0x20, 0x66, 0x6F, 0x75, 0x6E, 0x64, 0x20,
    0x68, 0x69, 0x73, 0x20, 0x69, 0x6E, 0x63, 0x72, 0x65, 0x64, 0x69, 0x62, 0x6C, 0x65, 0x20, 0x77,
    0x69, 0x6E, 0x67, 0x73, 0x20, 0x6F, 0x66, 0x20, 0x6A, 0x61, 0x64, 0x65, 0x2E, 0x20, 0x50, 0x65,
    0x72, 0x68, 0x61, 0x70, 0x73, 0x20, 0x68, 0x65, 0x20, 0x6F, 0x75, 0x74, 0x77, 0x69, 0x74, 0x74,
    0x65, 0x64, 0x20, 0x74, 0x68, 0x65, 0x20, 0x4A, 0x61, 0x64, 0x65, 0x20, 0x53, 0x65, 0x72, 0x70,
    0x65, 0x6E, 0x74, 0x20, 0x68, 0x65, 0x72, 0x73, 0x65, 0x6C, 0x66, 0x2E, 0x20, 0x4E, 0x6F, 0x77,
    0x20, 0x74, 0x68, 0x65, 0x20, 0x77, 0x6F, 0x72, 0x6C, 0x64, 0x27, 0x73, 0x20, 0x66, 0x69, 0x72,
    0x73, 0x74, 0x20, 0x66, 0x6C, 0x79, 0x69, 0x6E, 0x67, 0x20, 0x72, 0x61, 0x74, 0x20, 0x69, 0x73,
    0x20, 0x72, 0x65, 0x61, 0x64, 0x79, 0x20, 0x74, 0x6F, 0x20, 0x73, 0x65, 0x74, 0x20, 0x6F, 0x75,
    0x74, 0x20, 0x62, 0x65, 0x79, 0x6F, 0x6E, 0x64, 0x20, 0x50, 0x61, 0x6E, 0x64, 0x61, 0x72, 0x69,
    0x61, 0x20, 0x61, 0x6E, 0x64, 0x20, 0x73, 0x70, 0x72, 0x65, 0x61, 0x64, 0x20, 0x6D, 0x69, 0x73,
    0x63, 0x68, 0x69, 0x65, 0x66, 0x20, 0x61, 0x63, 0x72, 0x6F, 0x73, 0x73, 0x20, 0x41, 0x7A, 0x65,
    0x72, 0x6F, 0x74, 0x68, 0x2E, 0x02, 0x40, 0xA7, 0x6C, 0x01, 0x00, 0x40, 0x01, 0x00, 0x00, 0x00,
    0x00, 0x00, 0x00, 0x53, 0x71, 0x75, 0x65, 0x61, 0x6B, 0x65, 0x72, 0x73, 0x91, 0x02, 0x00, 0x00,
    0xA0, 0x86, 0x01, 0x00, 0x00, 0x00, 0x00, 0x00, 0xA0, 0x86, 0x01, 0x00, 0x00, 0x00, 0x00, 0x00,
    0x01, 0x00, 0x00, 0x00, 0x0E, 0x00, 0x00, 0x00, 0x0F, 0x00, 0x00, 0x00, 0x00, 0x00, 0x00, 0x00,
    0x00, 0x00, 0x00, 0x00, 0x00, 0x00, 0x00, 0x00, 0x3A, 0xF7, 0x00, 0x00, 0x00, 0x00, 0x00, 0x00,
    0x52, 0x02, 0x00, 0x00, 0x80, 0xC0, 0x50, 0x00, 0x0A, 0xE0, 0x00, 0x00, 0x00, 0x00, 0x00, 0x00,
    0x00, 0x01, 0x00, 0x00, 0x00, 0x00, 0x00, 0x00, 0x00, 0x00, 0x00, 0x00, 0x00, 0x00, 0x00, 0x00,
    0x00, 0x6E, 0x14, 0x30, 0x00, 0x49, 0x01, 0x00, 0x00, 0x44, 0x61, 0x69, 0x73, 0x79, 0x44, 0x61,
    0x69, 0x73, 0x79, 0x20, 0x6D, 0x6F, 0x76, 0x65, 0x73, 0x20, 0x61, 0x74, 0x20, 0x61, 0x20, 0x76,
    0x65, 0x72, 0x79, 0x20, 0x6C, 0x65, 0x69, 0x73, 0x75, 0x72, 0x65, 0x6C, 0x79, 0x20, 0x70, 0x61,
    0x63, 0x65, 0x2C, 0x20, 0x61, 0x6E, 0x64, 0x20, 0x77, 0x69, 0x6C, 0x6C, 0x20, 0x68, 0x61, 0x70,
    0x70, 0x69, 0x6C, 0x79, 0x20, 0x61, 0x63, 0x63, 0x65, 0x70, 0x74, 0x20, 0x61, 0x20, 0x72, 0x69,
    0x64, 0x65, 0x20, 0x6F, 0x6E, 0x20, 0x79, 0x6F, 0x75, 0x72, 0x20, 0x73, 0x68, 0x6F, 0x75, 0x6C,
    0x64, 0x65, 0x72, 0x73, 0x2E, 0x01, 0x40, 0xFD, 0x6C, 0x01, 0x00, 0x48, 0x01, 0x00, 0x00, 0x00,
    0x00, 0x00, 0x00, 0x44, 0x61, 0x69, 0x73, 0x79, 0x8F, 0x02, 0x00, 0x00, 0x90, 0xD0, 0x03, 0x00,
    0x00, 0x00, 0x00, 0x00, 0x90, 0xD0, 0x03, 0x00, 0x00, 0x00, 0x00, 0x00, 0x01, 0x00, 0x00, 0x00,
    0x03, 0x00, 0x00, 0x00, 0x0F, 0x00, 0x00, 0x00, 0x00, 0x00, 0x00, 0x00, 0x00, 0x00, 0x00, 0x00,
    0x00, 0x00, 0x00, 0x00, 0x64, 0x1A, 0x01, 0x00, 0x00, 0x00, 0x00, 0x00, 0x55, 0x02, 0x00, 0x00,
    0x80, 0xC1, 0x60, 0x00, 0x11, 0xC0, 0x00, 0x00, 0x00, 0x00, 0x00, 0x00, 0x00, 0x01, 0x00, 0x00,
    0x00, 0x00, 0x00, 0x00, 0x00, 0x00, 0x00, 0x00, 0x00, 0x00, 0x00, 0x00, 0x00, 0xEE, 0x61, 0x2B,
    0x00, 0x5C, 0x01, 0x00, 0x00, 0x53, 0x74, 0x65, 0x61, 0x6D, 0x73, 0x63, 0x61, 0x6C, 0x65, 0x20,
    0x49, 0x6E, 0x63, 0x69, 0x6E, 0x65, 0x72, 0x61, 0x74, 0x6F, 0x72, 0x54, 0x68, 0x65, 0x20, 0x66,
    0x65, 0x61, 0x72, 0x73, 0x6F, 0x6D, 0x65, 0x20, 0x53, 0x74, 0x65, 0x61, 0x6D, 0x73, 0x63, 0x61,
    0x6C, 0x65, 0x20, 0x49, 0x6E, 0x63, 0x69, 0x6E, 0x65, 0x72, 0x61, 0x74, 0x6F, 0x72, 0x20, 0x69,
    0x73, 0x20, 0x61, 0x20, 0x73, 0x70, 0x61, 0x72, 0x6B, 0x2D, 0x62, 0x72, 0x65, 0x61, 0x74, 0x68,
    0x69, 0x6E, 0x67, 0x20, 0x72, 0x6F, 0x62, 0x6F, 0x2D, 0x74, 0x65, 0x72, 0x72, 0x6F, 0x72, 0x2E,
    0x20, 0x48, 0x6F, 0x70, 0x20, 0x6F, 0x6E, 0x20, 0x69, 0x74, 0x73, 0x20, 0x69, 0x72, 0x6F, 0x6E,
    0x2D, 0x63, 0x6C, 0x61, 0x64, 0x20, 0x73, 0x63, 0x61, 0x6C, 0x65, 0x73, 0x20, 0x61, 0x6E, 0x64,
    0x20, 0x79, 0x6F, 0x75, 0x27, 0x72, 0x65, 0x20, 0x6F, 0x66, 0x66, 0x20, 0x74, 0x6F, 0x20, 0x61,
    0x20, 0x73, 0x74, 0x65, 0x61, 0x6D, 0x2D, 0x70, 0x6F, 0x77, 0x65, 0x72, 0x65, 0x64, 0x20, 0x61,
    0x64, 0x76, 0x65, 0x6E, 0x74, 0x75, 0x72, 0x65, 0x2E, 0x05, 0x80, 0x2A, 0x79, 0x01, 0x00, 0x5D,
    0x01, 0x00, 0x00, 0x00, 0x00, 0x00, 0x00, 0x53, 0x74, 0x65, 0x61, 0x6D, 0x73, 0x63, 0x61, 0x6C,
    0x65, 0x20, 0x49, 0x6E, 0x63, 0x69, 0x6E, 0x65, 0x72, 0x61, 0x74, 0x6F, 0x72, 0xB5, 0x02, 0x00,
    0x00, 0x90, 0xD0, 0x03, 0x00, 0x00, 0x00, 0x00, 0x00, 0x90, 0xD0, 0x03, 0x00, 0x00, 0x00, 0x00,
    0x00, 0x01, 0x00, 0x00, 0x00, 0x0E, 0x00, 0x00, 0x00, 0x0F, 0x00, 0x00, 0x00, 0x00, 0x00, 0x00,
    0x00, 0x00, 0x00, 0x00, 0x00, 0x00, 0x00, 0x00, 0x00, 0x51, 0xD4, 0x03, 0x00, 0x00, 0x00, 0x00,
    0x00, 0x68, 0x02, 0x00, 0x00, 0x00, 0xB8, 0x02, 0x00, 0x00, 0xA0, 0x86, 0x01, 0x00, 0x00, 0x00,
    0x00, 0x00, 0xA0, 0x86, 0x01, 0x00, 0x00, 0x00, 0x00, 0x00, 0x01, 0x00, 0x00, 0x00, 0x0E, 0x00,
    0x00, 0x00, 0x0F, 0x00, 0x00, 0x00, 0x00, 0x00, 0x00, 0x00, 0x00, 0x00, 0x00, 0x00, 0x00, 0x00,
    0x00, 0x00, 0xDD, 0xD4, 0x03, 0x00, 0x00, 0x00, 0x00, 0x00, 0xC7, 0x02, 0x00, 0x00, 0x00, 0xBA,
    0x02, 0x00, 0x00, 0x90, 0xD0, 0x03, 0x00, 0x00, 0x00, 0x00, 0x00, 0x90, 0xD0, 0x03, 0x00, 0x00,
    0x00, 0x00, 0x00, 0x01, 0x00, 0x00, 0x00, 0x0E, 0x00, 0x00, 0x00, 0x0F, 0x00, 0x00, 0x00, 0x00,
    0x00, 0x00, 0x00, 0x00, 0x00, 0x00, 0x00, 0x00, 0x00, 0x00, 0x00, 0x46, 0x09, 0x04, 0x00, 0x00,
    0x00, 0x00, 0x00, 0xC8, 0x02, 0x00, 0x00, 0x00, 0xBB, 0x02, 0x00, 0x00, 0x40, 0x0D, 0x03, 0x00,
    0x00, 0x00, 0x00, 0x00, 0x40, 0x0D, 0x03, 0x00, 0x00, 0x00, 0x00, 0x00, 0x01, 0x00, 0x00, 0x00,
    0x0E, 0x00, 0x00, 0x00, 0x0F, 0x00, 0x00, 0x00, 0x00, 0x00, 0x00, 0x00, 0x00, 0x00, 0x00, 0x00,
    0x00, 0x00, 0x00, 0x00, 0x65, 0xD4, 0x03, 0x00, 0x00, 0x00, 0x00, 0x00, 0x69, 0x02, 0x00, 0x00,
    0x00, 0x93, 0x02, 0x00, 0x00, 0x40, 0x0D, 0x03, 0x00, 0x00, 0x00, 0x00, 0x00, 0x40, 0x0D, 0x03,
    0x00, 0x00, 0x00, 0x00, 0x00, 0x01, 0x00, 0x00, 0x00, 0x0E, 0x00, 0x00, 0x00, 0x0F, 0x00, 0x00,
    0x00, 0x00, 0x00, 0x00, 0x00, 0x00, 0x00, 0x00, 0x00, 0x00, 0x00, 0x00, 0x00, 0x72, 0xFB, 0x00,
    0x00, 0x00, 0x00, 0x00, 0x00, 0x45, 0x02, 0x00, 0x00, 0x00, 0x98, 0x02, 0x00, 0x00, 0xA0, 0x86,
    0x01, 0x00, 0x00, 0x00, 0x00, 0x00, 0xA0, 0x86, 0x01, 0x00, 0x00, 0x00, 0x00, 0x00, 0x01, 0x00,
    0x00, 0x00, 0x0E, 0x00, 0x00, 0x00, 0x0F, 0x00, 0x00, 0x00, 0x00, 0x00, 0x00, 0x00, 0x00, 0x00,
    0x00, 0x00, 0x02, 0x00, 0x00, 0x00, 0xE6, 0x21, 0x01, 0x00, 0x00, 0x00, 0x00, 0x00, 0x5E, 0x01,
    0x00, 0x00, 0x00, 0x99, 0x02, 0x00, 0x00, 0x90, 0xD0, 0x03, 0x00, 0x00, 0x00, 0x00, 0x00, 0x90,
    0xD0, 0x03, 0x00, 0x00, 0x00, 0x00, 0x00, 0x01, 0x00, 0x00, 0x00, 0x0E, 0x00, 0x00, 0x00, 0x0F,
    0x00, 0x00, 0x00, 0x00, 0x00, 0x00, 0x00, 0x00, 0x00, 0x00, 0x00, 0x02, 0x00, 0x00, 0x00, 0xE5,
    0x21, 0x01, 0x00, 0x00, 0x00, 0x00, 0x00, 0x5F, 0x01, 0x00, 0x00, 0x00, 0xA2, 0x02, 0x00, 0x00,
    0x90, 0xD0, 0x03, 0x00, 0x00, 0x00, 0x00, 0x00, 0x90, 0xD0, 0x03, 0x00, 0x00, 0x00, 0x00, 0x00,
    0x01, 0x00, 0x00, 0x00, 0x0E, 0x00, 0x00, 0x00, 0x0F, 0x00, 0x00, 0x00, 0x00, 0x00, 0x00, 0x00,
    0x00, 0x00, 0x00, 0x00, 0x00, 0x00, 0x00, 0x00, 0xEC, 0x75, 0x02, 0x00, 0x00, 0x00, 0x00, 0x00,
    0x41, 0x02, 0x00, 0x00, 0x80, 0x40, 0x90, 0x00, 0x00, 0x00, 0x6B, 0x00, 0x00, 0x00, 0x00, 0x00,
    0x00, 0x01, 0x00, 0x00, 0x00, 0x00, 0x00, 0x00, 0x00, 0x00, 0x00, 0x00, 0x00, 0x00, 0x00, 0x00,
    0x00, 0x73, 0x01, 0x00, 0x00, 0x4C, 0x75, 0x63, 0x6B, 0x79, 0x20, 0x59, 0x75, 0x6E, 0x54, 0x68,
    0x65, 0x20, 0x50, 0x61, 0x6E, 0x64, 0x61, 0x72, 0x65, 0x6E, 0x20, 0x65, 0x6C, 0x64, 0x65, 0x72,
    0x73, 0x20, 0x63, 0x6C, 0x61, 0x69, 0x6D, 0x20, 0x74, 0x68, 0x61, 0x74, 0x20, 0x4C, 0x75, 0x63,
    0x6B, 0x79, 0x20, 0x59, 0x75, 0x6E, 0x20, 0x77, 0x69, 0x6C, 0x6C, 0x20, 0x62, 0x65, 0x73, 0x74,
    0x6F, 0x77, 0x20, 0x67, 0x6F, 0x6F, 0x64, 0x20, 0x66, 0x6F, 0x72, 0x74, 0x75, 0x6E, 0x65, 0x20,
    0x75, 0x70, 0x6F, 0x6E, 0x20, 0x74, 0x68, 0x6F, 0x73, 0x65, 0x20, 0x77, 0x68, 0x6F, 0x20, 0x74,
    0x6F, 0x75, 0x63, 0x68, 0x20, 0x69, 0x74, 0x73, 0x20, 0x67, 0x6C, 0x69, 0x74, 0x74, 0x65, 0x72,
    0x69, 0x6E, 0x67, 0x20, 0x68, 0x69, 0x64, 0x65, 0x2E, 0x02, 0x40, 0xA8, 0x6C, 0x01, 0x00, 0x4D,
    0x00, 0x00, 0x00, 0x00, 0x00, 0x00, 0x00, 0x4C, 0x75, 0x63, 0x6B, 0x79, 0x20, 0x59, 0x75, 0x6E,
    0xC0, 0x02, 0x00, 0x00, 0xA0, 0x86, 0x01, 0x00, 0x00, 0x00, 0x00, 0x00, 0xA0, 0x86, 0x01, 0x00,
    0x00, 0x00, 0x00, 0x00, 0x01, 0x00, 0x00, 0x00, 0x0E, 0x00, 0x00, 0x00, 0x0F, 0x00, 0x00, 0x00,
    0x00, 0x00, 0x00, 0x00, 0x00, 0x00, 0x00, 0x00, 0x00, 0x00, 0x00, 0x00, 0x45, 0x99, 0x04, 0x00,
    0x00, 0x00, 0x00, 0x00, 0x6C, 0x02, 0x00, 0x00, 0x00, 0xBD, 0x02, 0x00, 0x00, 0xF0, 0x49, 0x02,
    0x00, 0x00, 0x00, 0x00, 0x00, 0xF0, 0x49, 0x02, 0x00, 0x00, 0x00, 0x00, 0x00, 0x01, 0x00, 0x00,
    0x00, 0x0E, 0x00, 0x00, 0x00, 0x0F, 0x00, 0x00, 0x00, 0x00, 0x00, 0x00, 0x00, 0x00, 0x00, 0x00,
    0x00, 0x00, 0x00, 0x00, 0x00, 0x47, 0x99, 0x04, 0x00, 0x00, 0x00, 0x00, 0x00, 0x75, 0x02, 0x00,
    0x00, 0x80, 0xC1, 0x80, 0x00, 0x00, 0x00, 0xEF, 0x00, 0x01, 0x00, 0x00, 0x00, 0x00, 0x01, 0x00,
    0x00, 0x00, 0x09, 0x00, 0x00, 0x00, 0x00, 0x00, 0x00, 0x00, 0x00, 0x00, 0x00, 0x00, 0xD2, 0xDB,
    0x3B, 0x00, 0x02, 0x01, 0x00, 0x00, 0x42, 0x61, 0x62, 0x79, 0x20, 0x4D, 0x75, 0x72, 0x6C, 0x6F,
    0x63, 0x20, 0x53, 0x61, 0x74, 0x63, 0x68, 0x2D, 0x53, 0x68, 0x65, 0x6C, 0x6C, 0x73, 0x42, 0x65,
    0x66, 0x6F, 0x72, 0x65, 0x20, 0x6D, 0x75, 0x72, 0x6C, 0x6F, 0x63, 0x20, 0x74, 0x61, 0x64, 0x70,
    0x6F, 0x6C, 0x65, 0x73, 0x20, 0x61, 0x72, 0x65, 0x20, 0x72, 0x65, 0x61, 0x64, 0x79, 0x20, 0x74,
    0x6F, 0x20, 0x63, 0x6F, 0x6D, 0x65, 0x20, 0x6F, 0x75, 0x74, 0x20, 0x6F, 0x66, 0x20, 0x74, 0x68,
    0x65, 0x69, 0x72, 0x20, 0x73, 0x68, 0x65, 0x6C, 0x6C, 0x73, 0x2C, 0x20, 0x74, 0x68, 0x65, 0x79,
    0x27, 0x6C, 0x6C, 0x20, 0x6A, 0x6F, 0x69, 0x6E, 0x20, 0x79, 0x6F, 0x75, 0x20, 0x74, 0x6F, 0x20,
    0x6C, 0x65, 0x61, 0x72, 0x6E, 0x20, 0x61, 0x62, 0x6F, 0x75, 0x74, 0x20, 0x74, 0x68, 0x65, 0x20,
    0x77, 0x6F, 0x72, 0x6C, 0x64, 0x20, 0x66, 0x72, 0x6F, 0x6D, 0x20, 0x61, 0x74, 0x6F, 0x70, 0x20,
    0x79, 0x6F, 0x75, 0x72, 0x20, 0x73, 0x68, 0x6F, 0x75, 0x6C, 0x64, 0x65, 0x72, 0x73, 0x2E, 0x20,
    0x54, 0x68, 0x69, 0x73, 0x20, 0x62, 0x61, 0x63, 0x6B, 0x2D, 0x73, 0x6C, 0x6F, 0x74, 0x20, 0x74,
    0x72, 0x61, 0x6E, 0x73, 0x6D, 0x6F, 0x67, 0x20, 0x69, 0x74, 0x65, 0x6D, 0x20, 0x63, 0x6F, 0x6D,
    0x65, 0x73, 0x20, 0x69, 0x6E, 0x20, 0x33, 0x20, 0x63, 0x6F, 0x6C, 0x6F, 0x72, 0x20, 0x76, 0x61,
    0x72, 0x69, 0x61, 0x6E, 0x74, 0x73, 0x2C, 0x20, 0x65, 0x61, 0x63, 0x68, 0x20, 0x62, 0x65, 0x6C,
    0x6F, 0x6E, 0x67, 0x69, 0x6E, 0x67, 0x20, 0x74, 0x6F, 0x20, 0x61, 0x20, 0x64, 0x69, 0x66, 0x66,
    0x65, 0x72, 0x65, 0x6E, 0x74, 0x20, 0x62, 0x61, 0x62, 0x79, 0x20, 0x6D, 0x75, 0x72, 0x6C, 0x6F,
    0x63, 0x20, 0x69, 0x6E, 0x68, 0x61, 0x62, 0x69, 0x74, 0x61, 0x6E, 0x74, 0x2E, 0xCD, 0x33, 0x00,
    0x00, 0x06, 0x00, 0x00, 0x00, 0x00, 0x00, 0xA8, 0x01, 0x00, 0x00, 0xF3, 0x08, 0x00, 0x00, 0x42,
    0x61, 0x62, 0x79, 0x20, 0x4D, 0x75, 0x72, 0x6C, 0x6F, 0x63, 0x20, 0x53, 0x61, 0x74, 0x63, 0x68,
    0x2D, 0x53, 0x68, 0x65, 0x6C, 0x6C, 0x73, 0xCD, 0x02, 0x00, 0x00, 0x90, 0xD0, 0x03, 0x00, 0x00,
    0x00, 0x00, 0x00, 0x90, 0xD0, 0x03, 0x00, 0x00, 0x00, 0x00, 0x00, 0x01, 0x00, 0x00, 0x00, 0x0E,
    0x00, 0x00, 0x00, 0x0F, 0x00, 0x00, 0x00, 0x00, 0x00, 0x00, 0x00, 0x00, 0x00, 0x00, 0x00, 0x00,
    0x00, 0x00, 0x00, 0x48, 0x99, 0x04, 0x00, 0x00, 0x00, 0x00, 0x00, 0x74, 0x02, 0x00, 0x00, 0x80,
    0x41, 0x80, 0x00, 0x00, 0x00, 0x97, 0x00, 0x00, 0x00, 0x00, 0x00, 0x00, 0x01, 0x00, 0x00, 0x00,
    0x00, 0x00, 0x00, 0x00, 0x00, 0x00, 0x00, 0x00, 0x00, 0x00, 0x00, 0x00, 0xA7, 0x01, 0x00, 0x00,
    0x57, 0x65, 0x6E, 0x20, 0x4C, 0x6F, 0x2C, 0x20, 0x54, 0x68, 0x65, 0x20, 0x52, 0x69, 0x76, 0x65,
    0x72, 0x27, 0x73, 0x20, 0x45, 0x64, 0x67, 0x65, 0x47, 0x65, 0x74, 0x20, 0x74, 0x68, 0x65, 0x20,
    0x65, 0x79, 0x65, 0x20, 0x6F, 0x66, 0x20, 0x74, 0x68, 0x65, 0x20, 0x74, 0x69, 0x67, 0x65, 0x72,
    0x20, 0x77, 0x68, 0x65, 0x6E, 0x20, 0x79, 0x6F, 0x75, 0x20, 0x68, 0x6F, 0x70, 0x20, 0x69, 0x6E,
    0x74, 0x6F, 0x20, 0x74, 0x68, 0x65, 0x20, 0x73, 0x61, 0x64, 0x64, 0x6C, 0x65, 0x20, 0x6F, 0x66,
    0x20, 0x57, 0x65, 0x6E, 0x20, 0x4C, 0x6F, 0x2C, 0x20, 0x74, 0x68, 0x65, 0x20, 0x52, 0x69, 0x76,
    0x65, 0x72, 0x27, 0x73, 0x20, 0x45, 0x64, 0x67, 0x65, 0x2C, 0x20, 0x61, 0x20, 0x66, 0x65, 0x61,
    0x72, 0x73, 0x6F, 0x6D, 0x65, 0x20, 0x6D, 0x6F, 0x75, 0x6E, 0x74, 0x20, 0x77, 0x68, 0x6F, 0x20,
    0x77, 0x69, 0x6C, 0x6C, 0x20, 0x68, 0x65, 0x6C, 0x70, 0x20, 0x79, 0x6F, 0x75, 0x20, 0x65, 0x6D,
    0x62, 0x72, 0x61, 0x63, 0x65, 0x20, 0x74, 0x68, 0x65, 0x20, 0x74, 0x68, 0x72, 0x69, 0x6C, 0x6C,
    0x20, 0x6F, 0x66, 0x20, 0x74, 0x68, 0x65, 0x20, 0x66, 0x6C, 0x69, 0x67, 0x68, 0x74, 0x2E, 0x06,
    0x00, 0x96, 0x8E, 0x01, 0x00, 0xA6, 0x01, 0x00, 0x00, 0x00, 0x00, 0x00, 0x00, 0x57, 0x65, 0x6E,
    0x20, 0x4C, 0x6F, 0x2C, 0x20, 0x54, 0x68, 0x65, 0x20, 0x52, 0x69, 0x76, 0x65, 0x72, 0x27, 0x73,
    0x20, 0x45, 0x64, 0x67, 0x65, 0xD5, 0x02, 0x00, 0x00, 0x20, 0xA1, 0x07, 0x00, 0x00, 0x00, 0x00,
    0x00, 0x20, 0xA1, 0x07, 0x00, 0x00, 0x00, 0x00, 0x00, 0x03, 0x00, 0x00, 0x00, 0x0F, 0x00, 0x00,
    0x00, 0x4F, 0x00, 0x04, 0x00, 0x00, 0x00, 0x00, 0x00, 0x00, 0x00, 0x00, 0x00, 0x00, 0x00, 0x00,
    0x00, 0x2C, 0xF7, 0x1D, 0x00, 0x00, 0x00, 0x00, 0x00, 0x77, 0x02, 0x00, 0x00, 0x77, 0x02, 0x00,
    0x00, 0x77, 0x02, 0x00, 0x00, 0x80, 0xC1, 0x50, 0x00, 0x12, 0x60, 0x00, 0x00, 0x05, 0x00, 0x00,
    0x00, 0x00, 0x00, 0x00, 0x00, 0x00, 0x00, 0x00, 0x00, 0x00, 0x00, 0x00, 0x00, 0x00, 0x03, 0x00,
    0x00, 0x00, 0xE1, 0x58, 0x17, 0x00, 0x0A, 0x00, 0x00, 0x00, 0x33, 0x20, 0x43, 0x68, 0x61, 0x72,
    0x61, 0x63, 0x74, 0x65, 0x72, 0x20, 0x54, 0x72, 0x61, 0x6E, 0x73, 0x66, 0x65, 0x72, 0x73, 0x41,
    0x20, 0x74, 0x68, 0x72, 0x65, 0x65, 0x2D, 0x70, 0x61, 0x63, 0x6B, 0x20, 0x6F, 0x66, 0x20, 0x63,
    0x68, 0x61, 0x72, 0x61, 0x63, 0x74, 0x65, 0x72, 0x20, 0x74, 0x72, 0x61, 0x6E, 0x73, 0x66, 0x65,
    0x72, 0x73, 0x2C, 0x20, 0x65, 0x61, 0x63, 0x68, 0x20, 0x6F, 0x66, 0x20, 0x77, 0x68, 0x69, 0x63,
    0x68, 0x20, 0x63, 0x61, 0x6E, 0x20, 0x6D, 0x6F, 0x76, 0x65, 0x20, 0x6F, 0x6E, 0x65, 0x20, 0x63,
    0x68, 0x61, 0x72, 0x61, 0x63, 0x74, 0x65, 0x72, 0x20, 0x74, 0x6F, 0x20, 0x61, 0x6E, 0x6F, 0x74,
    0x68, 0x65, 0x72, 0x20, 0x72, 0x65, 0x61, 0x6C, 0x6D, 0x20, 0x6F, 0x72, 0x20, 0x61, 0x63, 0x63,
    0x6F, 0x75, 0x6E, 0x74, 0x2E, 0x20, 0x55, 0x73, 0x65, 0x20, 0x74, 0x68, 0x65, 0x6D, 0x20, 0x61,
    0x6C, 0x6C, 0x20, 0x61, 0x74, 0x20, 0x6F, 0x6E, 0x63, 0x65, 0x20, 0x6F, 0x72, 0x20, 0x73, 0x61,
    0x76, 0x65, 0x20, 0x73, 0x6F, 0x6D, 0x65, 0x20, 0x66, 0x6F, 0x72, 0x20, 0x6C, 0x61, 0x74, 0x65,
    0x72, 0x21, 0x00, 0x08, 0x00, 0x00, 0x96, 0x6A, 0x00, 0x00, 0xD8, 0x02, 0x00, 0x00, 0x90, 0xD0,
    0x03, 0x00, 0x00, 0x00, 0x00, 0x00, 0x90, 0xD0, 0x03, 0x00, 0x00, 0x00, 0x00, 0x00, 0x01, 0x00,
    0x00, 0x00, 0x0E, 0x00, 0x00, 0x00, 0x0F, 0x00, 0x00, 0x00, 0x00, 0x00, 0x00, 0x00, 0x00, 0x00,
    0x00, 0x00, 0x00, 0x00, 0x00, 0x00, 0xE9, 0xA7, 0x06, 0x00, 0x00, 0x00, 0x00, 0x00, 0x80, 0x02,
    0x00, 0x00, 0x80, 0x41, 0x10, 0x00, 0x00, 0x00, 0x4A, 0x00, 0x00, 0x00, 0x00, 0x00, 0x00, 0x01,
    0x00, 0x00, 0x00, 0x00, 0x00, 0x00, 0x00, 0x00, 0x00, 0x00, 0x00, 0x00, 0x00, 0x00, 0x00, 0xAB,
    0x01, 0x00, 0x00, 0x53, 0x75, 0x6E, 0x77, 0x61, 0x72, 0x6D, 0x65, 0x64, 0x20, 0x46, 0x75, 0x72,
    0x6C, 0x69, 0x6E, 0x65, 0x54, 0x68, 0x65, 0x20, 0x70, 0x6C, 0x61, 0x79, 0x66, 0x75, 0x6C, 0x20,
    0x53, 0x75, 0x6E, 0x77, 0x61, 0x72, 0x6D, 0x65, 0x64, 0x20, 0x46, 0x75, 0x72, 0x6C, 0x69, 0x6E,
    0x65, 0x20, 0x69, 0x73, 0x20, 0x74, 0x68, 0x65, 0x20, 0x66, 0x75, 0x7A, 0x7A, 0x69, 0x65, 0x73,
    0x74, 0x20, 0x6D, 0x6F, 0x75, 0x6E, 0x74, 0x20, 0x41, 0x7A, 0x65, 0x72, 0x6F, 0x74, 0x68, 0x20,
    0x68, 0x61, 0x73, 0x20, 0x65, 0x76, 0x65, 0x72, 0x20, 0x73, 0x65, 0x65, 0x6E, 0x2E, 0x04, 0x40,
    0x51, 0x73, 0x01, 0x00, 0xAC, 0x01, 0x00, 0x00, 0x00, 0x00, 0x00, 0x00, 0x53, 0x75, 0x6E, 0x77,
    0x61, 0x72, 0x6D, 0x65, 0x64, 0x20, 0x46, 0x75, 0x72, 0x6C, 0x69, 0x6E, 0x65, 0x21, 0x04, 0x00,
    0x00, 0xA0, 0x86, 0x01, 0x00, 0x00, 0x00, 0x00, 0x00, 0xA0, 0x86, 0x01, 0x00, 0x00, 0x00, 0x00,
    0x00, 0x01, 0x00, 0x00, 0x00, 0x0E, 0x00, 0x00, 0x00, 0x0F, 0x00, 0x00, 0x00, 0x00, 0x00, 0x00,
    0x00, 0x00, 0x00, 0x00, 0x00, 0x02, 0x00, 0x00, 0x00, 0x23, 0x95, 0x0B, 0x00, 0x00, 0x00, 0x00,
    0x00, 0x90, 0x02, 0x00, 0x00, 0x00, 0xF0, 0x02, 0x00, 0x00, 0x40, 0x0D, 0x03, 0x00, 0x00, 0x00,
    0x00, 0x00, 0x40, 0x0D, 0x03, 0x00, 0x00, 0x00, 0x00, 0x00, 0x01, 0x00, 0x00, 0x00, 0x0E, 0x00,
    0x00, 0x00, 0x0F, 0x00, 0x00, 0x00, 0x00, 0x00, 0x00, 0x00, 0x00, 0x00, 0x00, 0x00, 0x00, 0x00,
    0x00, 0x00, 0x27, 0x95, 0x0B, 0x00, 0x00, 0x00, 0x00, 0x00, 0x95, 0x02, 0x00, 0x00, 0x00, 0x29,
    0x03, 0x00, 0x00, 0x90, 0xD0, 0x03, 0x00, 0x00, 0x00, 0x00, 0x00, 0x90, 0xD0, 0x03, 0x00, 0x00,
    0x00, 0x00, 0x00, 0x01, 0x00, 0x00, 0x00, 0x0E, 0x00, 0x00, 0x00, 0x0F, 0x00, 0x00, 0x00, 0x00,
    0x00, 0x00, 0x00, 0x00, 0x00, 0x00, 0x00, 0x02, 0x00, 0x00, 0x00, 0x5E, 0xF1, 0x00, 0x00, 0x00,
    0x00, 0x00, 0x00, 0x3B, 0x02, 0x00, 0x00, 0x00, 0x2A, 0x03, 0x00, 0x00, 0xA0, 0x86, 0x01, 0x00,
    0x00, 0x00, 0x00, 0x00, 0xA0, 0x86, 0x01, 0x00, 0x00, 0x00, 0x00, 0x00, 0x01, 0x00, 0x00, 0x00,
    0x0E, 0x00, 0x00, 0x00, 0x0F, 0x00, 0x00, 0x00, 0x00, 0x00, 0x00, 0x00, 0x00, 0x00, 0x00, 0x00,
    0x02, 0x00, 0x00, 0x00, 0x86, 0xF1, 0x00, 0x00, 0x00, 0x00, 0x00, 0x00, 0x3D, 0x02, 0x00, 0x00,
    0x00, 0xD4, 0x02, 0x00, 0x00, 0x90, 0xD0, 0x03, 0x00, 0x00, 0x00, 0x00, 0x00, 0x90, 0xD0, 0x03,
    0x00, 0x00, 0x00, 0x00, 0x00, 0x01, 0x00, 0x00, 0x00, 0x0F, 0x00, 0x00, 0x00, 0x4F, 0x00, 0x04,
    0x00, 0x00, 0x00, 0x00, 0x00, 0x00, 0x00, 0x00, 0x00, 0x00, 0x00, 0x00, 0x00, 0x42, 0xB1, 0x04,
    0x00, 0x00, 0x00, 0x00, 0x00, 0x77, 0x02, 0x00, 0x00, 0x80, 0xC1, 0x20, 0x00, 0x06, 0x20, 0x00,
    0x00, 0x05, 0x00, 0x00, 0x00, 0x00, 0x00, 0x00, 0x00, 0x00, 0x00, 0x00, 0x00, 0x00, 0x00, 0x00,
    0x00, 0x00, 0x01, 0x00, 0x00, 0x00, 0xE1, 0x58, 0x17, 0x00, 0x0A, 0x00, 0x00, 0x00, 0x43, 0x68,
    0x61, 0x72, 0x61, 0x63, 0x74, 0x65, 0x72, 0x20, 0x54, 0x72, 0x61, 0x6E, 0x73, 0x66, 0x65, 0x72,
    0x54, 0x72, 0x61, 0x6E, 0x73, 0x66, 0x65, 0x72, 0x20, 0x61, 0x20, 0x63, 0x68, 0x61, 0x72, 0x61,
    0x63, 0x74, 0x65, 0x72, 0x20, 0x74, 0x6F, 0x20, 0x61, 0x6E, 0x6F, 0x74, 0x68, 0x65, 0x72, 0x20,
    0x72, 0x65, 0x61, 0x6C, 0x6D, 0x20, 0x6F, 0x72, 0x20, 0x61, 0x63, 0x63, 0x6F, 0x75, 0x6E, 0x74,
    0x2E, 0x00, 0x08, 0x00, 0x00, 0x96, 0x6A, 0x00, 0x00, 0xD9, 0x02, 0x00, 0x00, 0x00, 0x35, 0x0C,
    0x00, 0x00, 0x00, 0x00, 0x00, 0x00, 0x35, 0x0C, 0x00, 0x00, 0x00, 0x00, 0x00, 0x06, 0x00, 0x00,
    0x00, 0x0F, 0x00, 0x00, 0x00, 0x4F, 0x00, 0x04, 0x00, 0x00, 0x00, 0x00, 0x00, 0x00, 0x00, 0x00,
    0x00, 0x00, 0x00, 0x00, 0x00, 0x23, 0x2C, 0x1E, 0x00, 0x00, 0x00, 0x00, 0x00, 0x77, 0x02, 0x00,
    0x00, 0x77, 0x02, 0x00, 0x00, 0x77, 0x02, 0x00, 0x00, 0x77, 0x02, 0x00, 0x00, 0x77, 0x02, 0x00,
    0x00, 0x77, 0x02, 0x00, 0x00, 0x80, 0xC1, 0x50, 0x00, 0x12, 0x20, 0x00, 0x00, 0x00, 0x00, 0x00,
    0x00, 0x00, 0x00, 0x00, 0x00, 0x00, 0x00, 0x00, 0x00, 0x00, 0x00, 0x00, 0x00, 0x00, 0x06, 0x00,
    0x00, 0x00, 0xE1, 0x58, 0x17, 0x00, 0x0A, 0x00, 0x00, 0x00, 0x36, 0x20, 0x43, 0x68, 0x61, 0x72,
    0x61, 0x63, 0x74, 0x65, 0x72, 0x20, 0x54, 0x72, 0x61, 0x6E, 0x73, 0x66, 0x65, 0x72, 0x73, 0x41,
    0x20, 0x73, 0x69, 0x78, 0x2D, 0x70, 0x61, 0x63, 0x6B, 0x20, 0x6F, 0x66, 0x20, 0x63, 0x68, 0x61,
    0x72, 0x61, 0x63, 0x74, 0x65, 0x72, 0x20, 0x74, 0x72, 0x61, 0x6E, 0x73, 0x66, 0x65, 0x72, 0x73,
    0x2C, 0x20, 0x65, 0x61, 0x63, 0x68, 0x20, 0x6F, 0x66, 0x20, 0x77, 0x68, 0x69, 0x63, 0x68, 0x20,
    0x63, 0x61, 0x6E, 0x20, 0x6D, 0x6F, 0x76, 0x65, 0x20, 0x6F, 0x6E, 0x65, 0x20, 0x63, 0x68, 0x61,
    0x72, 0x61, 0x63, 0x74, 0x65, 0x72, 0x20, 0x74, 0x6F, 0x20, 0x61, 0x6E, 0x6F, 0x74, 0x68, 0x65,
    0x72, 0x20, 0x72, 0x65, 0x61, 0x6C, 0x6D, 0x20, 0x6F, 0x72, 0x20, 0x61, 0x63, 0x63, 0x6F, 0x75,
    0x6E, 0x74, 0x2E, 0x20, 0x55, 0x73, 0x65, 0x20, 0x74, 0x68, 0x65, 0x6D, 0x20, 0x61, 0x6C, 0x6C,
    0x20, 0x61, 0x74, 0x20, 0x6F, 0x6E, 0x63, 0x65, 0x20, 0x6F, 0x72, 0x20, 0x73, 0x61, 0x76, 0x65,
    0x20, 0x73, 0x6F, 0x6D, 0x65, 0x20, 0x66, 0x6F, 0x72, 0x20, 0x6C, 0x61, 0x74, 0x65, 0x72, 0x21,
    0xDE, 0x02, 0x00, 0x00, 0xA0, 0x86, 0x01, 0x00, 0x00, 0x00, 0x00, 0x00, 0xA0, 0x86, 0x01, 0x00,
    0x00, 0x00, 0x00, 0x00, 0x01, 0x00, 0x00, 0x00, 0x0E, 0x00, 0x00, 0x00, 0x0F, 0x00, 0x00, 0x00,
    0x00, 0x00, 0x00, 0x00, 0x00, 0x00, 0x00, 0x00, 0x00, 0x00, 0x00, 0x00, 0x89, 0x8F, 0x0B, 0x00,
    0x00, 0x00, 0x00, 0x00, 0x86, 0x02, 0x00, 0x00, 0x00, 0xDF, 0x02, 0x00, 0x00, 0xE0, 0x93, 0x04,
    0x00, 0x00, 0x00, 0x00, 0x00, 0xE0, 0x93, 0x04, 0x00, 0x00, 0x00, 0x00, 0x00, 0x01, 0x00, 0x00,
    0x00, 0x08, 0x00, 0x00, 0x00, 0x4F, 0x00, 0x04, 0x00, 0x00, 0x00, 0x00, 0x00, 0x00, 0x00, 0x00,
    0x00, 0x00, 0x00, 0x00, 0x00, 0x3E, 0x8F, 0x0B, 0x00, 0x00, 0x00, 0x00, 0x00, 0x87, 0x02, 0x00,
    0x00, 0x80, 0xC0, 0xE0, 0x00, 0x09, 0x60, 0x00, 0x00, 0x05, 0x00, 0x00, 0x00, 0x00, 0x00, 0x00,
    0x00, 0x00, 0x00, 0x00, 0x00, 0x00, 0x00, 0x00, 0x00, 0x00, 0x01, 0x00, 0x00, 0x00, 0xB7, 0x30,
    0x11, 0x00, 0x0A, 0x00, 0x00, 0x00, 0x46, 0x61, 0x63, 0x74, 0x69, 0x6F, 0x6E, 0x20, 0x43, 0x68,
    0x61, 0x6E, 0x67, 0x65, 0x43, 0x68, 0x61, 0x6E, 0x67, 0x65, 0x20, 0x6F, 0x6E, 0x65, 0x20, 0x63,
    0x68, 0x61, 0x72, 0x61, 0x63, 0x74, 0x65, 0x72, 0x27, 0x73, 0x20, 0x66, 0x61, 0x63, 0x74, 0x69,
    0x6F, 0x6E, 0x20, 0x66, 0x72, 0x6F, 0x6D, 0x20, 0x48, 0x6F, 0x72, 0x64, 0x65, 0x20, 0x74, 0x6F,
    0x20, 0x41, 0x6C, 0x6C, 0x69, 0x61, 0x6E, 0x63, 0x65, 0x20, 0x6F, 0x72, 0x20, 0x41, 0x6C, 0x6C,
    0x69, 0x61, 0x6E, 0x63, 0x65, 0x20, 0x74, 0x6F, 0x20, 0x48, 0x6F, 0x72, 0x64, 0x65, 0x2E, 0x00,
    0x08, 0x00, 0x00, 0x6E, 0x6A, 0x00, 0x00, 0xE0, 0x02, 0x00, 0x00, 0xC0, 0x27, 0x09, 0x00, 0x00,
    0x00, 0x00, 0x00, 0xC0, 0x27, 0x09, 0x00, 0x00, 0x00, 0x00, 0x00, 0x03, 0x00, 0x00, 0x00, 0x08,
    0x00, 0x00, 0x00, 0x4F, 0x00, 0x04, 0x00, 0x00, 0x00, 0x00, 0x00, 0x00, 0x00, 0x00, 0x00, 0x00,
    0x00, 0x00, 0x00, 0x3D, 0x2C, 0x1E, 0x00, 0x00, 0x00, 0x00, 0x00, 0x87, 0x02, 0x00, 0x00, 0x87,
    0x02, 0x00, 0x00, 0x87, 0x02, 0x00, 0x00, 0x80, 0xC1, 0x10, 0x00, 0x15, 0x40, 0x00, 0x00, 0x05,
    0x00, 0x00, 0x00, 0x00, 0x00, 0x00, 0x00, 0x00, 0x00, 0x00, 0x00, 0x00, 0x00, 0x00, 0x00, 0x00,
    0x03, 0x00, 0x00, 0x00, 0xB7, 0x30, 0x11, 0x00, 0x0A, 0x00, 0x00, 0x00, 0x33, 0x20, 0x46, 0x61,
    0x63, 0x74, 0x69, 0x6F, 0x6E, 0x20, 0x43, 0x68, 0x61, 0x6E, 0x67, 0x65, 0x73, 0x47, 0x65, 0x74,
    0x20, 0x61, 0x20, 0x74, 0x68, 0x72, 0x65, 0x65, 0x2D, 0x70, 0x61, 0x63, 0x6B, 0x20, 0x6F, 0x66,
    0x20, 0x66, 0x61, 0x63, 0x74, 0x69, 0x6F, 0x6E, 0x20, 0x63, 0x68, 0x61, 0x6E, 0x67, 0x65, 0x73,
    0x20, 0x74, 0x6F, 0x20, 0x6D, 0x6F, 0x76, 0x65, 0x20, 0x79, 0x6F, 0x75, 0x72, 0x20, 0x63, 0x68,
    0x61, 0x72, 0x61, 0x63, 0x74, 0x65, 0x72, 0x73, 0x20, 0x74, 0x6F, 0x20, 0x74, 0x68, 0x65, 0x20,
    0x6F, 0x70, 0x70, 0x6F, 0x73, 0x69, 0x74, 0x65, 0x20, 0x66, 0x61, 0x63, 0x74, 0x69, 0x6F, 0x6E,
    0x20, 0x28, 0x48, 0x6F, 0x72, 0x64, 0x65, 0x20, 0x74, 0x6F, 0x20, 0x41, 0x6C, 0x6C, 0x69, 0x61,
    0x6E, 0x63, 0x65, 0x20, 0x6F, 0x72, 0x20, 0x41, 0x6C, 0x6C, 0x69, 0x61, 0x6E, 0x63, 0x65, 0x20,
    0x74, 0x6F, 0x20, 0x48, 0x6F, 0x72, 0x64, 0x65, 0x29, 0x2E, 0x20, 0x55, 0x73, 0x65, 0x20, 0x74,
    0x68, 0x65, 0x6D, 0x20, 0x61, 0x6C, 0x6C, 0x20, 0x61, 0x74, 0x20, 0x6F, 0x6E, 0x63, 0x65, 0x20,
    0x6F, 0x72, 0x20, 0x73, 0x61, 0x76, 0x65, 0x20, 0x73, 0x6F, 0x6D, 0x65, 0x20, 0x66, 0x6F, 0x72,
    0x20, 0x6C, 0x61, 0x74, 0x65, 0x72, 0x21, 0x00, 0x08, 0x00, 0x00, 0x6E, 0x6A, 0x00, 0x00, 0xE1,
    0x02, 0x00, 0x00, 0xF0, 0x7E, 0x0E, 0x00, 0x00, 0x00, 0x00, 0x00, 0xF0, 0x7E, 0x0E, 0x00, 0x00,
    0x00, 0x00, 0x00, 0x06, 0x00, 0x00, 0x00, 0x08, 0x00, 0x00, 0x00, 0x4F, 0x00, 0x04, 0x00, 0x00,
    0x00, 0x00, 0x00, 0x00, 0x00, 0x00, 0x00, 0x00, 0x00, 0x00, 0x00, 0x3E, 0x2C, 0x1E, 0x00, 0x00,
    0x00, 0x00, 0x00, 0x87, 0x02, 0x00, 0x00, 0x87, 0x02, 0x00, 0x00, 0x87, 0x02, 0x00, 0x00, 0x87,
    0x02, 0x00, 0x00, 0x87, 0x02, 0x00, 0x00, 0x87, 0x02, 0x00, 0x00, 0x80, 0xC1, 0x10, 0x00, 0x15,
    0x00, 0x00, 0x00, 0x00, 0x00, 0x00, 0x00, 0x00, 0x00, 0x00, 0x00, 0x00, 0x00, 0x00, 0x00, 0x00,
    0x00, 0x00, 0x00, 0x00, 0x06, 0x00, 0x00, 0x00, 0xB7, 0x30, 0x11, 0x00, 0x0A, 0x00, 0x00, 0x00,
    0x36, 0x20, 0x46, 0x61, 0x63, 0x74, 0x69, 0x6F, 0x6E, 0x20, 0x43, 0x68, 0x61, 0x6E, 0x67, 0x65,
    0x73, 0x47, 0x65, 0x74, 0x20, 0x61, 0x20, 0x73, 0x69, 0x78, 0x2D, 0x70, 0x61, 0x63, 0x6B, 0x20,
    0x6F, 0x66, 0x20, 0x66, 0x61, 0x63, 0x74, 0x69, 0x6F, 0x6E, 0x20, 0x63, 0x68, 0x61, 0x6E, 0x67,
    0x65, 0x73, 0x20, 0x74, 0x6F, 0x20, 0x6D, 0x6F, 0x76, 0x65, 0x20, 0x79, 0x6F, 0x75, 0x72, 0x20,
    0x63, 0x68, 0x61, 0x72, 0x61, 0x63, 0x74, 0x65, 0x72, 0x73, 0x20, 0x74, 0x6F, 0x20, 0x74, 0x68,
    0x65, 0x20, 0x6F, 0x70, 0x70, 0x6F, 0x73, 0x69, 0x74, 0x65, 0x20, 0x66, 0x61, 0x63, 0x74, 0x69,
    0x6F, 0x6E, 0x20, 0x28, 0x48, 0x6F, 0x72, 0x64, 0x65, 0x20, 0x74, 0x6F, 0x20, 0x41, 0x6C, 0x6C,
    0x69, 0x61, 0x6E, 0x63, 0x65, 0x20, 0x6F, 0x72, 0x20, 0x41, 0x6C, 0x6C, 0x69, 0x61, 0x6E, 0x63,
    0x65, 0x20, 0x74, 0x6F, 0x20, 0x48, 0x6F, 0x72, 0x64, 0x65, 0x29, 0x2E, 0x20, 0x55, 0x73, 0x65,
    0x20, 0x74, 0x68, 0x65, 0x6D, 0x20, 0x61, 0x6C, 0x6C, 0x20, 0x61, 0x74, 0x20, 0x6F, 0x6E, 0x63,
    0x65, 0x20, 0x6F, 0x72, 0x20, 0x73, 0x61, 0x76, 0x65, 0x20, 0x73, 0x6F, 0x6D, 0x65, 0x20, 0x66,
    0x6F, 0x72, 0x20, 0x6C, 0x61, 0x74, 0x65, 0x72, 0x21, 0xE7, 0x02, 0x00, 0x00, 0x90, 0xD0, 0x03,
    0x00, 0x00, 0x00, 0x00, 0x00, 0x90, 0xD0, 0x03, 0x00, 0x00, 0x00, 0x00, 0x00, 0x01, 0x00, 0x00,
    0x00, 0x0E, 0x00, 0x00, 0x00, 0x0F, 0x00, 0x00, 0x00, 0x00, 0x00, 0x00, 0x00, 0x00, 0x00, 0x00,
    0x00, 0x02, 0x00, 0x00, 0x00, 0x4E, 0x93, 0x0B, 0x00, 0x00, 0x00, 0x00, 0x00, 0xC3, 0x02, 0x00,
    0x00, 0x80, 0x41, 0x50, 0x00, 0x00, 0x00, 0xE0, 0x00, 0x00, 0x00, 0x00, 0x00, 0x00, 0x01, 0x00,
    0x00, 0x00, 0x00, 0x00, 0x00, 0x00, 0x00, 0x00, 0x00, 0x00, 0x00, 0x00, 0x00, 0x00, 0xD6, 0x01,
    0x00, 0x00, 0x4A, 0x61, 0x64, 0x65, 0x2C, 0x20, 0x42, 0x72, 0x69, 0x67, 0x68, 0x74, 0x20, 0x46,
    0x6F, 0x72, 0x65, 0x73, 0x65, 0x65, 0x72, 0x54, 0x68, 0x65, 0x20, 0x70, 0x72, 0x65, 0x73, 0x65,
    0x6E, 0x63, 0x65, 0x20, 0x6F, 0x66, 0x20, 0x74, 0x68, 0x69, 0x73, 0x20, 0x6D, 0x61, 0x6A, 0x65,
    0x73, 0x74, 0x69, 0x63, 0x20, 0x50, 0x61, 0x6E, 0x64, 0x61, 0x72, 0x65, 0x6E, 0x20, 0x72, 0x61,
    0x62, 0x62, 0x69, 0x74, 0x20, 0x73, 0x70, 0x69, 0x72, 0x69, 0x74, 0x20, 0x62, 0x72, 0x69, 0x6E,
    0x67, 0x73, 0x20, 0x6A, 0x6F, 0x79, 0x20, 0x61, 0x6E, 0x64, 0x20, 0x68, 0x61, 0x70, 0x70, 0x69,
    0x6E, 0x65, 0x73, 0x73, 0x20, 0x61, 0x6E, 0x64, 0x20, 0x69, 0x73, 0x20, 0x68, 0x65, 0x72, 0x61,
    0x6C, 0x64, 0x65, 0x64, 0x20, 0x61, 0x73, 0x20, 0x61, 0x20, 0x77, 0x6F, 0x6E, 0x64, 0x65, 0x72,
    0x66, 0x75, 0x6C, 0x20, 0x6F, 0x6D, 0x65, 0x6E, 0x2E, 0x20, 0x4C, 0x65, 0x67, 0x65, 0x6E, 0x64,
    0x20, 0x73, 0x61, 0x79, 0x73, 0x20, 0x74, 0x68, 0x61, 0x74, 0x20, 0x69, 0x6E, 0x20, 0x69, 0x74,
    0x73, 0x20, 0x65, 0x79, 0x65, 0x73, 0x2C, 0x20, 0x79, 0x6F, 0x75, 0x20, 0x63, 0x61, 0x6E, 0x20,
    0x67, 0x6C, 0x69, 0x6D, 0x70, 0x73, 0x65, 0x20, 0x74, 0x68, 0x65, 0x20, 0x67, 0x72, 0x65, 0x61,
    0x74, 0x65, 0x73, 0x74, 0x20, 0x68, 0x61, 0x70, 0x70, 0x69, 0x6E, 0x65, 0x73, 0x73, 0x20, 0x6F,
    0x66, 0x20, 0x79, 0x6F, 0x75, 0x72, 0x20, 0x6C, 0x69, 0x66, 0x65, 0x2C, 0x20, 0x65, 0x76, 0x65,
    0x6E, 0x20, 0x69, 0x66, 0x20, 0x69, 0x74, 0x20, 0x69, 0x73, 0x20, 0x79, 0x65, 0x74, 0x20, 0x74,
    0x6F, 0x20, 0x63, 0x6F, 0x6D, 0x65, 0x2E, 0x05, 0x40, 0x1D, 0x9D, 0x01, 0x00, 0xD2, 0x01, 0x00,
    0x00, 0x00, 0x00, 0x00, 0x00, 0x4A, 0x61, 0x64, 0x65, 0x2C, 0x20, 0x42, 0x72, 0x69, 0x67, 0x68,
    0x74, 0x20, 0x46, 0x6F, 0x72, 0x65, 0x73, 0x65, 0x65, 0x72, 0xE6, 0x02, 0x00, 0x00, 0x90, 0xD0,
    0x03, 0x00, 0x00, 0x00, 0x00, 0x00, 0x90, 0xD0, 0x03, 0x00, 0x00, 0x00, 0x00, 0x00, 0x01, 0x00,
    0x00, 0x00, 0x0E, 0x00, 0x00, 0x00, 0x0F, 0x00, 0x00, 0x00, 0x00, 0x00, 0x00, 0x00, 0x00, 0x00,
    0x00, 0x00, 0x00, 0x00, 0x00, 0x00, 0x8A, 0x8F, 0x0B, 0x00, 0x00, 0x00, 0x00, 0x00, 0x92, 0x02,
    0x00, 0x00, 0x00, 0x24, 0x03, 0x00, 0x00, 0xF0, 0x49, 0x02, 0x00, 0x00, 0x00, 0x00, 0x00, 0xF0,
    0x49, 0x02, 0x00, 0x00, 0x00, 0x00, 0x00, 0x01, 0x00, 0x00, 0x00, 0x0E, 0x00, 0x00, 0x00, 0x0F,
    0x00, 0x00, 0x00, 0x00, 0x00, 0x00, 0x00, 0x00, 0x00, 0x00, 0x00, 0x00, 0x00, 0x00, 0x00, 0xA2,
    0x86, 0x02, 0x00, 0x00, 0x00, 0x00, 0x00, 0x67, 0x02, 0x00, 0x00, 0x00, 0x3C, 0x03, 0x00, 0x00,
    0x90, 0xD0, 0x03, 0x00, 0x00, 0x00, 0x00, 0x00, 0x90, 0xD0, 0x03, 0x00, 0x00, 0x00, 0x00, 0x00,
    0x01, 0x00, 0x00, 0x00, 0x0A, 0x00, 0x00, 0x00, 0x4F, 0x00, 0x04, 0x00, 0x00, 0x00, 0x00, 0x00,
    0x00, 0x00, 0x00, 0x00, 0x00, 0x00, 0x00, 0x00, 0xA9, 0x85, 0x11, 0x00, 0x00, 0x00, 0x00, 0x00,
    0xDD, 0x02, 0x00, 0x00, 0x80, 0xC0, 0xB0, 0x00, 0x2E, 0x80, 0x00, 0x00, 0x05, 0x00, 0x00, 0x00,
    0x00, 0x00, 0x00, 0x00, 0x00, 0x00, 0x00, 0x00, 0x00, 0x00, 0x00, 0x00, 0x00, 0x01, 0x00, 0x00,
    0x00, 0xB9, 0x30, 0x11, 0x00, 0x0A, 0x00, 0x00, 0x00, 0x52, 0x61, 0x63, 0x65, 0x20, 0x43, 0x68,
    0x61, 0x6E, 0x67, 0x65, 0x43, 0x68, 0x61, 0x6E, 0x67, 0x65, 0x20, 0x6F, 0x6E, 0x65, 0x20, 0x63,
    0x68, 0x61, 0x72, 0x61, 0x63, 0x74, 0x65, 0x72, 0x27, 0x73, 0x20, 0x72, 0x61, 0x63, 0x65, 0x20,
    0x77, 0x69, 0x74, 0x68, 0x69, 0x6E, 0x20, 0x79, 0x6F, 0x75, 0x72, 0x20, 0x63, 0x75, 0x72, 0x72,
    0x65, 0x6E, 0x74, 0x20, 0x66, 0x61, 0x63, 0x74, 0x69, 0x6F, 0x6E, 0x2E, 0x20, 0x49, 0x6E, 0x63,
    0x6C, 0x75, 0x64, 0x65, 0x73, 0x20, 0x6F, 0x70, 0x74, 0x69, 0x6F, 0x6E, 0x61, 0x6C, 0x20, 0x4E,
    0x61, 0x6D, 0x65, 0x20, 0x43, 0x68, 0x61, 0x6E, 0x67, 0x65, 0x2E, 0x0D, 0x0A, 0x0D, 0x0A, 0x7C,
    0x63, 0x66, 0x66, 0x36, 0x36, 0x62, 0x62, 0x66, 0x66, 0x53, 0x65, 0x72, 0x76, 0x69, 0x63, 0x65,
    0x20, 0x63, 0x61, 0x6E, 0x6E, 0x6F, 0x74, 0x20, 0x62, 0x65, 0x20, 0x61, 0x70, 0x70, 0x6C, 0x69,
    0x65, 0x64, 0x20, 0x74, 0x6F, 0x20, 0x61, 0x20, 0x63, 0x68, 0x61, 0x72, 0x61, 0x63, 0x74, 0x65,
    0x72, 0x20, 0x74, 0x68, 0x61, 0x74, 0x20, 0x63, 0x6F, 0x6D, 0x70, 0x6C, 0x65, 0x74, 0x65, 0x64,
    0x20, 0x61, 0x20, 0x72, 0x61, 0x63, 0x65, 0x20, 0x6F, 0x72, 0x20, 0x61, 0x20, 0x66, 0x61, 0x63,
    0x74, 0x69, 0x6F, 0x6E, 0x20, 0x63, 0x68, 0x61, 0x6E, 0x67, 0x65, 0x20, 0x69, 0x6E, 0x20, 0x74,
    0x68, 0x65, 0x20, 0x70, 0x61, 0x73, 0x74, 0x20, 0x33, 0x20, 0x44, 0x61, 0x79, 0x73, 0x2E, 0x20,
    0x4E, 0x6F, 0x74, 0x20, 0x61, 0x76, 0x61, 0x69, 0x6C, 0x61, 0x62, 0x6C, 0x65, 0x20, 0x66, 0x6F,
    0x72, 0x20, 0x63, 0x6C, 0x61, 0x73, 0x73, 0x65, 0x73, 0x20, 0x77, 0x69, 0x74, 0x68, 0x20, 0x6F,
    0x6E, 0x6C, 0x79, 0x20, 0x6F, 0x6E, 0x65, 0x20, 0x72, 0x61, 0x63, 0x65, 0x20, 0x6F, 0x70, 0x74,
    0x69, 0x6F, 0x6E, 0x20, 0x77, 0x69, 0x74, 0x68, 0x69, 0x6E, 0x20, 0x61, 0x20, 0x66, 0x61, 0x63,
    0x74, 0x69, 0x6F, 0x6E, 0x20, 0x28, 0x44, 0x65, 0x6D, 0x6F, 0x6E, 0x20, 0x48, 0x75, 0x6E, 0x74,
    0x65, 0x72, 0x73, 0x2C, 0x20, 0x45, 0x76, 0x6F, 0x6B, 0x65, 0x72, 0x73, 0x29, 0x2E, 0x20, 0x43,
    0x65, 0x72, 0x74, 0x61, 0x69, 0x6E, 0x20, 0x72, 0x65, 0x73, 0x74, 0x72, 0x69, 0x63, 0x74, 0x69,
    0x6F, 0x6E, 0x73, 0x20, 0x61, 0x70, 0x70, 0x6C, 0x79, 0x2E, 0x20, 0x56, 0x69, 0x73, 0x69, 0x74,
    0x20, 0x73, 0x68, 0x6F, 0x70, 0x2E, 0x62, 0x61, 0x74, 0x74, 0x6C, 0x65, 0x2E, 0x6E, 0x65, 0x74,
    0x20, 0x66, 0x6F, 0x72, 0x20, 0x6D, 0x6F, 0x72, 0x65, 0x20, 0x69, 0x6E, 0x66, 0x6F, 0x72, 0x6D,
    0x61, 0x74, 0x69, 0x6F, 0x6E, 0x2E, 0x7C, 0x72, 0x00, 0x08, 0x00, 0x00, 0x72, 0x6A, 0x00, 0x00,
    0x3D, 0x03, 0x00, 0x00, 0x20, 0xA1, 0x07, 0x00, 0x00, 0x00, 0x00, 0x00, 0x20, 0xA1, 0x07, 0x00,
    0x00, 0x00, 0x00, 0x00, 0x03, 0x00, 0x00, 0x00, 0x0A, 0x00, 0x00, 0x00, 0x4F, 0x00, 0x04, 0x00,
    0x00, 0x00, 0x00, 0x00, 0x00, 0x00, 0x00, 0x00, 0x00, 0x00, 0x00, 0x00, 0x42, 0x2C, 0x1E, 0x00,
    0x00, 0x00, 0x00, 0x00, 0xDD, 0x02, 0x00, 0x00, 0xDD, 0x02, 0x00, 0x00, 0xDD, 0x02, 0x00, 0x00,
    0x80, 0xC0, 0xE0, 0x00, 0x3A, 0xC0, 0x00, 0x00, 0x05, 0x00, 0x00, 0x00, 0x00, 0x00, 0x00, 0x00,
    0x00, 0x00, 0x00, 0x00, 0x00, 0x00, 0x00, 0x00, 0x00, 0x03, 0x00, 0x00, 0x00, 0xB9, 0x30, 0x11,
    0x00, 0x0A, 0x00, 0x00, 0x00, 0x33, 0x20, 0x52, 0x61, 0x63, 0x65, 0x20, 0x43, 0x68, 0x61, 0x6E,
    0x67, 0x65, 0x73, 0x47, 0x65, 0x74, 0x20, 0x61, 0x20, 0x74, 0x68, 0x72, 0x65, 0x65, 0x2D, 0x70,
    0x61, 0x63, 0x6B, 0x20, 0x6F, 0x66, 0x20, 0x72, 0x61, 0x63, 0x65, 0x20, 0x63, 0x68, 0x61, 0x6E,
    0x67, 0x65, 0x73, 0x20, 0x74, 0x6F, 0x20, 0x73, 0x77, 0x69, 0x74, 0x63, 0x68, 0x20, 0x72, 0x61,
    0x63, 0x65, 0x73, 0x20, 0x6F, 0x66, 0x20, 0x6D, 0x75, 0x6C, 0x74, 0x69, 0x70, 0x6C, 0x65, 0x20,
    0x63, 0x68, 0x61, 0x72, 0x61, 0x63, 0x74, 0x65, 0x72, 0x73, 0x20, 0x77, 0x69, 0x74, 0x68, 0x69,
    0x6E, 0x20, 0x74, 0x68, 0x65, 0x69, 0x72, 0x20, 0x63, 0x75, 0x72, 0x72, 0x65, 0x6E, 0x74, 0x20,
    0x66, 0x61, 0x63, 0x74, 0x69, 0x6F, 0x6E, 0x2E, 0x20, 0x59, 0x6F, 0x75, 0x20, 0x63, 0x61, 0x6E,
    0x20, 0x75, 0x73, 0x65, 0x20, 0x74, 0x68, 0x65, 0x6D, 0x20, 0x61, 0x6C, 0x6C, 0x20, 0x61, 0x74,
    0x20, 0x6F, 0x6E, 0x63, 0x65, 0x20, 0x6F, 0x72, 0x20, 0x73, 0x61, 0x76, 0x65, 0x20, 0x73, 0x6F,
    0x6D, 0x65, 0x20, 0x66, 0x6F, 0x72, 0x20, 0x6C, 0x61, 0x74, 0x65, 0x72, 0x2E, 0x20, 0x49, 0x6E,
    0x63, 0x6C, 0x75, 0x64, 0x65, 0x73, 0x20, 0x6F, 0x70, 0x74, 0x69, 0x6F, 0x6E, 0x61, 0x6C, 0x20,
    0x4E, 0x61, 0x6D, 0x65, 0x20, 0x43, 0x68, 0x61, 0x6E, 0x67, 0x65, 0x2E, 0x0D, 0x0A, 0x0D, 0x0A,
    0x7C, 0x63, 0x66, 0x66, 0x36, 0x36, 0x62, 0x62, 0x66, 0x66, 0x53, 0x65, 0x72, 0x76, 0x69, 0x63,
    0x65, 0x20, 0x63, 0x61, 0x6E, 0x6E, 0x6F, 0x74, 0x20, 0x62, 0x65, 0x20, 0x61, 0x70, 0x70, 0x6C,
    0x69, 0x65, 0x64, 0x20, 0x74, 0x6F, 0x20, 0x61, 0x20, 0x63, 0x68, 0x61, 0x72, 0x61, 0x63, 0x74,
    0x65, 0x72, 0x20, 0x74, 0x68, 0x61, 0x74, 0x20, 0x63, 0x6F, 0x6D, 0x70, 0x6C, 0x65, 0x74, 0x65,
    0x64, 0x20, 0x61, 0x20, 0x72, 0x61, 0x63, 0x65, 0x20, 0x6F, 0x72, 0x20, 0x61, 0x20, 0x66, 0x61,
    0x63, 0x74, 0x69, 0x6F, 0x6E, 0x20, 0x63, 0x68, 0x61, 0x6E, 0x67, 0x65, 0x20, 0x69, 0x6E, 0x20,
    0x74, 0x68, 0x65, 0x20, 0x70, 0x61, 0x73, 0x74, 0x20, 0x33, 0x20, 0x44, 0x61, 0x79, 0x73, 0x2E,
    0x20, 0x4E, 0x6F, 0x74, 0x20, 0x61, 0x76, 0x61, 0x69, 0x6C, 0x61, 0x62, 0x6C, 0x65, 0x20, 0x66,
    0x6F, 0x72, 0x20, 0x63, 0x6C, 0x61, 0x73, 0x73, 0x65, 0x73, 0x20, 0x77, 0x69, 0x74, 0x68, 0x20,
    0x6F, 0x6E, 0x6C, 0x79, 0x20, 0x6F, 0x6E, 0x65, 0x20, 0x72, 0x61, 0x63, 0x65, 0x20, 0x6F, 0x70,
    0x74, 0x69, 0x6F, 0x6E, 0x20, 0x77, 0x69, 0x74, 0x68, 0x69, 0x6E, 0x20, 0x61, 0x20, 0x66, 0x61,
    0x63, 0x74, 0x69, 0x6F, 0x6E, 0x20, 0x28, 0x44, 0x65, 0x6D, 0x6F, 0x6E, 0x20, 0x48, 0x75, 0x6E,
    0x74, 0x65, 0x72, 0x73, 0x2C, 0x20, 0x45, 0x76, 0x6F, 0x6B, 0x65, 0x72, 0x73, 0x29, 0x2E, 0x20,
    0x43, 0x65, 0x72, 0x74, 0x61, 0x69, 0x6E, 0x20, 0x72, 0x65, 0x73, 0x74, 0x72, 0x69, 0x63, 0x74,
    0x69, 0x6F, 0x6E, 0x73, 0x20, 0x61, 0x70, 0x70, 0x6C, 0x79, 0x2E, 0x20, 0x56, 0x69, 0x73, 0x69,
    0x74, 0x20, 0x73, 0x68, 0x6F, 0x70, 0x2E, 0x62, 0x61, 0x74, 0x74, 0x6C, 0x65, 0x2E, 0x6E, 0x65,
    0x74, 0x20, 0x66, 0x6F, 0x72, 0x20, 0x6D, 0x6F, 0x72, 0x65, 0x20, 0x69, 0x6E, 0x66, 0x6F, 0x72,
    0x6D, 0x61, 0x74, 0x69, 0x6F, 0x6E, 0x2E, 0x7C, 0x72, 0x00, 0x08, 0x00, 0x00, 0x72, 0x6A, 0x00,
    0x00, 0x3E, 0x03, 0x00, 0x00, 0x00, 0x35, 0x0C, 0x00, 0x00, 0x00, 0x00, 0x00, 0x00, 0x35, 0x0C,
    0x00, 0x00, 0x00, 0x00, 0x00, 0x06, 0x00, 0x00, 0x00, 0x0A, 0x00, 0x00, 0x00, 0x4F, 0x00, 0x04,
    0x00, 0x00, 0x00, 0x00, 0x00, 0x00, 0x00, 0x00, 0x00, 0x00, 0x00, 0x00, 0x00, 0x43, 0x2C, 0x1E,
    0x00, 0x00, 0x00, 0x00, 0x00, 0xDD, 0x02, 0x00, 0x00, 0xDD, 0x02, 0x00, 0x00, 0xDD, 0x02, 0x00,
    0x00, 0xDD, 0x02, 0x00, 0x00, 0xDD, 0x02, 0x00, 0x00, 0xDD, 0x02, 0x00, 0x00, 0x80, 0xC0, 0xE0,
    0x00, 0x3A, 0x80, 0x00, 0x00, 0x00, 0x00, 0x00, 0x00, 0x00, 0x00, 0x00, 0x00, 0x00, 0x00, 0x00,
    0x00, 0x00, 0x00, 0x00, 0x00, 0x00, 0x06, 0x00, 0x00, 0x00, 0xB9, 0x30, 0x11, 0x00, 0x0A, 0x00,
    0x00, 0x00, 0x36, 0x20, 0x52, 0x61, 0x63, 0x65, 0x20, 0x43, 0x68, 0x61, 0x6E, 0x67, 0x65, 0x73,
    0x47, 0x65, 0x74, 0x20, 0x61, 0x20, 0x73, 0x69, 0x78, 0x2D, 0x70, 0x61, 0x63, 0x6B, 0x20, 0x6F,
    0x66, 0x20, 0x72, 0x61, 0x63, 0x65, 0x20, 0x63, 0x68, 0x61, 0x6E, 0x67, 0x65, 0x73, 0x20, 0x74,
    0x6F, 0x20, 0x73, 0x77, 0x69, 0x74, 0x63, 0x68, 0x20, 0x72, 0x61, 0x63, 0x65, 0x73, 0x20, 0x6F,
    0x66, 0x20, 0x6D, 0x75, 0x6C, 0x74, 0x69, 0x70, 0x6C, 0x65, 0x20, 0x63, 0x68, 0x61, 0x72, 0x61,
    0x63, 0x74, 0x65, 0x72, 0x73, 0x20, 0x77, 0x69, 0x74, 0x68, 0x69, 0x6E, 0x20, 0x74, 0x68, 0x65,
    0x69, 0x72, 0x20, 0x63, 0x75, 0x72, 0x72, 0x65, 0x6E, 0x74, 0x20, 0x66, 0x61, 0x63, 0x74, 0x69,
    0x6F, 0x6E, 0x2E, 0x20, 0x59, 0x6F, 0x75, 0x20, 0x63, 0x61, 0x6E, 0x20, 0x75, 0x73, 0x65, 0x20,
    0x74, 0x68, 0x65, 0x6D, 0x20, 0x61, 0x6C, 0x6C, 0x20, 0x61, 0x74, 0x20, 0x6F, 0x6E, 0x63, 0x65,
    0x20, 0x6F, 0x72, 0x20, 0x73, 0x61, 0x76, 0x65, 0x20, 0x73, 0x6F, 0x6D, 0x65, 0x20, 0x66, 0x6F,
    0x72, 0x20, 0x6C, 0x61, 0x74, 0x65, 0x72, 0x2E, 0x20, 0x49, 0x6E, 0x63, 0x6C, 0x75, 0x64, 0x65,
    0x73, 0x20, 0x6F, 0x70, 0x74, 0x69, 0x6F, 0x6E, 0x61, 0x6C, 0x20, 0x4E, 0x61, 0x6D, 0x65, 0x20,
    0x43, 0x68, 0x61, 0x6E, 0x67, 0x65, 0x2E, 0x0D, 0x0A, 0x0D, 0x0A, 0x7C, 0x63, 0x66, 0x66, 0x36,
    0x36, 0x62, 0x62, 0x66, 0x66, 0x53, 0x65, 0x72, 0x76, 0x69, 0x63, 0x65, 0x20, 0x63, 0x61, 0x6E,
    0x6E, 0x6F, 0x74, 0x20, 0x62, 0x65, 0x20, 0x61, 0x70, 0x70, 0x6C, 0x69, 0x65, 0x64, 0x20, 0x74,
    0x6F, 0x20, 0x61, 0x20, 0x63, 0x68, 0x61, 0x72, 0x61, 0x63, 0x74, 0x65, 0x72, 0x20, 0x74, 0x68,
    0x61, 0x74, 0x20, 0x63, 0x6F, 0x6D, 0x70, 0x6C, 0x65, 0x74, 0x65, 0x64, 0x20, 0x61, 0x20, 0x72,
    0x61, 0x63, 0x65, 0x20, 0x6F, 0x72, 0x20, 0x61, 0x20, 0x66, 0x61, 0x63, 0x74, 0x69, 0x6F, 0x6E,
    0x20, 0x63, 0x68, 0x61, 0x6E, 0x67, 0x65, 0x20, 0x69, 0x6E, 0x20, 0x74, 0x68, 0x65, 0x20, 0x70,
    0x61, 0x73, 0x74, 0x20, 0x33, 0x20, 0x44, 0x61, 0x79, 0x73, 0x2E, 0x20, 0x4E, 0x6F, 0x74, 0x20,
    0x61, 0x76, 0x61, 0x69, 0x6C, 0x61, 0x62, 0x6C, 0x65, 0x20, 0x66, 0x6F, 0x72, 0x20, 0x63, 0x6C,
    0x61, 0x73, 0x73, 0x65, 0x73, 0x20, 0x77, 0x69, 0x74, 0x68, 0x20, 0x6F, 0x6E, 0x6C, 0x79, 0x20,
    0x6F, 0x6E, 0x65, 0x20, 0x72, 0x61, 0x63, 0x65, 0x20, 0x6F, 0x70, 0x74, 0x69, 0x6F, 0x6E, 0x20,
    0x77, 0x69, 0x74, 0x68, 0x69, 0x6E, 0x20, 0x61, 0x20, 0x66, 0x61, 0x63, 0x74, 0x69, 0x6F, 0x6E,
    0x20, 0x28, 0x44, 0x65, 0x6D, 0x6F, 0x6E, 0x20, 0x48, 0x75, 0x6E, 0x74, 0x65, 0x72, 0x73, 0x2C,
    0x20, 0x45, 0x76, 0x6F, 0x6B, 0x65, 0x72, 0x73, 0x29, 0x2E, 0x20, 0x43, 0x65, 0x72, 0x74, 0x61,
    0x69, 0x6E, 0x20, 0x72, 0x65, 0x73, 0x74, 0x72, 0x69, 0x63, 0x74, 0x69, 0x6F, 0x6E, 0x73, 0x20,
    0x61, 0x70, 0x70, 0x6C, 0x79, 0x2E, 0x20, 0x56, 0x69, 0x73, 0x69, 0x74, 0x20, 0x73, 0x68, 0x6F,
    0x70, 0x2E, 0x62, 0x61, 0x74, 0x74, 0x6C, 0x65, 0x2E, 0x6E, 0x65, 0x74, 0x20, 0x66, 0x6F, 0x72,
    0x20, 0x6D, 0x6F, 0x72, 0x65, 0x20, 0x69, 0x6E, 0x66, 0x6F, 0x72, 0x6D, 0x61, 0x74, 0x69, 0x6F,
    0x6E, 0x2E, 0x7C, 0x72, 0x4F, 0x03, 0x00, 0x00, 0x40, 0x0D, 0x03, 0x00, 0x00, 0x00, 0x00, 0x00,
    0x40, 0x0D, 0x03, 0x00, 0x00, 0x00, 0x00, 0x00, 0x01, 0x00, 0x00, 0x00, 0x0E, 0x00, 0x00, 0x00,
    0x0F, 0x00, 0x00, 0x00, 0x00, 0x00, 0x00, 0x00, 0x00, 0x00, 0x00, 0x00, 0x00, 0x00, 0x00, 0x00,
    0x7D, 0x44, 0x12, 0x00, 0x00, 0x00, 0x00, 0x00, 0xF2, 0x02, 0x00, 0x00, 0x00, 0x90, 0x03, 0x00,
    0x00, 0x90, 0xD0, 0x03, 0x00, 0x00, 0x00, 0x00, 0x00, 0x90, 0xD0, 0x03, 0x00, 0x00, 0x00, 0x00,
    0x00, 0x01, 0x00, 0x00, 0x00, 0x0E, 0x00, 0x00, 0x00, 0x0F, 0x00, 0x00, 0x00, 0x00, 0x00, 0x00,
    0x00, 0x00, 0x00, 0x00, 0x00, 0x00, 0x00, 0x00, 0x00, 0xC1, 0x6F, 0x14, 0x00, 0x00, 0x00, 0x00,
    0x00, 0x1B, 0x03, 0x00, 0x00, 0x00, 0x97, 0x03, 0x00, 0x00, 0x90, 0xD0, 0x03, 0x00, 0x00, 0x00,
    0x00, 0x00, 0x90, 0xD0, 0x03, 0x00, 0x00, 0x00, 0x00, 0x00, 0x02, 0x00, 0x00, 0x00, 0x0E, 0x00,
    0x00, 0x00, 0x0F, 0x00, 0x00, 0x00, 0x00, 0x00, 0x00, 0x00, 0x00, 0x00, 0x00, 0x00, 0x00, 0x00,
    0x00, 0x00, 0x26, 0x70, 0x1E, 0x00, 0x00, 0x00, 0x00, 0x00, 0x1E, 0x03, 0x00, 0x00, 0x1D, 0x03,
    0x00, 0x00, 0x00, 0x20, 0x04, 0x00, 0x00, 0x90, 0xD0, 0x03, 0x00, 0x00, 0x00, 0x00, 0x00, 0x90,
    0xD0, 0x03, 0x00, 0x00, 0x00, 0x00, 0x00, 0x01, 0x00, 0x00, 0x00, 0x0E, 0x00, 0x00, 0x00, 0x0F,
    0x00, 0x00, 0x00, 0x00, 0x00, 0x00, 0x00, 0x00, 0x00, 0x00, 0x00, 0x02, 0x00, 0x00, 0x00, 0x5D,
    0x9F, 0x04, 0x00, 0x00, 0x00, 0x00, 0x00, 0x70, 0x02, 0x00, 0x00, 0x00, 0x25, 0x04, 0x00, 0x00,
    0x50, 0xC3, 0x00, 0x00, 0x00, 0x00, 0x00, 0x00, 0x50, 0xC3, 0x00, 0x00, 0x00, 0x00, 0x00, 0x00,
    0x01, 0x00, 0x00, 0x00, 0x0E, 0x00, 0x00, 0x00, 0x0F, 0x00, 0x00, 0x00, 0x00, 0x00, 0x00, 0x00,
    0x00, 0x00, 0x00, 0x00, 0x02, 0x00, 0x00, 0x00, 0x9A, 0xF1, 0x00, 0x00, 0x00, 0x00, 0x00, 0x00,
    0x3E, 0x02, 0x00, 0x00, 0x00, 0x22, 0x04, 0x00, 0x00, 0x50, 0xC3, 0x00, 0x00, 0x00, 0x00, 0x00,
    0x00, 0x50, 0xC3, 0x00, 0x00, 0x00, 0x00, 0x00, 0x00, 0x01, 0x00, 0x00, 0x00, 0x0E, 0x00, 0x00,
    0x00, 0x0F, 0x00, 0x00, 0x00, 0x00, 0x00, 0x00, 0x00, 0x00, 0x00, 0x00, 0x00, 0x02, 0x00, 0x00,
    0x00, 0x18, 0xED, 0x0C, 0x00, 0x00, 0x00, 0x00, 0x00, 0x97, 0x02, 0x00, 0x00, 0x00, 0x24, 0x04,
    0x00, 0x00, 0xF0, 0x49, 0x02, 0x00, 0x00, 0x00, 0x00, 0x00, 0xF0, 0x49, 0x02, 0x00, 0x00, 0x00,
    0x00, 0x00, 0x01, 0x00, 0x00, 0x00, 0x0E, 0x00, 0x00, 0x00, 0x0F, 0x00, 0x00, 0x00, 0x00, 0x00,
    0x00, 0x00, 0x00, 0x00, 0x00, 0x00, 0x02, 0x00, 0x00, 0x00, 0x4E, 0x9F, 0x04, 0x00, 0x00, 0x00,
    0x00, 0x00, 0x73, 0x02, 0x00, 0x00, 0x00, 0x23, 0x04, 0x00, 0x00, 0x80, 0x38, 0x01, 0x00, 0x00,
    0x00, 0x00, 0x00, 0x80, 0x38, 0x01, 0x00, 0x00, 0x00, 0x00, 0x00, 0x01, 0x00, 0x00, 0x00, 0x0E,
    0x00, 0x00, 0x00, 0x0F, 0x00, 0x00, 0x00, 0x00, 0x00, 0x00, 0x00, 0x00, 0x00, 0x00, 0x00, 0x02,
    0x00, 0x00, 0x00, 0x17, 0xED, 0x0C, 0x00, 0x00, 0x00, 0x00, 0x00, 0x98, 0x02, 0x00, 0x00, 0x00,
    0x2A, 0x04, 0x00, 0x00, 0x90, 0xD0, 0x03, 0x00, 0x00, 0x00, 0x00, 0x00, 0x90, 0xD0, 0x03, 0x00,
    0x00, 0x00, 0x00, 0x00, 0x01, 0x00, 0x00, 0x00, 0x0E, 0x00, 0x00, 0x00, 0x0F, 0x00, 0x00, 0x00,
    0x00, 0x00, 0x00, 0x00, 0x00, 0x00, 0x00, 0x00, 0x02, 0x00, 0x00, 0x00, 0x41, 0xEF, 0x16, 0x00,
    0x00, 0x00, 0x00, 0x00, 0x50, 0x03, 0x00, 0x00, 0x00, 0x2C, 0x04, 0x00, 0x00, 0xA0, 0x86, 0x01,
    0x00, 0x00, 0x00, 0x00, 0x00, 0xA0, 0x86, 0x01, 0x00, 0x00, 0x00, 0x00, 0x00, 0x01, 0x00, 0x00,
    0x00, 0x0E, 0x00, 0x00, 0x00, 0x0F, 0x00, 0x00, 0x00, 0x00, 0x00, 0x00, 0x00, 0x00, 0x00, 0x00,
    0x00, 0x00, 0x00, 0x00, 0x00, 0x2F, 0xA2, 0x18, 0x00, 0x00, 0x00, 0x00, 0x00, 0x67, 0x03, 0x00,
    0x00, 0x00, 0x5F, 0x04, 0x00, 0x00, 0x90, 0xD0, 0x03, 0x00, 0x00, 0x00, 0x00, 0x00, 0x90, 0xD0,
    0x03, 0x00, 0x00, 0x00, 0x00, 0x00, 0x01, 0x00, 0x00, 0x00, 0x0E, 0x00, 0x00, 0x00, 0x0F, 0x00,
    0x00, 0x00, 0x00, 0x00, 0x00, 0x00, 0x00, 0x00, 0x00, 0x00, 0x02, 0x00, 0x00, 0x00, 0xDB, 0x18,
    0x1C, 0x00, 0x00, 0x00, 0x00, 0x00, 0x88, 0x03, 0x00, 0x00, 0x00, 0xBD, 0x04, 0x00, 0x00, 0xA0,
    0xBB, 0x0D, 0x00, 0x00, 0x00, 0x00, 0x00, 0xA0, 0xBB, 0x0D, 0x00, 0x00, 0x00, 0x00, 0x00, 0x01,
    0x00, 0x00, 0x00, 0x0E, 0x00, 0x00, 0x00, 0x0F, 0x00, 0x00, 0x00, 0x00, 0x00, 0x00, 0x00, 0x00,
    0x00, 0x00, 0x00, 0x00, 0x00, 0x00, 0x00, 0x9B, 0x3D, 0x1C, 0x00, 0x00, 0x00, 0x00, 0x00, 0xAE,
    0x03, 0x00, 0x00, 0x00, 0xE3, 0x04, 0x00, 0x00, 0xA0, 0x86, 0x01, 0x00, 0x00, 0x00, 0x00, 0x00,
    0xA0, 0x86, 0x01, 0x00, 0x00, 0x00, 0x00, 0x00, 0x01, 0x00, 0x00, 0x00, 0x0E, 0x00, 0x00, 0x00,
    0x0F, 0x00, 0x00, 0x00, 0x00, 0x00, 0x00, 0x00, 0x00, 0x00, 0x00, 0x00, 0x00, 0x00, 0x00, 0x00,
    0xCA, 0xD2, 0x1C, 0x00, 0x00, 0x00, 0x00, 0x00, 0xE0, 0x03, 0x00, 0x00, 0x00, 0x06, 0x05, 0x00,
    0x00, 0x1C, 0x1A, 0x06, 0x00, 0x00, 0x00, 0x00, 0x00, 0x1C, 0x1A, 0x06, 0x00, 0x00, 0x00, 0x00,
    0x00, 0x05, 0x00, 0x00, 0x00, 0x0E, 0x00, 0x00, 0x00, 0x0F, 0x00, 0x00, 0x00, 0x00, 0x00, 0x00,
    0x00, 0x00, 0x00, 0x00, 0x00, 0x02, 0x00, 0x00, 0x00, 0xC0, 0xDC, 0x1C, 0x00, 0x00, 0x00, 0x00,
    0x00, 0xFA, 0x03, 0x00, 0x00, 0xF9, 0x03, 0x00, 0x00, 0xFB, 0x03, 0x00, 0x00, 0xFC, 0x03, 0x00,
    0x00, 0xFE, 0x03, 0x00, 0x00, 0x00, 0x14, 0x05, 0x00, 0x00, 0x90, 0xD0, 0x03, 0x00, 0x00, 0x00,
    0x00, 0x00, 0x90, 0xD0, 0x03, 0x00, 0x00, 0x00, 0x00, 0x00, 0x02, 0x00, 0x00, 0x00, 0x0E, 0x00,
    0x00, 0x00, 0x0F, 0x00, 0x00, 0x00, 0x00, 0x00, 0x00, 0x00, 0x00, 0x00, 0x00, 0x00, 0x00, 0x00,
    0x00, 0x00, 0xEA, 0x55, 0x1D, 0x00, 0x00, 0x00, 0x00, 0x00, 0x0C, 0x04, 0x00, 0x00, 0x0B, 0x04,
    0x00, 0x00, 0x00, 0x23, 0x05, 0x00, 0x00, 0xA0, 0x86, 0x01, 0x00, 0x00, 0x00, 0x00, 0x00, 0xA0,
    0x86, 0x01, 0x00, 0x00, 0x00, 0x00, 0x00, 0x01, 0x00, 0x00, 0x00, 0x0E, 0x00, 0x00, 0x00, 0x0F,
    0x00, 0x00, 0x00, 0x00, 0x00, 0x00, 0x00, 0x00, 0x00, 0x00, 0x00, 0x00, 0x00, 0x00, 0x00, 0xFC,
    0x9A, 0x1D, 0x00, 0x00, 0x00, 0x00, 0x00, 0x17, 0x04, 0x00, 0x00, 0x00, 0x9B, 0x03, 0x00, 0x00,
    0xA0, 0x86, 0x01, 0x00, 0x00, 0x00, 0x00, 0x00, 0xA0, 0x86, 0x01, 0x00, 0x00, 0x00, 0x00, 0x00,
    0x01, 0x00, 0x00, 0x00, 0x07, 0x00, 0x00, 0x00, 0x4F, 0x00, 0x04, 0x00, 0x00, 0x00, 0x00, 0x00,
    0x00, 0x00, 0x00, 0x00, 0x00, 0x00, 0x00, 0x00, 0x1F, 0x49, 0x13, 0x00, 0x00, 0x00, 0x00, 0x00,
    0x27, 0x03, 0x00, 0x00, 0x80, 0xC0, 0xB0, 0x00, 0x19, 0xA0, 0x00, 0x00, 0x05, 0x00, 0x00, 0x00,
    0x00, 0x00, 0x00, 0x00, 0x00, 0x00, 0x00, 0x00, 0x00, 0x00, 0x00, 0x00, 0x00, 0x01, 0x00, 0x00,
    0x00, 0xB8, 0x30, 0x11, 0x00, 0x0A, 0x00, 0x00, 0x00, 0x4E, 0x61, 0x6D, 0x65, 0x20, 0x43, 0x68,
    0x61, 0x6E, 0x67, 0x65, 0x43, 0x68, 0x61, 0x6E, 0x67, 0x65, 0x20, 0x6F, 0x6E, 0x65, 0x20, 0x63,
    0x68, 0x61, 0x72, 0x61, 0x63, 0x74, 0x65, 0x72, 0x27, 0x73, 0x20, 0x6E, 0x61, 0x6D, 0x65, 0x2E,
    0x0D, 0x0A, 0x0D, 0x0A, 0x7C, 0x63, 0x66, 0x66, 0x36, 0x36, 0x62, 0x62, 0x66, 0x66, 0x53, 0x65,
    0x72, 0x76, 0x69, 0x63, 0x65, 0x20, 0x63, 0x61, 0x6E, 0x6E, 0x6F, 0x74, 0x20, 0x62, 0x65, 0x20,
    0x61, 0x70, 0x70, 0x6C, 0x69, 0x65, 0x64, 0x20, 0x74, 0x6F, 0x20, 0x61, 0x20, 0x63, 0x68, 0x61,
    0x72, 0x61, 0x63, 0x74, 0x65, 0x72, 0x20, 0x74, 0x68, 0x61, 0x74, 0x20, 0x63, 0x6F, 0x6D, 0x70,
    0x6C, 0x65, 0x74, 0x65, 0x64, 0x20, 0x61, 0x20, 0x6E, 0x61, 0x6D, 0x65, 0x20, 0x63, 0x68, 0x61,
    0x6E, 0x67, 0x65, 0x20, 0x69, 0x6E, 0x20, 0x74, 0x68, 0x65, 0x20, 0x70, 0x61, 0x73, 0x74, 0x20,
    0x33, 0x20, 0x44, 0x61, 0x79, 0x73, 0x2E, 0x20, 0x43, 0x65, 0x72, 0x74, 0x61, 0x69, 0x6E, 0x20,
    0x72, 0x65, 0x73, 0x74, 0x72, 0x69, 0x63, 0x74, 0x69, 0x6F, 0x6E, 0x73, 0x20, 0x61, 0x70, 0x70,
    0x6C, 0x79, 0x2E, 0x20, 0x56, 0x69, 0x73, 0x69, 0x74, 0x20, 0x73, 0x68, 0x6F, 0x70, 0x2E, 0x62,
    0x61, 0x74, 0x74, 0x6C, 0x65, 0x2E, 0x6E, 0x65, 0x74, 0x20, 0x66, 0x6F, 0x72, 0x20, 0x6D, 0x6F,
    0x72, 0x65, 0x20, 0x69, 0x6E, 0x66, 0x6F, 0x72, 0x6D, 0x61, 0x74, 0x69, 0x6F, 0x6E, 0x2E, 0x7C,
    0x72, 0x00, 0x08, 0x00, 0x00, 0x70, 0x6A, 0x00, 0x00, 0x9C, 0x03, 0x00, 0x00, 0x40, 0x0D, 0x03,
    0x00, 0x00, 0x00, 0x00, 0x00, 0x40, 0x0D, 0x03, 0x00, 0x00, 0x00, 0x00, 0x00, 0x03, 0x00, 0x00,
    0x00, 0x07, 0x00, 0x00, 0x00, 0x4F, 0x00, 0x04, 0x00, 0x00, 0x00, 0x00, 0x00, 0x00, 0x00, 0x00,
    0x00, 0x00, 0x00, 0x00, 0x00, 0x8C, 0x2C, 0x1E, 0x00, 0x00, 0x00, 0x00, 0x00, 0x27, 0x03, 0x00,
    0x00, 0x27, 0x03, 0x00, 0x00, 0x27, 0x03, 0x00, 0x00, 0x80, 0xC0, 0xE0, 0x00, 0x24, 0xA0, 0x00,
    0x00, 0x05, 0x00, 0x00, 0x00, 0x00, 0x00, 0x00, 0x00, 0x00, 0x00, 0x00, 0x00, 0x00, 0x00, 0x00,
    0x00, 0x00, 0x03, 0x00, 0x00, 0x00, 0xB8, 0x30, 0x11, 0x00, 0x0A, 0x00, 0x00, 0x00, 0x33, 0x20,
    0x4E, 0x61, 0x6D, 0x65, 0x20, 0x43, 0x68, 0x61, 0x6E, 0x67, 0x65, 0x73, 0x47, 0x65, 0x74, 0x20,
    0x61, 0x20, 0x74, 0x68, 0x72, 0x65, 0x65, 0x2D, 0x70, 0x61, 0x63, 0x6B, 0x20, 0x6F, 0x66, 0x20,
    0x6E, 0x61, 0x6D, 0x65, 0x20, 0x63, 0x68, 0x61, 0x6E, 0x67, 0x65, 0x73, 0x20, 0x74, 0x6F, 0x20,
    0x72, 0x65, 0x6E, 0x61, 0x6D, 0x65, 0x20, 0x6D, 0x75, 0x6C, 0x74, 0x69, 0x70, 0x6C, 0x65, 0x20,
    0x63, 0x68, 0x61, 0x72, 0x61, 0x63, 0x74, 0x65, 0x72, 0x73, 0x2E, 0x20, 0x59, 0x6F, 0x75, 0x20,
    0x63, 0x61, 0x6E, 0x20, 0x75, 0x73, 0x65, 0x20, 0x74, 0x68, 0x65, 0x6D, 0x20, 0x61, 0x6C, 0x6C,
    0x20, 0x61, 0x74, 0x20, 0x6F, 0x6E, 0x63, 0x65, 0x20, 0x6F, 0x72, 0x20, 0x73, 0x61, 0x76, 0x65,
    0x20, 0x73, 0x6F, 0x6D, 0x65, 0x20, 0x66, 0x6F, 0x72, 0x20, 0x6C, 0x61, 0x74, 0x65, 0x72, 0x2E,
    0x0D, 0x0A, 0x0D, 0x0A, 0x7C, 0x63, 0x66, 0x66, 0x36, 0x36, 0x62, 0x62, 0x66, 0x66, 0x53, 0x65,
    0x72, 0x76, 0x69, 0x63, 0x65, 0x20, 0x63, 0x61, 0x6E, 0x6E, 0x6F, 0x74, 0x20, 0x62, 0x65, 0x20,
    0x61, 0x70, 0x70, 0x6C, 0x69, 0x65, 0x64, 0x20, 0x74, 0x6F, 0x20, 0x61, 0x20, 0x63, 0x68, 0x61,
    0x72, 0x61, 0x63, 0x74, 0x65, 0x72, 0x20, 0x74, 0x68, 0x61, 0x74, 0x20, 0x63, 0x6F, 0x6D, 0x70,
    0x6C, 0x65, 0x74, 0x65, 0x64, 0x20, 0x61, 0x20, 0x6E, 0x61, 0x6D, 0x65, 0x20, 0x63, 0x68, 0x61,
    0x6E, 0x67, 0x65, 0x20, 0x69, 0x6E, 0x20, 0x74, 0x68, 0x65, 0x20, 0x70, 0x61, 0x73, 0x74, 0x20,
    0x33, 0x20, 0x44, 0x61, 0x79, 0x73, 0x2E, 0x20, 0x43, 0x65, 0x72, 0x74, 0x61, 0x69, 0x6E, 0x20,
    0x72, 0x65, 0x73, 0x74, 0x72, 0x69, 0x63, 0x74, 0x69, 0x6F, 0x6E, 0x73, 0x20, 0x61, 0x70, 0x70,
    0x6C, 0x79, 0x2E, 0x20, 0x56, 0x69, 0x73, 0x69, 0x74, 0x20, 0x73, 0x68, 0x6F, 0x70, 0x2E, 0x62,
    0x61, 0x74, 0x74, 0x6C, 0x65, 0x2E, 0x6E, 0x65, 0x74, 0x20, 0x66, 0x6F, 0x72, 0x20, 0x6D, 0x6F,
    0x72, 0x65, 0x20, 0x69, 0x6E, 0x66, 0x6F, 0x72, 0x6D, 0x61, 0x74, 0x69, 0x6F, 0x6E, 0x2E, 0x7C,
    0x72, 0x00, 0x08, 0x00, 0x00, 0x70, 0x6A, 0x00, 0x00, 0x9D, 0x03, 0x00, 0x00, 0x30, 0x57, 0x05,
    0x00, 0x00, 0x00, 0x00, 0x00, 0x30, 0x57, 0x05, 0x00, 0x00, 0x00, 0x00, 0x00, 0x06, 0x00, 0x00,
    0x00, 0x07, 0x00, 0x00, 0x00, 0x4F, 0x00, 0x04, 0x00, 0x00, 0x00, 0x00, 0x00, 0x00, 0x00, 0x00,
    0x00, 0x00, 0x00, 0x00, 0x00, 0x65, 0x2C, 0x1E, 0x00, 0x00, 0x00, 0x00, 0x00, 0x27, 0x03, 0x00,
    0x00, 0x27, 0x03, 0x00, 0x00, 0x27, 0x03, 0x00, 0x00, 0x27, 0x03, 0x00, 0x00, 0x27, 0x03, 0x00,
    0x00, 0x27, 0x03, 0x00, 0x00, 0x80, 0xC0, 0xE0, 0x00, 0x24, 0x60, 0x00, 0x00, 0x00, 0x00, 0x00,
    0x00, 0x00, 0x00, 0x00, 0x00, 0x00, 0x00, 0x00, 0x00, 0x00, 0x00, 0x00, 0x00, 0x00, 0x06, 0x00,
    0x00, 0x00, 0xB8, 0x30, 0x11, 0x00, 0x0A, 0x00, 0x00, 0x00, 0x36, 0x20, 0x4E, 0x61, 0x6D, 0x65,
    0x20, 0x43, 0x68, 0x61, 0x6E, 0x67, 0x65, 0x73, 0x47, 0x65, 0x74, 0x20, 0x61, 0x20, 0x73, 0x69,
    0x78, 0x2D, 0x70, 0x61, 0x63, 0x6B, 0x20, 0x6F, 0x66, 0x20, 0x6E, 0x61, 0x6D, 0x65, 0x20, 0x63,
    0x68, 0x61, 0x6E, 0x67, 0x65, 0x73, 0x20, 0x74, 0x6F, 0x20, 0x72, 0x65, 0x6E, 0x61, 0x6D, 0x65,
    0x20, 0x6D, 0x75, 0x6C, 0x74, 0x69, 0x70, 0x6C, 0x65, 0x20, 0x63, 0x68, 0x61, 0x72, 0x61, 0x63,
    0x74, 0x65, 0x72, 0x73, 0x2E, 0x20, 0x59, 0x6F, 0x75, 0x20, 0x63, 0x61, 0x6E, 0x20, 0x75, 0x73,
    0x65, 0x20, 0x74, 0x68, 0x65, 0x6D, 0x20, 0x61, 0x6C, 0x6C, 0x20, 0x61, 0x74, 0x20, 0x6F, 0x6E,
    0x63, 0x65, 0x20, 0x6F, 0x72, 0x20, 0x73, 0x61, 0x76, 0x65, 0x20, 0x73, 0x6F, 0x6D, 0x65, 0x20,
    0x66, 0x6F, 0x72, 0x20, 0x6C, 0x61, 0x74, 0x65, 0x72, 0x2E, 0x0D, 0x0A, 0x0D, 0x0A, 0x7C, 0x63,
    0x66, 0x66, 0x36, 0x36, 0x62, 0x62, 0x66, 0x66, 0x53, 0x65, 0x72, 0x76, 0x69, 0x63, 0x65, 0x20,
    0x63, 0x61, 0x6E, 0x6E, 0x6F, 0x74, 0x20, 0x62, 0x65, 0x20, 0x61, 0x70, 0x70, 0x6C, 0x69, 0x65,
    0x64, 0x20, 0x74, 0x6F, 0x20, 0x61, 0x20, 0x63, 0x68, 0x61, 0x72, 0x61, 0x63, 0x74, 0x65, 0x72,
    0x20, 0x74, 0x68, 0x61, 0x74, 0x20, 0x63, 0x6F, 0x6D, 0x70, 0x6C, 0x65, 0x74, 0x65, 0x64, 0x20,
    0x61, 0x20, 0x6E, 0x61, 0x6D, 0x65, 0x20, 0x63, 0x68, 0x61, 0x6E, 0x67, 0x65, 0x20, 0x69, 0x6E,
    0x20, 0x74, 0x68, 0x65, 0x20, 0x70, 0x61, 0x73, 0x74, 0x20, 0x33, 0x20, 0x44, 0x61, 0x79, 0x73,
    0x2E, 0x20, 0x43, 0x65, 0x72, 0x74, 0x61, 0x69, 0x6E, 0x20, 0x72, 0x65, 0x73, 0x74, 0x72, 0x69,
    0x63, 0x74, 0x69, 0x6F, 0x6E, 0x73, 0x20, 0x61, 0x70, 0x70, 0x6C, 0x79, 0x2E, 0x20, 0x56, 0x69,
    0x73, 0x69, 0x74, 0x20, 0x73, 0x68, 0x6F, 0x70, 0x2E, 0x62, 0x61, 0x74, 0x74, 0x6C, 0x65, 0x2E,
    0x6E, 0x65, 0x74, 0x20, 0x66, 0x6F, 0x72, 0x20, 0x6D, 0x6F, 0x72, 0x65, 0x20, 0x69, 0x6E, 0x66,
    0x6F, 0x72, 0x6D, 0x61, 0x74, 0x69, 0x6F, 0x6E, 0x2E, 0x7C, 0x72, 0x35, 0x04, 0x00, 0x00, 0x40,
    0x0D, 0x03, 0x00, 0x00, 0x00, 0x00, 0x00, 0x40, 0x0D, 0x03, 0x00, 0x00, 0x00, 0x00, 0x00, 0x02,
    0x00, 0x00, 0x00, 0x0E, 0x00, 0x00, 0x00, 0x0F, 0x00, 0x00, 0x00, 0x00, 0x00, 0x00, 0x00, 0x00,
    0x00, 0x00, 0x00, 0x00, 0x00, 0x00, 0x00, 0x2D, 0x71, 0x1E, 0x00, 0x00, 0x00, 0x00, 0x00, 0x6E,
    0x03, 0x00, 0x00, 0x6D, 0x03, 0x00, 0x00, 0x00, 0x49, 0x04, 0x00, 0x00, 0x40, 0x0D, 0x03, 0x00,
    0x00, 0x00, 0x00, 0x00, 0x40, 0x0D, 0x03, 0x00, 0x00, 0x00, 0x00, 0x00, 0x01, 0x00, 0x00, 0x00,
    0x0E, 0x00, 0x00, 0x00, 0x0F, 0x00, 0x00, 0x00, 0x00, 0x00, 0x00, 0x00, 0x00, 0x00, 0x00, 0x00,
    0x00, 0x00, 0x00, 0x00, 0x46, 0xBA, 0x1A, 0x00, 0x00, 0x00, 0x00, 0x00, 0x79, 0x03, 0x00, 0x00,
    0x00, 0xAB, 0x04, 0x00, 0x00, 0x40, 0x0D, 0x03, 0x00, 0x00, 0x00, 0x00, 0x00, 0x40, 0x0D, 0x03,
    0x00, 0x00, 0x00, 0x00, 0x00, 0x01, 0x00, 0x00, 0x00, 0x0E, 0x00, 0x00, 0x00, 0x0F, 0x00, 0x00,
    0x00, 0x00, 0x00, 0x00, 0x00, 0x00, 0x00, 0x00, 0x00, 0x02, 0x00, 0x00, 0x00, 0xDC, 0x18, 0x1C,
    0x00, 0x00, 0x00, 0x00, 0x00, 0xA0, 0x03, 0x00, 0x00, 0x00, 0xCE, 0x04, 0x00, 0x00, 0x90, 0xD0,
    0x03, 0x00, 0x00, 0x00, 0x00, 0x00, 0x90, 0xD0, 0x03, 0x00, 0x00, 0x00, 0x00, 0x00, 0x01, 0x00,
    0x00, 0x00, 0x0E, 0x00, 0x00, 0x00, 0x0F, 0x00, 0x00, 0x00, 0x00, 0x00, 0x00, 0x00, 0x00, 0x00,
    0x00, 0x00, 0x02, 0x00, 0x00, 0x00, 0x06, 0xA4, 0x1C, 0x00, 0x00, 0x00, 0x00, 0x00, 0xC2, 0x03,
    0x00, 0x00, 0x00, 0x0C, 0x05, 0x00, 0x00, 0x90, 0xD0, 0x03, 0x00, 0x00, 0x00, 0x00, 0x00, 0x90,
    0xD0, 0x03, 0x00, 0x00, 0x00, 0x00, 0x00, 0x01, 0x00, 0x00, 0x00, 0x0E, 0x00, 0x00, 0x00, 0x0F,
    0x00, 0x00, 0x00, 0x00, 0x00, 0x00, 0x00, 0x00, 0x00, 0x00, 0x00, 0x00, 0x00, 0x00, 0x00, 0x86,
    0xE2, 0x1C, 0x00, 0x00, 0x00, 0x00, 0x00, 0x00, 0x04, 0x00, 0x00, 0x00, 0x24, 0x05, 0x00, 0x00,
    0xA0, 0x86, 0x01, 0x00, 0x00, 0x00, 0x00, 0x00, 0xA0, 0x86, 0x01, 0x00, 0x00, 0x00, 0x00, 0x00,
    0x01, 0x00, 0x00, 0x00, 0x0E, 0x00, 0x00, 0x00, 0x0F, 0x00, 0x00, 0x00, 0x00, 0x00, 0x00, 0x00,
    0x00, 0x00, 0x00, 0x00, 0x00, 0x00, 0x00, 0x00, 0xEA, 0x9A, 0x1D, 0x00, 0x00, 0x00, 0x00, 0x00,
    0x18, 0x04, 0x00, 0x00, 0x00, 0x29, 0x05, 0x00, 0x00, 0x30, 0x57, 0x05, 0x00, 0x00, 0x00, 0x00,
    0x00, 0x30, 0x57, 0x05, 0x00, 0x00, 0x00, 0x00, 0x00, 0x06, 0x00, 0x00, 0x00, 0x0E, 0x00, 0x00,
    0x00, 0x0F, 0x00, 0x00, 0x00, 0x00, 0x00, 0x00, 0x00, 0x00, 0x00, 0x00, 0x00, 0x00, 0x00, 0x00,
    0x00, 0xEE, 0x88, 0x1D, 0x00, 0x00, 0x00, 0x00, 0x00, 0x1C, 0x04, 0x00, 0x00, 0x21, 0x04, 0x00,
    0x00, 0x1F, 0x04, 0x00, 0x00, 0x1D, 0x04, 0x00, 0x00, 0x1E, 0x04, 0x00, 0x00, 0x20, 0x04, 0x00,
    0x00, 0x00, 0xA9, 0x05, 0x00, 0x00, 0x30, 0x57, 0x05, 0x00, 0x00, 0x00, 0x00, 0x00, 0x30, 0x57,
    0x05, 0x00, 0x00, 0x00, 0x00, 0x00, 0x02, 0x00, 0x00, 0x00, 0x0E, 0x00, 0x00, 0x00, 0x0F, 0x00,
    0x00, 0x00, 0x00, 0x00, 0x00, 0x00, 0x02, 0x00, 0x00, 0x00, 0x00, 0x00, 0x00, 0x00, 0x30, 0x71,
    0x1E, 0x00, 0x00, 0x00, 0x00, 0x00, 0xC0, 0x04, 0x00, 0x00, 0xC1, 0x04, 0x00, 0x00, 0xAA, 0x05,
    0x00, 0x00, 0xAB, 0x05, 0x00, 0x00, 0x00, 0xAC, 0x05, 0x00, 0x00, 0xE0, 0x93, 0x04, 0x00, 0x00,
    0x00, 0x00, 0x00, 0xE0, 0x93, 0x04, 0x00, 0x00, 0x00, 0x00, 0x00, 0x03, 0x00, 0x00, 0x00, 0x0E,
    0x00, 0x00, 0x00, 0x0F, 0x00, 0x00, 0x00, 0x00, 0x00, 0x00, 0x00, 0x00, 0x00, 0x00, 0x00, 0x00,
    0x00, 0x00, 0x00, 0x24, 0x6E, 0x1E, 0x00, 0x00, 0x00, 0x00, 0x00, 0xC2, 0x04, 0x00, 0x00, 0xC3,
    0x04, 0x00, 0x00, 0xC4, 0x04, 0x00, 0x00, 0x00, 0xA7, 0x05, 0x00, 0x00, 0x90, 0xD0, 0x03, 0x00,
    0x00, 0x00, 0x00, 0x00, 0x90, 0xD0, 0x03, 0x00, 0x00, 0x00, 0x00, 0x00, 0x01, 0x00, 0x00, 0x00,
    0x0E, 0x00, 0x00, 0x00, 0x0F, 0x00, 0x00, 0x00, 0x00, 0x00, 0x00, 0x00, 0x00, 0x00, 0x00, 0x00,
    0x02, 0x00, 0x00, 0x00, 0x99, 0x41, 0x17, 0x00, 0x00, 0x00, 0x00, 0x00, 0x5B, 0x03, 0x00, 0x00,
    0x00, 0xA8, 0x05, 0x00, 0x00, 0xA0, 0x86, 0x01, 0x00, 0x00, 0x00, 0x00, 0x00, 0xA0, 0x86, 0x01,
    0x00, 0x00, 0x00, 0x00, 0x00, 0x01, 0x00, 0x00, 0x00, 0x0E, 0x00, 0x00, 0x00, 0x0F, 0x00, 0x00,
    0x00, 0x00, 0x00, 0x00, 0x00, 0x00, 0x00, 0x00, 0x00, 0x02, 0x00, 0x00, 0x00, 0x9A, 0x41, 0x17,
    0x00, 0x00, 0x00, 0x00, 0x00, 0x5A, 0x03, 0x00, 0x00, 0x00, 0x82, 0x05, 0x00, 0x00, 0xC0, 0x27,
    0x09, 0x00, 0x00, 0x00, 0x00, 0x00, 0xC0, 0x27, 0x09, 0x00, 0x00, 0x00, 0x00, 0x00, 0x01, 0x00,
    0x00, 0x00, 0x0E, 0x00, 0x00, 0x00, 0x5F, 0x13, 0x00, 0x00, 0x00, 0x00, 0x00, 0x00, 0x00, 0x00,
    0x00, 0x00, 0x00, 0x00, 0x00, 0x00, 0x9C, 0x0B, 0x1E, 0x00, 0x00, 0x00, 0x00, 0x00, 0x89, 0x04,
    0x00, 0x00, 0x00, 0x83, 0x05, 0x00, 0x00, 0x40, 0x42, 0x0F, 0x00, 0x00, 0x00, 0x00, 0x00, 0x40,
    0x42, 0x0F, 0x00, 0x00, 0x00, 0x00, 0x00, 0x02, 0x00, 0x00, 0x00, 0x0E, 0x00, 0x00, 0x00, 0x5F,
    0x13, 0x00, 0x00, 0x00, 0x00, 0x00, 0x00, 0x00, 0x00, 0x00, 0x00, 0x00, 0x00, 0x00, 0x00, 0xAF,
    0x2C, 0x1E, 0x00, 0x00, 0x00, 0x00, 0x00, 0x89, 0x04, 0x00, 0x00, 0x89, 0x04, 0x00, 0x00, 0x00,
    0x40, 0x05, 0x00, 0x00, 0xA0, 0x86, 0x01, 0x00, 0x00, 0x00, 0x00, 0x00, 0xA0, 0x86, 0x01, 0x00,
    0x00, 0x00, 0x00, 0x00, 0x01, 0x00, 0x00, 0x00, 0x0E, 0x00, 0x00, 0x00, 0x0F, 0x00, 0x00, 0x00,
    0x00, 0x00, 0x00, 0x00, 0x00, 0x00, 0x00, 0x00, 0x00, 0x00, 0x00, 0x00, 0x2F, 0xCE, 0x1D, 0x00,
    0x00, 0x00, 0x00, 0x00, 0x35, 0x04, 0x00, 0x00, 0x00, 0x41, 0x05, 0x00, 0x00, 0x90, 0xD0, 0x03,
    0x00, 0x00, 0x00, 0x00, 0x00, 0x90, 0xD0, 0x03, 0x00, 0x00, 0x00, 0x00, 0x00, 0x01, 0x00, 0x00,
    0x00, 0x0E, 0x00, 0x00, 0x00, 0x0F, 0x00, 0x00, 0x00, 0x00, 0x00, 0x00, 0x00, 0x00, 0x00, 0x00,
    0x00, 0x02, 0x00, 0x00, 0x00, 0x82, 0xA0, 0x1D, 0x00, 0x00, 0x00, 0x00, 0x00, 0x36, 0x04, 0x00,
    0x00, 0x00, 0x7C, 0x05, 0x00, 0x00, 0x40, 0x0D, 0x03, 0x00, 0x00, 0x00, 0x00, 0x00, 0x40, 0x0D,
    0x03, 0x00, 0x00, 0x00, 0x00, 0x00, 0x04, 0x00, 0x00, 0x00, 0x0E, 0x00, 0x00, 0x00, 0x4F, 0x11,
    0x00, 0x00, 0x00, 0x00, 0x00, 0x00, 0x00, 0x00, 0x00, 0x00, 0x01, 0x00, 0x00, 0x00, 0xAB, 0xCA,
    0x1D, 0x00, 0x00, 0x00, 0x00, 0x00, 0x7B, 0x04, 0x00, 0x00, 0x85, 0x04, 0x00, 0x00, 0x9D, 0x04,
    0x00, 0x00, 0x7E, 0x04, 0x00, 0x00, 0x00, 0x7E, 0x05, 0x00, 0x00, 0x40, 0x0D, 0x03, 0x00, 0x00,
    0x00, 0x00, 0x00, 0x40, 0x0D, 0x03, 0x00, 0x00, 0x00, 0x00, 0x00, 0x09, 0x00, 0x00, 0x00, 0x0E,
    0x00, 0x00, 0x00, 0x4F, 0x11, 0x00, 0x00, 0x85, 0x04, 0x00, 0x00, 0x00, 0x00, 0x00, 0x00, 0x01,
    0x00, 0x00, 0x00, 0xBE, 0xCA, 0x1D, 0x00, 0x00, 0x00, 0x00, 0x00, 0x7D, 0x04, 0x00, 0x00, 0x81,
    0x04, 0x00, 0x00, 0x9E, 0x04, 0x00, 0x00, 0x1D, 0x02, 0x00, 0x00, 0x7F, 0x04, 0x00, 0x00, 0x7C,
    0x04, 0x00, 0x00, 0x86, 0x04, 0x00, 0x00, 0x88, 0x04, 0x00, 0x00, 0x80, 0x04, 0x00, 0x00, 0x00,
    0x7D, 0x05, 0x00, 0x00, 0x80, 0x1A, 0x06, 0x00, 0x00, 0x00, 0x00, 0x00, 0x80, 0x1A, 0x06, 0x00,
    0x00, 0x00, 0x00, 0x00, 0x0D, 0x00, 0x00, 0x00, 0x0E, 0x00, 0x00, 0x00, 0x4F, 0x11, 0x00, 0x00,
    0x00, 0x00, 0x00, 0x00, 0x00, 0x00, 0x00, 0x00, 0x01, 0x00, 0x00, 0x00, 0xBD, 0xCA, 0x1D, 0x00,
    0x00, 0x00, 0x00, 0x00, 0x7B, 0x04, 0x00, 0x00, 0x7E, 0x04, 0x00, 0x00, 0x85, 0x04, 0x00, 0x00,
    0x7C, 0x04, 0x00, 0x00, 0x7F, 0x04, 0x00, 0x00, 0x7D, 0x04, 0x00, 0x00, 0x81, 0x04, 0x00, 0x00,
    0x80, 0x04, 0x00, 0x00, 0x1D, 0x02, 0x00, 0x00, 0x88, 0x04, 0x00, 0x00, 0x86, 0x04, 0x00, 0x00,
    0x9E, 0x04, 0x00, 0x00, 0x9D, 0x04, 0x00, 0x00, 0x00, 0x8E, 0x05, 0x00, 0x00, 0xE0, 0x93, 0x04,
    0x00, 0x00, 0x00, 0x00, 0x00, 0xE0, 0x93, 0x04, 0x00, 0x00, 0x00, 0x00, 0x00, 0x06, 0x00, 0x00,
    0x00, 0x0E, 0x00, 0x00, 0x00, 0x0F, 0x00, 0x00, 0x00, 0x00, 0x00, 0x00, 0x00, 0x00, 0x00, 0x00,
    0x00, 0x00, 0x00, 0x00, 0x00, 0x5C, 0xCD, 0x1D, 0x00, 0x00, 0x00, 0x00, 0x00, 0xA1, 0x04, 0x00,
    0x00, 0xA2, 0x04, 0x00, 0x00, 0xA4, 0x04, 0x00, 0x00, 0xA5, 0x04, 0x00, 0x00, 0xA6, 0x04, 0x00,
    0x00, 0xA3, 0x04, 0x00, 0x00, 0x00, 0x79, 0x05, 0x00, 0x00, 0xBC, 0xA0, 0x07, 0x00, 0x00, 0x00,
    0x00, 0x00, 0xBC, 0xA0, 0x07, 0x00, 0x00, 0x00, 0x00, 0x00, 0x04, 0x00, 0x00, 0x00, 0x0E, 0x00,
    0x00, 0x00, 0x4F, 0x11, 0x00, 0x00, 0x00, 0x00, 0x00, 0x00, 0x00, 0x00, 0x00, 0x00, 0x01, 0x00,
    0x00, 0x00, 0xA8, 0xCA, 0x1D, 0x00, 0x00, 0x00, 0x00, 0x00, 0x89, 0x04, 0x00, 0x00, 0x87, 0x04,
    0x00, 0x00, 0x9C, 0x04, 0x00, 0x00, 0x84, 0x04, 0x00, 0x00, 0x00, 0x7A, 0x05, 0x00, 0x00, 0xFC,
    0xAD, 0x0A, 0x00, 0x00, 0x00, 0x00, 0x00, 0xFC, 0xAD, 0x0A, 0x00, 0x00, 0x00, 0x00, 0x00, 0x08,
    0x00, 0x00, 0x00, 0x0E, 0x00, 0x00, 0x00, 0x4F, 0x11, 0x00, 0x00, 0x00, 0x00, 0x00, 0x00, 0x00,
    0x00, 0x00, 0x00, 0x01, 0x00, 0x00, 0x00, 0xAA, 0xCA, 0x1D, 0x00, 0x00, 0x00, 0x00, 0x00, 0x85,
    0x04, 0x00, 0x00, 0x7E, 0x04, 0x00, 0x00, 0x7B, 0x04, 0x00, 0x00, 0x89, 0x04, 0x00, 0x00, 0x87,
    0x04, 0x00, 0x00, 0x84, 0x04, 0x00, 0x00, 0x9C, 0x04, 0x00, 0x00, 0x9D, 0x04, 0x00, 0x00, 0x00,
    0x7B, 0x05, 0x00, 0x00, 0x3C, 0xBB, 0x0D, 0x00, 0x00, 0x00, 0x00, 0x00, 0x3C, 0xBB, 0x0D, 0x00,
    0x00, 0x00, 0x00, 0x00, 0x11, 0x00, 0x00, 0x00, 0x0E, 0x00, 0x00, 0x00, 0x4F, 0x11, 0x00, 0x00,
    0x00, 0x00, 0x00, 0x00, 0x00, 0x00, 0x00, 0x00, 0x01, 0x00, 0x00, 0x00, 0xBC, 0xCA, 0x1D, 0x00,
    0x00, 0x00, 0x00, 0x00, 0x88, 0x04, 0x00, 0x00, 0x1D, 0x02, 0x00, 0x00, 0x80, 0x04, 0x00, 0x00,
    0x81, 0x04, 0x00, 0x00, 0x7D, 0x04, 0x00, 0x00, 0x7F, 0x04, 0x00, 0x00, 0x7C, 0x04, 0x00, 0x00,
    0x86, 0x04, 0x00, 0x00, 0x85, 0x04, 0x00, 0x00, 0x7E, 0x04, 0x00, 0x00, 0x7B, 0x04, 0x00, 0x00,
    0x89, 0x04, 0x00, 0x00, 0x87, 0x04, 0x00, 0x00, 0x84, 0x04, 0x00, 0x00, 0x9C, 0x04, 0x00, 0x00,
    0x9D, 0x04, 0x00, 0x00, 0x9E, 0x04, 0x00, 0x00, 0x00, 0x9C, 0x01, 0x00, 0x00, 0x02, 0x00, 0x00,
    0x00, 0xBC, 0x41, 0x02, 0x00, 0x00, 0x00, 0x00, 0x00, 0x00, 0x00, 0x00, 0x00, 0xB1, 0xDC, 0x01,
    0x00, 0x00, 0x00, 0x00, 0x00, 0x02, 0x00, 0x00, 0x00, 0x00, 0x00, 0x00, 0x00, 0x00, 0x00, 0x00,
    0x00, 0x00, 0x00, 0x00, 0x00, 0x00, 0x00, 0x00, 0x00, 0x00, 0x00, 0x00, 0x00, 0x08, 0x00, 0x00,
    0x54, 0x77, 0x69, 0x6C, 0x69, 0x67, 0x68, 0x74, 0x9D, 0x01, 0x00, 0x00, 0x03, 0x00, 0x00, 0x00,
    0xBD, 0x41, 0x02, 0x00, 0x00, 0x00, 0x00, 0x00, 0x38, 0xB7, 0x03, 0x00, 0x00, 0x00, 0x00, 0x00,
    0x00, 0x00, 0x00, 0x00, 0x02, 0x00, 0x00, 0x00, 0x00, 0x00, 0x00, 0x00, 0x00, 0x00, 0x00, 0x00,
    0x00, 0x00, 0x00, 0x00, 0x00, 0x00, 0x00, 0x00, 0x00, 0x00, 0x00, 0x00, 0x13, 0x00, 0x00, 0x4C,
    0x75, 0x6D, 0x69, 0x6E, 0x6F, 0x75, 0x73, 0x20, 0x53, 0x74, 0x61, 0x72, 0x73, 0x65, 0x65, 0x6B,
    0x65, 0x72, 0x12, 0x01, 0x00, 0x00, 0x03, 0x00, 0x00, 0x00, 0xC5, 0x7E, 0x01, 0x00, 0x00, 0x00,
    0x00, 0x00, 0x1E, 0x2E, 0x02, 0x00, 0x00, 0x00, 0x00, 0x00, 0x00, 0x00, 0x00, 0x00, 0x02, 0x00,
    0x00, 0x00, 0x00, 0x00, 0x00, 0x00, 0x00, 0x00, 0x00, 0x00, 0x00, 0x00, 0x00, 0x00, 0x00, 0x00,
    0x00, 0x00, 0x00, 0x00, 0x00, 0x00, 0x14, 0x00, 0x00, 0x45, 0x6E, 0x63, 0x68, 0x61, 0x6E, 0x74,
    0x65, 0x64, 0x20, 0x46, 0x65, 0x79, 0x20, 0x44, 0x72, 0x61, 0x67, 0x6F, 0x6E, 0x13, 0x01, 0x00,
    0x00, 0x02, 0x00, 0x00, 0x00, 0x00, 0x9F, 0x01, 0x00, 0x00, 0x00, 0x00, 0x00, 0x00, 0x00, 0x00,
    0x00, 0xA2, 0x22, 0x01, 0x00, 0x00, 0x00, 0x00, 0x00, 0x02, 0x00, 0x00, 0x00, 0x00, 0x00, 0x00,
    0x00, 0x00, 0x00, 0x00, 0x00, 0x00, 0x00, 0x00, 0x00, 0x00, 0x00, 0x00, 0x00, 0x00, 0x00, 0x00,
    0x00, 0x10, 0x80, 0x00, 0x41, 0x6C, 0x74, 0x65, 0x72, 0x61, 0x63, 0x20, 0x42, 0x72, 0x65, 0x77,
    0x2D, 0x50, 0x75, 0x70, 0x05, 0x01, 0x00, 0x00, 0x02, 0x00, 0x00, 0x00, 0x44, 0x34, 0x01, 0x00,
    0x00, 0x00, 0x00, 0x00, 0x00, 0x00, 0x00, 0x00, 0x33, 0xE3, 0x00, 0x00, 0x00, 0x00, 0x00, 0x00,
    0x02, 0x00, 0x00, 0x00, 0x00, 0x00, 0x00, 0x00, 0x00, 0x00, 0x00, 0x00, 0x00, 0x00, 0x00, 0x00,
    0x00, 0x00, 0x00, 0x00, 0x00, 0x00, 0x00, 0x00, 0x13, 0x00, 0x00, 0x53, 0x6F, 0x75, 0x6C, 0x20,
    0x6F, 0x66, 0x20, 0x74, 0x68, 0x65, 0x20, 0x41, 0x73, 0x70, 0x65, 0x63, 0x74, 0x73, 0x06, 0x01,
    0x00, 0x00, 0x02, 0x00, 0x00, 0x00, 0x21, 0x0B, 0x01, 0x00, 0x00, 0x00, 0x00, 0x00, 0x00, 0x00,
    0x00, 0x00, 0x90, 0xC9, 0x00, 0x00, 0x00, 0x00, 0x00, 0x00, 0x02, 0x00, 0x00, 0x00, 0x00, 0x00,
    0x00, 0x00, 0x00, 0x00, 0x00, 0x00, 0x00, 0x00, 0x00, 0x00, 0x00, 0x00, 0x00, 0x00, 0x00, 0x00,
    0x00, 0x00, 0x0D, 0x00, 0x00, 0x4C, 0x69, 0x6C, 0x27, 0x20, 0x52, 0x61, 0x67, 0x6E, 0x61, 0x72,
    0x6F, 0x73, 0x08, 0x01, 0x00, 0x00, 0x02, 0x00, 0x00, 0x00, 0x23, 0x6A, 0x01, 0x00, 0x00, 0x00,
    0x00, 0x00, 0x00, 0x00, 0x00, 0x00, 0xAB, 0x0A, 0x01, 0x00, 0x00, 0x00, 0x00, 0x00, 0x02, 0x00,
    0x00, 0x00, 0x00, 0x00, 0x00, 0x00, 0x00, 0x00, 0x00, 0x00, 0x00, 0x00, 0x00, 0x00, 0x00, 0x00,
    0x00, 0x00, 0x00, 0x00, 0x00, 0x00, 0x0D, 0x80, 0x00, 0x43, 0x69, 0x6E, 0x64, 0x65, 0x72, 0x20,
    0x4B, 0x69, 0x74, 0x74, 0x65, 0x6E, 0x0A, 0x01, 0x00, 0x00, 0x02, 0x00, 0x00, 0x00, 0xF6, 0x80,
    0x01, 0x00, 0x00, 0x00, 0x00, 0x00, 0x00, 0x00, 0x00, 0x00, 0x40, 0x17, 0x01, 0x00, 0x00, 0x00,
    0x00, 0x00, 0x02, 0x00, 0x00, 0x00, 0x00, 0x00, 0x00, 0x00, 0x00, 0x00, 0x00, 0x00, 0x00, 0x00,
    0x00, 0x00, 0x00, 0x00, 0x00, 0x00, 0x00, 0x00, 0x00, 0x00, 0x12, 0x00, 0x00, 0x42, 0x6C, 0x6F,
    0x73, 0x73, 0x6F, 0x6D, 0x69, 0x6E, 0x67, 0x20, 0x41, 0x6E, 0x63, 0x69, 0x65, 0x6E, 0x74, 0x0F,
    0x01, 0x00, 0x00, 0x03, 0x00, 0x00, 0x00, 0x4C, 0x34, 0x01, 0x00, 0x00, 0x00, 0x00, 0x00, 0xE3,
    0xAD, 0x01, 0x00, 0x00, 0x00, 0x00, 0x00, 0x00, 0x00, 0x00, 0x00, 0x02, 0x00, 0x00, 0x00, 0x00,
    0x00, 0x00, 0x00, 0x00, 0x00, 0x00, 0x00, 0x00, 0x00, 0x00, 0x00, 0x00, 0x00, 0x00, 0x00, 0x00,
    0x00, 0x00, 0x00, 0x14, 0x80, 0x00, 0x48, 0x65, 0x61, 0x72, 0x74, 0x20, 0x6F, 0x66, 0x20, 0x74,
    0x68, 0x65, 0x20, 0x41, 0x73, 0x70, 0x65, 0x63, 0x74, 0x73, 0x1A, 0x01, 0x00, 0x00, 0x02, 0x00,
    0x00, 0x00, 0xF4, 0xCE, 0x01, 0x00, 0x00, 0x00, 0x00, 0x00, 0x00, 0x00, 0x00, 0x00, 0xE7, 0x5A,
    0x01, 0x00, 0x00, 0x00, 0x00, 0x00, 0x02, 0x00, 0x00, 0x00, 0x00, 0x00, 0x00, 0x00, 0x00, 0x00,
    0x00, 0x00, 0x00, 0x00, 0x00, 0x00, 0x00, 0x00, 0x00, 0x00, 0x00, 0x00, 0x00, 0x00, 0x04, 0x00,
    0x00, 0x41, 0x72, 0x67, 0x69, 0x1C, 0x01, 0x00, 0x00, 0x04, 0x00, 0x00, 0x00, 0x9E, 0xDD, 0x01,
    0x00, 0x01, 0x00, 0x00, 0x00, 0x00, 0x00, 0x00, 0x00, 0x00, 0x00, 0x00, 0x00, 0x00, 0x00, 0x00,
    0x00, 0x14, 0x00, 0x00, 0x00, 0x00, 0x00, 0x00, 0x00, 0x00, 0x00, 0x00, 0x00, 0x00, 0x00, 0x00,
    0x00, 0x00, 0x00, 0x00, 0x00, 0x00, 0x00, 0x00, 0x00, 0x09, 0x00, 0x00, 0x57, 0x6F, 0x57, 0x20,
    0x54, 0x6F, 0x6B, 0x65, 0x6E, 0x28, 0x01, 0x00, 0x00, 0x02, 0x00, 0x00, 0x00, 0xA8, 0xF5, 0x01,
    0x00, 0x00, 0x00, 0x00, 0x00, 0x00, 0x00, 0x00, 0x00, 0x23, 0x4D, 0x01, 0x00, 0x00, 0x00, 0x00,
    0x00, 0x02, 0x00, 0x00, 0x00, 0x00, 0x00, 0x00, 0x00, 0x00, 0x00, 0x00, 0x00, 0x00, 0x00, 0x00,
    0x00, 0x00, 0x00, 0x00, 0x00, 0x00, 0x00, 0x00, 0x00, 0x09, 0x00, 0x00, 0x42, 0x72, 0x69, 0x67,
    0x68, 0x74, 0x70, 0x61, 0x77, 0x1D, 0x01, 0x00, 0x00, 0x03, 0x00, 0x00, 0x00, 0x65, 0xDE, 0x01,
    0x00, 0x00, 0x00, 0x00, 0x00, 0x41, 0xC1, 0x02, 0x00, 0x00, 0x00, 0x00, 0x00, 0x00, 0x00, 0x00,
    0x00, 0x02, 0x00, 0x00, 0x00, 0x00, 0x00, 0x00, 0x00, 0x00, 0x00, 0x00, 0x00, 0x00, 0x00, 0x00,
    0x00, 0x69, 0x6C, 0x6C, 0x20, 0x66, 0x6C, 0x79, 0x20, 0x10, 0x00, 0x00, 0x4D, 0x79, 0x73, 0x74,
    0x69, 0x63, 0x20, 0x52, 0x75, 0x6E, 0x65, 0x73, 0x61, 0x62, 0x65, 0x72, 0xA0, 0x01, 0x00, 0x00,
    0x02, 0x00, 0x00, 0x00, 0xC2, 0x4E, 0x02, 0x00, 0x00, 0x00, 0x00, 0x00, 0x00, 0x00, 0x00, 0x00,
    0x02, 0xE3, 0x01, 0x00, 0x00, 0x00, 0x00, 0x00, 0x02, 0x00, 0x00, 0x00, 0x00, 0x00, 0x00, 0x00,
    0x00, 0x00, 0x00, 0x00, 0x00, 0x00, 0x00, 0x00, 0x00, 0x00, 0x00, 0x00, 0x00, 0x00, 0x00, 0x00,
    0x06, 0x00, 0x00, 0x53, 0x68, 0x61, 0x64, 0x6F, 0x77, 0xAE, 0x01, 0x00, 0x00, 0x03, 0x00, 0x00,
    0x00, 0x94, 0x63, 0x02, 0x00, 0x00, 0x00, 0x00, 0x00, 0x43, 0xF5, 0x03, 0x00, 0x00, 0x00, 0x00,
    0x00, 0x00, 0x00, 0x00, 0x00, 0x02, 0x00, 0x00, 0x00, 0x00, 0x00, 0x00, 0x00, 0x00, 0x00, 0x00,
    0x00, 0x00, 0x00, 0x00, 0x00, 0x00, 0x00, 0x00, 0x00, 0x00, 0x00, 0x00, 0x00, 0x1C, 0x00, 0x00,
    0x53, 0x68, 0x75, 0x2D, 0x7A, 0x65, 0x6E, 0x2C, 0x20, 0x74, 0x68, 0x65, 0x20, 0x44, 0x69, 0x76,
    0x69, 0x6E, 0x65, 0x20, 0x53, 0x65, 0x6E, 0x74, 0x69, 0x6E, 0x65, 0x6C, 0xB0, 0x01, 0x00, 0x00,
    0x02, 0x00, 0x00, 0x00, 0x4B, 0x73, 0x02, 0x00, 0x00, 0x00, 0x00, 0x00, 0x00, 0x00, 0x00, 0x00,
    0xF6, 0x1D, 0x02, 0x00, 0x00, 0x00, 0x00, 0x00, 0x02, 0x00, 0x00, 0x00, 0x00, 0x00, 0x00, 0x00,
    0x00, 0x00, 0x00, 0x00, 0x00, 0x00, 0x00, 0x00, 0x00, 0x00, 0x00, 0x00, 0x00, 0x00, 0x00, 0x00,
    0x07, 0x00, 0x00, 0x57, 0x68, 0x6F, 0x6D, 0x70, 0x65, 0x72, 0x26, 0x02, 0x00, 0x00, 0x0E, 0x00,
    0x00, 0x00, 0x7B, 0x8B, 0x02, 0x00, 0x01, 0x00, 0x00, 0x00, 0x00, 0x00, 0x00, 0x00, 0x00, 0x00,
    0x00, 0x00, 0x00, 0x00, 0x00, 0x00, 0x02, 0x00, 0x00, 0x00, 0x00, 0x00, 0x00, 0x00, 0x00, 0x00,
    0x00, 0x00, 0x00, 0x00, 0x00, 0x00, 0x00, 0x00, 0x00, 0x00, 0x00, 0x00, 0x00, 0x00, 0x13, 0x00,
    0x00, 0x54, 0x72, 0x61, 0x6E, 0x73, 0x6D, 0x6F, 0x72, 0x70, 0x68, 0x65, 0x72, 0x20, 0x42, 0x65,
    0x61, 0x63, 0x6F, 0x6E, 0x25, 0x02, 0x00, 0x00, 0x03, 0x00, 0x00, 0x00, 0x78, 0x8B, 0x02, 0x00,
    0x00, 0x00, 0x00, 0x00, 0x54, 0x6D, 0x04, 0x00, 0x00, 0x00, 0x00, 0x00, 0x00, 0x00, 0x00, 0x00,
    0x02, 0x00, 0x00, 0x00, 0x00, 0x00, 0x00, 0x00, 0x00, 0x00, 0x00, 0x00, 0x00, 0x00, 0x00, 0x00,
    0x00, 0x00, 0x00, 0x00, 0x00, 0x00, 0x00, 0x00, 0x11, 0x00, 0x00, 0x53, 0x79, 0x6C, 0x76, 0x65,
    0x72, 0x69, 0x61, 0x6E, 0x20, 0x44, 0x72, 0x65, 0x61, 0x6D, 0x65, 0x72, 0x23, 0x02, 0x00, 0x00,
    0x03, 0x00, 0x00, 0x00, 0x76, 0x8B, 0x02, 0x00, 0x00, 0x00, 0x00, 0x00, 0x56, 0x6D, 0x04, 0x00,
    0x00, 0x00, 0x00, 0x00, 0x00, 0x00, 0x00, 0x00, 0x02, 0x00, 0x00, 0x00, 0x00, 0x00, 0x00, 0x00,
    0x00, 0x00, 0x00, 0x00, 0x00, 0x00, 0x00, 0x00, 0x00, 0x00, 0x00, 0x00, 0x00, 0x00, 0x00, 0x00,
    0x1D, 0x00, 0x00, 0x48, 0x6F, 0x67, 0x72, 0x75, 0x73, 0x2C, 0x20, 0x53, 0x77, 0x69, 0x6E, 0x65,
    0x20, 0x6F, 0x66, 0x20, 0x47, 0x6F, 0x6F, 0x64, 0x20, 0x46, 0x6F, 0x72, 0x74, 0x75, 0x6E, 0x65,
    0x24, 0x02, 0x00, 0x00, 0x03, 0x00, 0x00, 0x00, 0x77, 0x8B, 0x02, 0x00, 0x00, 0x00, 0x00, 0x00,
    0x55, 0x6D, 0x04, 0x00, 0x00, 0x00, 0x00, 0x00, 0x00, 0x00, 0x00, 0x00, 0x02, 0x00, 0x00, 0x00,
    0x00, 0x00, 0x00, 0x00, 0x00, 0x00, 0x00, 0x00, 0x00, 0x00, 0x00, 0x00, 0x00, 0x00, 0x00, 0x00,
    0x00, 0x00, 0x00, 0x00, 0x10, 0x00, 0x00, 0x56, 0x75, 0x6C, 0x70, 0x69, 0x6E, 0x65, 0x20, 0x46,
    0x61, 0x6D, 0x69, 0x6C, 0x69, 0x61, 0x72, 0x40, 0x02, 0x00, 0x00, 0x03, 0x00, 0x00, 0x00, 0xD4,
    0xE6, 0x03, 0x00, 0x00, 0x00, 0x00, 0x00, 0x6E, 0xB3, 0x04, 0x00, 0x00, 0x00, 0x00, 0x00, 0x00,
    0x00, 0x00, 0x00, 0x02, 0x00, 0x00, 0x00, 0x00, 0x00, 0x00, 0x00, 0x00, 0x00, 0x00, 0x00, 0x00,
    0x00, 0x00, 0x00, 0x00, 0x00, 0x00, 0x00, 0x00, 0x00, 0x00, 0x00, 0x18, 0x00, 0x00, 0x53, 0x71,
    0x75, 0x65, 0x61, 0x6B, 0x65, 0x72, 0x73, 0x2C, 0x20, 0x74, 0x68, 0x65, 0x20, 0x54, 0x72, 0x69,
    0x63, 0x6B, 0x73, 0x74, 0x65, 0x72, 0x52, 0x02, 0x00, 0x00, 0x02, 0x00, 0x00, 0x00, 0xD5, 0xE6,
    0x03, 0x00, 0x00, 0x00, 0x00, 0x00, 0x00, 0x00, 0x00, 0x00, 0xBE, 0x69, 0x02, 0x00, 0x00, 0x00,
    0x00, 0x00, 0x02, 0x00, 0x00, 0x00, 0x00, 0x00, 0x00, 0x00, 0x00, 0x00, 0x00, 0x00, 0x00, 0x00,
    0x00, 0x00, 0x00, 0x00, 0x00, 0x00, 0x00, 0x00, 0x00, 0x00, 0x05, 0x00, 0x00, 0x44, 0x61, 0x69,
    0x73, 0x79, 0x55, 0x02, 0x00, 0x00, 0x03, 0x00, 0x00, 0x00, 0xD3, 0xE6, 0x03, 0x00, 0x00, 0x00,
    0x00, 0x00, 0xF6, 0xFA, 0x04, 0x00, 0x00, 0x00, 0x00, 0x00, 0x00, 0x00, 0x00, 0x00, 0x02, 0x00,
    0x00, 0x00, 0x00, 0x00, 0x00, 0x00, 0x00, 0x00, 0x00, 0x00, 0x00, 0x00, 0x00, 0x00, 0x00, 0x00,
    0x00, 0x00, 0x00, 0x00, 0x00, 0x00, 0x16, 0x00, 0x00, 0x53, 0x74, 0x65, 0x61, 0x6D, 0x73, 0x63,
    0x61, 0x6C, 0x65, 0x20, 0x49, 0x6E, 0x63, 0x69, 0x6E, 0x65, 0x72, 0x61, 0x74, 0x6F, 0x72, 0x68,
    0x02, 0x00, 0x00, 0x03, 0x00, 0x00, 0x00, 0xD1, 0xE6, 0x03, 0x00, 0x00, 0x00, 0x00, 0x00, 0xA4,
    0x4E, 0x05, 0x00, 0x00, 0x00, 0x00, 0x00, 0x00, 0x00, 0x00, 0x00, 0x02, 0x00, 0x00, 0x00, 0x00,
    0x00, 0x00, 0x00, 0x00, 0x00, 0x00, 0x00, 0x00, 0x00, 0x00, 0x00, 0x00, 0x00, 0x00, 0x00, 0x00,
    0x00, 0x00, 0x00, 0x12, 0x00, 0x00, 0x53, 0x61, 0x70, 0x70, 0x68, 0x69, 0x72, 0x65, 0x20, 0x53,
    0x6B, 0x79, 0x62, 0x6C, 0x61, 0x7A, 0x65, 0x72, 0xC7, 0x02, 0x00, 0x00, 0x02, 0x00, 0x00, 0x00,
    0xD6, 0xA9, 0x01, 0x00, 0x00, 0x00, 0x00, 0x00, 0x00, 0x00, 0x00, 0x00, 0x51, 0x2D, 0x01, 0x00,
    0x00, 0x00, 0x00, 0x00, 0x02, 0x00, 0x00, 0x00, 0x00, 0x00, 0x00, 0x00, 0x00, 0x00, 0x00, 0x00,
    0x00, 0x00, 0x00, 0x00, 0x00, 0x00, 0x00, 0x00, 0x00, 0x00, 0x00, 0x00, 0x0F, 0x00, 0x00, 0x44,
    0x72, 0x65, 0x61, 0x64, 0x20, 0x48, 0x61, 0x74, 0x63, 0x68, 0x6C, 0x69, 0x6E, 0x67, 0xC8, 0x02,
    0x00, 0x00, 0x03, 0x00, 0x00, 0x00, 0xD5, 0xA9, 0x01, 0x00, 0x00, 0x00, 0x00, 0x00, 0x5D, 0x60,
    0x02, 0x00, 0x00, 0x00, 0x00, 0x00, 0x00, 0x00, 0x00, 0x00, 0x02, 0x00, 0x00, 0x00, 0x00, 0x00,
    0x00, 0x00, 0x00, 0x00, 0x00, 0x00, 0x00, 0x00, 0x00, 0x00, 0x00, 0x00, 0x00, 0x00, 0x00, 0x00,
    0x00, 0x00, 0x0B, 0x00, 0x00, 0x44, 0x72, 0x65, 0x61, 0x64, 0x20, 0x52, 0x61, 0x76, 0x65, 0x6E,
    0x69, 0x02, 0x00, 0x00, 0x1A, 0x00, 0x00, 0x00, 0x50, 0xE7, 0x03, 0x00, 0x00, 0x00, 0x00, 0x00,
    0x00, 0x00, 0x00, 0x00, 0x00, 0x00, 0x00, 0x00, 0x00, 0x00, 0x00, 0x00, 0x02, 0x00, 0x00, 0x00,
    0x00, 0x00, 0x00, 0x00, 0x98, 0x08, 0x00, 0x00, 0x00, 0x00, 0x00, 0x00, 0x00, 0x00, 0x00, 0x00,
    0x00, 0x00, 0x00, 0x00, 0x1D, 0x00, 0x00, 0x43, 0x65, 0x6C, 0x65, 0x73, 0x74, 0x69, 0x61, 0x6C,
    0x20, 0x4F, 0x62, 0x73, 0x65, 0x72, 0x76, 0x65, 0x72, 0x27, 0x73, 0x20, 0x45, 0x6E, 0x73, 0x65,
    0x6D, 0x62, 0x6C, 0x65, 0x45, 0x02, 0x00, 0x00, 0x1A, 0x00, 0x00, 0x00, 0x49, 0xE7, 0x03, 0x00,
    0x00, 0x00, 0x00, 0x00, 0x00, 0x00, 0x00, 0x00, 0x00, 0x00, 0x00, 0x00, 0x00, 0x00, 0x00, 0x00,
    0x02, 0x00, 0x00, 0x00, 0x00, 0x00, 0x00, 0x00, 0x7A, 0x07, 0x00, 0x00, 0x00, 0x00, 0x00, 0x00,
    0x00, 0x00, 0x00, 0x00, 0x00, 0x00, 0x00, 0x00, 0x15, 0x00, 0x00, 0x53, 0x70, 0x72, 0x69, 0x74,
    0x65, 0x20, 0x44, 0x61, 0x72, 0x74, 0x65, 0x72, 0x27, 0x73, 0x20, 0x57, 0x69, 0x6E, 0x67, 0x73,
    0x5E, 0x01, 0x00, 0x00, 0x02, 0x00, 0x00, 0x00, 0x6F, 0x4F, 0x01, 0x00, 0x01, 0x00, 0x00, 0x00,
    0x00, 0x00, 0x00, 0x00, 0x58, 0xF9, 0x00, 0x00, 0x00, 0x00, 0x00, 0x00, 0x02, 0x00, 0x00, 0x00,
    0x00, 0x00, 0x00, 0x00, 0x00, 0x00, 0x00, 0x00, 0x00, 0x00, 0x00, 0x00, 0x00, 0x00, 0x00, 0x00,
    0x00, 0x00, 0x00, 0x00, 0x10, 0x80, 0x00, 0x4C, 0x75, 0x63, 0x6B, 0x79, 0x20, 0x51, 0x75, 0x69,
    0x6C, 0x65, 0x6E, 0x20, 0x43, 0x75, 0x62, 0x5F, 0x01, 0x00, 0x00, 0x03, 0x00, 0x00, 0x00, 0x6E,
    0x4F, 0x01, 0x00, 0x01, 0x00, 0x00, 0x00, 0xF3, 0xE6, 0x01, 0x00, 0x00, 0x00, 0x00, 0x00, 0x00,
    0x00, 0x00, 0x00, 0x02, 0x00, 0x00, 0x00, 0x00, 0x00, 0x00, 0x00, 0x00, 0x00, 0x00, 0x00, 0x00,
    0x00, 0x00, 0x00, 0x00, 0x00, 0x00, 0x00, 0x00, 0x00, 0x00, 0x00, 0x0F, 0x80, 0x00, 0x49, 0x6D,
    0x70, 0x65, 0x72, 0x69, 0x61, 0x6C, 0x20, 0x51, 0x75, 0x69, 0x6C, 0x65, 0x6E, 0x41, 0x02, 0x00,
    0x00, 0x03, 0x00, 0x00, 0x00, 0xD2, 0xE6, 0x03, 0x00, 0x00, 0x00, 0x00, 0x00, 0x77, 0xB3, 0x04,
    0x00, 0x00, 0x00, 0x00, 0x00, 0x00, 0x00, 0x00, 0x00, 0x02, 0x00, 0x00, 0x00, 0x00, 0x00, 0x00,
    0x00, 0x00, 0x00, 0x00, 0x00, 0x00, 0x00, 0x00, 0x00, 0x00, 0x00, 0x00, 0x00, 0x00, 0x00, 0x00,
    0x00, 0x09, 0x00, 0x00, 0x4C, 0x75, 0x63, 0x6B, 0x79, 0x20, 0x59, 0x75, 0x6E, 0x6C, 0x02, 0x00,
    0x00, 0x02, 0x00, 0x00, 0x00, 0x1C, 0xC9, 0x03, 0x00, 0x00, 0x00, 0x00, 0x00, 0x00, 0x00, 0x00,
    0x00, 0x85, 0xBD, 0x02, 0x00, 0x00, 0x00, 0x00, 0x00, 0x02, 0x00, 0x00, 0x00, 0x00, 0x00, 0x00,
    0x00, 0x00, 0x00, 0x00, 0x00, 0x00, 0x00, 0x00, 0x00, 0x00, 0x00, 0x00, 0x00, 0x00, 0x00, 0x00,
    0x00, 0x06, 0x00, 0x00, 0x42, 0x6C, 0x69, 0x6E, 0x6B, 0x79, 0x75, 0x02, 0x00, 0x00, 0x1A, 0x00,
    0x00, 0x00, 0x5F, 0xE7, 0x03, 0x00, 0x00, 0x00, 0x00, 0x00, 0x00, 0x00, 0x00, 0x00, 0x00, 0x00,
    0x00, 0x00, 0x00, 0x00, 0x00, 0x00, 0x02, 0x00, 0x00, 0x00, 0x00, 0x00, 0x00, 0x00, 0xF3, 0x08,
    0x00, 0x00, 0x00, 0x00, 0x00, 0x00, 0x00, 0x00, 0x00, 0x00, 0x00, 0x00, 0x00, 0x00, 0x18, 0x00,
    0x00, 0x42, 0x61, 0x62, 0x79, 0x20, 0x4D, 0x75, 0x72, 0x6C, 0x6F, 0x63, 0x20, 0x53, 0x61, 0x74,
    0x63, 0x68, 0x2D, 0x53, 0x68, 0x65, 0x6C, 0x6C, 0x73, 0x74, 0x02, 0x00, 0x00, 0x03, 0x00, 0x00,
    0x00, 0xD0, 0xE6, 0x03, 0x00, 0x00, 0x00, 0x00, 0x00, 0x95, 0x7B, 0x05, 0x00, 0x00, 0x00, 0x00,
    0x00, 0x00, 0x00, 0x00, 0x00, 0x02, 0x00, 0x00, 0x00, 0x00, 0x00, 0x00, 0x00, 0x00, 0x00, 0x00,
    0x00, 0x00, 0x00, 0x00, 0x00, 0x00, 0x00, 0x00, 0x00, 0x00, 0x00, 0x00, 0x00, 0x18, 0x00, 0x00,
    0x57, 0x65, 0x6E, 0x20, 0x4C, 0x6F, 0x2C, 0x20, 0x54, 0x68, 0x65, 0x20, 0x52, 0x69, 0x76, 0x65,
    0x72, 0x27, 0x73, 0x20, 0x45, 0x64, 0x67, 0x65, 0x77, 0x02, 0x00, 0x00, 0x0B, 0x00, 0x00, 0x00,
    0x00, 0x00, 0x00, 0x00, 0x00, 0x00, 0x00, 0x00, 0x00, 0x00, 0x00, 0x00, 0x00, 0x00, 0x00, 0x00,
    0x00, 0x00, 0x00, 0x00, 0x00, 0x04, 0x00, 0x00, 0x00, 0x00, 0x00, 0x00, 0x00, 0x00, 0x00, 0x00,
    0x00, 0x00, 0x00, 0x00, 0x00, 0x00, 0x00, 0x00, 0x00, 0x00, 0x00, 0x00, 0x12, 0x00, 0x00, 0x43,
    0x68, 0x61, 0x72, 0x61, 0x63, 0x74, 0x65, 0x72, 0x20, 0x54, 0x72, 0x61, 0x6E, 0x73, 0x66, 0x65,
    0x72, 0x80, 0x02, 0x00, 0x00, 0x03, 0x00, 0x00, 0x00, 0xAA, 0xC3, 0x03, 0x00, 0x00, 0x00, 0x00,
    0x00, 0xF9, 0xD6, 0x04, 0x00, 0x00, 0x00, 0x00, 0x00, 0x00, 0x00, 0x00, 0x00, 0x02, 0x00, 0x00,
    0x00, 0x00, 0x00, 0x00, 0x00, 0x00, 0x00, 0x00, 0x00, 0x00, 0x00, 0x00, 0x00, 0x00, 0x00, 0x00,
    0x00, 0x00, 0x00, 0x00, 0x00, 0x11, 0x00, 0x00, 0x53, 0x75, 0x6E, 0x77, 0x61, 0x72, 0x6D, 0x65,
    0x64, 0x20, 0x46, 0x75, 0x72, 0x6C, 0x69, 0x6E, 0x65, 0x90, 0x02, 0x00, 0x00, 0x02, 0x00, 0x00,
    0x00, 0xCF, 0xE6, 0x03, 0x00, 0x01, 0x00, 0x00, 0x00, 0x00, 0x00, 0x00, 0x00, 0x1F, 0xC5, 0x02,
    0x00, 0x00, 0x00, 0x00, 0x00, 0x02, 0x00, 0x00, 0x00, 0x00, 0x00, 0x00, 0x00, 0x00, 0x00, 0x00,
    0x00, 0x00, 0x00, 0x00, 0x00, 0x00, 0x00, 0x00, 0x00, 0x00, 0x00, 0x00, 0x00, 0x0C, 0x80, 0x00,
    0x4D, 0x75, 0x72, 0x6B, 0x61, 0x73, 0x74, 0x72, 0x61, 0x73, 0x7A, 0x61, 0x95, 0x02, 0x00, 0x00,
    0x1A, 0x00, 0x00, 0x00, 0x47, 0xE7, 0x03, 0x00, 0x00, 0x00, 0x00, 0x00, 0x00, 0x00, 0x00, 0x00,
    0x00, 0x00, 0x00, 0x00, 0x00, 0x00, 0x00, 0x00, 0x02, 0x00, 0x00, 0x00, 0x00, 0x00, 0x00, 0x00,
    0xB2, 0x09, 0x00, 0x00, 0x00, 0x00, 0x00, 0x00, 0x00, 0x00, 0x00, 0x00, 0x00, 0x00, 0x00, 0x00,
    0x11, 0x00, 0x00, 0x46, 0x69, 0x72, 0x65, 0x70, 0x6C, 0x75, 0x6D, 0x65, 0x20, 0x52, 0x65, 0x67,
    0x61, 0x6C, 0x69, 0x61, 0x3B, 0x02, 0x00, 0x00, 0x03, 0x00, 0x00, 0x00, 0xCD, 0xE6, 0x03, 0x00,
    0x00, 0x00, 0x00, 0x00, 0xDC, 0xB2, 0x04, 0x00, 0x00, 0x00, 0x00, 0x00, 0x00, 0x00, 0x00, 0x00,
    0x02, 0x00, 0x00, 0x00, 0x00, 0x00, 0x00, 0x00, 0x00, 0x00, 0x00, 0x00, 0x00, 0x00, 0x00, 0x00,
    0x00, 0x00, 0x00, 0x00, 0x00, 0x00, 0x00, 0x00, 0x14, 0x80, 0x00, 0x45, 0x6E, 0x73, 0x6F, 0x72,
    0x63, 0x65, 0x6C, 0x6C, 0x65, 0x64, 0x20, 0x45, 0x76, 0x65, 0x72, 0x77, 0x79, 0x72, 0x6D, 0x3D,
    0x02, 0x00, 0x00, 0x02, 0x00, 0x00, 0x00, 0x1B, 0xC9, 0x03, 0x00, 0x00, 0x00, 0x00, 0x00, 0x00,
    0x00, 0x00, 0x00, 0x11, 0x69, 0x02, 0x00, 0x00, 0x00, 0x00, 0x00, 0x02, 0x00, 0x00, 0x00, 0x00,
    0x00, 0x00, 0x00, 0x00, 0x00, 0x00, 0x00, 0x00, 0x00, 0x00, 0x00, 0x00, 0x00, 0x00, 0x00, 0x00,
    0x00, 0x00, 0x00, 0x0E, 0x80, 0x00, 0x41, 0x6E, 0x69, 0x6D, 0x61, 0x20, 0x57, 0x79, 0x72, 0x6D,
    0x6C, 0x69, 0x6E, 0x67, 0x86, 0x02, 0x00, 0x00, 0x02, 0x00, 0x00, 0x00, 0x7A, 0xE8, 0x02, 0x00,
    0x01, 0x00, 0x00, 0x00, 0x00, 0x00, 0x00, 0x00, 0xF2, 0xD4, 0x02, 0x00, 0x00, 0x00, 0x00, 0x00,
    0x02, 0x00, 0x00, 0x00, 0x00, 0x00, 0x00, 0x00, 0x00, 0x00, 0x00, 0x00, 0x00, 0x00, 0x00, 0x00,
    0x00, 0x00, 0x00, 0x00, 0x00, 0x00, 0x00, 0x00, 0x0A, 0x00, 0x00, 0x4C, 0x69, 0x6C, 0x27, 0x20,
    0x55, 0x72, 0x73, 0x6F, 0x63, 0x87, 0x02, 0x00, 0x00, 0x06, 0x00, 0x00, 0x00, 0x00, 0x00, 0x00,
    0x00, 0x00, 0x00, 0x00, 0x00, 0x00, 0x00, 0x00, 0x00, 0x00, 0x00, 0x00, 0x00, 0x00, 0x00, 0x00,
    0x00, 0x00, 0x04, 0x00, 0x00, 0x00, 0x00, 0x00, 0x00, 0x00, 0x00, 0x00, 0x00, 0x00, 0x00, 0x00,
    0x00, 0x00, 0x00, 0x00, 0x00, 0x00, 0x00, 0x00, 0x00, 0x14, 0x00, 0x00, 0x5B, 0x44, 0x4E, 0x54,
    0x5D, 0x20, 0x46, 0x61, 0x63, 0x74, 0x69, 0x6F, 0x6E, 0x20, 0x43, 0x68, 0x61, 0x6E, 0x67, 0x65,
    0xC3, 0x02, 0x00, 0x00, 0x03, 0x00, 0x00, 0x00, 0x18, 0xC9, 0x03, 0x00, 0x00, 0x00, 0x00, 0x00,
    0x2B, 0xA3, 0x05, 0x00, 0x00, 0x00, 0x00, 0x00, 0x00, 0x00, 0x00, 0x00, 0x02, 0x00, 0x00, 0x00,
    0x00, 0x00, 0x00, 0x00, 0x00, 0x00, 0x00, 0x00, 0x00, 0x00, 0x00, 0x00, 0x00, 0x00, 0x00, 0x00,
    0x00, 0x00, 0x00, 0x00, 0x15, 0x80, 0x00, 0x4A, 0x61, 0x64, 0x65, 0x2C, 0x20, 0x42, 0x72, 0x69,
    0x67, 0x68, 0x74, 0x20, 0x46, 0x6F, 0x72, 0x65, 0x73, 0x65, 0x65, 0x72, 0x92, 0x02, 0x00, 0x00,
    0x03, 0x00, 0x00, 0x00, 0x75, 0xE8, 0x02, 0x00, 0x01, 0x00, 0x00, 0x00, 0x3C, 0x9C, 0x05, 0x00,
    0x00, 0x00, 0x00, 0x00, 0x00, 0x00, 0x00, 0x00, 0x02, 0x00, 0x00, 0x00, 0x00, 0x00, 0x00, 0x00,
    0x00, 0x00, 0x00, 0x00, 0x00, 0x00, 0x00, 0x00, 0x00, 0x00, 0x00, 0x00, 0x00, 0x00, 0x00, 0x00,
    0x17, 0x00, 0x00, 0x4E, 0x65, 0x74, 0x68, 0x65, 0x72, 0x2D, 0x47, 0x6F, 0x72, 0x67, 0x65, 0x64,
    0x20, 0x47, 0x72, 0x65, 0x61, 0x74, 0x77, 0x79, 0x72, 0x6D, 0x67, 0x02, 0x00, 0x00, 0x03, 0x00,
    0x00, 0x00, 0x1A, 0xC9, 0x03, 0x00, 0x00, 0x00, 0x00, 0x00, 0x18, 0x48, 0x05, 0x00, 0x00, 0x00,
    0x00, 0x00, 0x00, 0x00, 0x00, 0x00, 0x02, 0x00, 0x00, 0x00, 0x00, 0x00, 0x00, 0x00, 0x00, 0x00,
    0x00, 0x00, 0x00, 0x00, 0x00, 0x00, 0x00, 0x00, 0x00, 0x00, 0x00, 0x00, 0x00, 0x00, 0x15, 0x00,
    0x00, 0x56, 0x69, 0x72, 0x69, 0x64, 0x69, 0x61, 0x6E, 0x20, 0x50, 0x68, 0x61, 0x73, 0x65, 0x2D,
    0x48, 0x75, 0x6E, 0x74, 0x65, 0x72, 0xDD, 0x02, 0x00, 0x00, 0x08, 0x00, 0x00, 0x00, 0x00, 0x00,
    0x00, 0x00, 0x00, 0x00, 0x00, 0x00, 0x00, 0x00, 0x00, 0x00, 0x00, 0x00, 0x00, 0x00, 0x00, 0x00,
    0x00, 0x00, 0x00, 0x04, 0x00, 0x00, 0x00, 0x00, 0x00, 0x00, 0x00, 0x00, 0x00, 0x00, 0x00, 0x00,
    0x00, 0x00, 0x00, 0x00, 0x00, 0x00, 0x00, 0x00, 0x00, 0x00, 0x11, 0x00, 0x00, 0x5B, 0x44, 0x4E,
    0x54, 0x5D, 0x20, 0x52, 0x61, 0x63, 0x65, 0x20, 0x43, 0x68, 0x61, 0x6E, 0x67, 0x65, 0xF2, 0x02,
    0x00, 0x00, 0x1A, 0x00, 0x00, 0x00, 0x1E, 0xC9, 0x03, 0x00, 0x00, 0x00, 0x00, 0x00, 0x00, 0x00,
    0x00, 0x00, 0x00, 0x00, 0x00, 0x00, 0x00, 0x00, 0x00, 0x00, 0x02, 0x00, 0x00, 0x00, 0x00, 0x00,
    0x00, 0x00, 0x29, 0x0B, 0x00, 0x00, 0x00, 0x00, 0x00, 0x00, 0x00, 0x00, 0x00, 0x00, 0x00, 0x00,
    0x00, 0x00, 0x1C, 0x00, 0x00, 0x57, 0x61, 0x76, 0x65, 0x62, 0x6F, 0x72, 0x6E, 0x65, 0x20, 0x44,
    0x69, 0x70, 0x6C, 0x6F, 0x6D, 0x61, 0x74, 0x27, 0x73, 0x20, 0x52, 0x65, 0x67, 0x61, 0x6C, 0x69,
    0x61, 0x1B, 0x03, 0x00, 0x00, 0x03, 0x00, 0x00, 0x00, 0x57, 0x25, 0x03, 0x00, 0x00, 0x00, 0x00,
    0x00, 0x5E, 0x10, 0x06, 0x00, 0x00, 0x00, 0x00, 0x00, 0x00, 0x00, 0x00, 0x00, 0x02, 0x00, 0x00,
    0x00, 0x00, 0x00, 0x00, 0x00, 0x00, 0x00, 0x00, 0x00, 0x00, 0x00, 0x00, 0x00, 0x00, 0x00, 0x00,
    0x00, 0x00, 0x00, 0x00, 0x00, 0x14, 0x00, 0x00, 0x57, 0x6F, 0x6E, 0x64, 0x72, 0x6F, 0x75, 0x73,
    0x20, 0x57, 0x61, 0x76, 0x65, 0x77, 0x68, 0x69, 0x73, 0x6B, 0x65, 0x72, 0x1E, 0x03, 0x00, 0x00,
    0x02, 0x00, 0x00, 0x00, 0x90, 0xE8, 0x02, 0x00, 0x01, 0x00, 0x00, 0x00, 0x00, 0x00, 0x00, 0x00,
    0x0B, 0xD5, 0x02, 0x00, 0x00, 0x00, 0x00, 0x00, 0x02, 0x00, 0x00, 0x00, 0x00, 0x00, 0x00, 0x00,
    0x00, 0x00, 0x00, 0x00, 0x00, 0x00, 0x00, 0x00, 0x00, 0x00, 0x00, 0x00, 0x00, 0x00, 0x00, 0x00,
    0x09, 0x00, 0x00, 0x43, 0x72, 0x75, 0x73, 0x68, 0x68, 0x6F, 0x6F, 0x66, 0x1D, 0x03, 0x00, 0x00,
    0x03, 0x00, 0x00, 0x00, 0xAC, 0xE8, 0x02, 0x00, 0x00, 0x00, 0x00, 0x00, 0x03, 0x9D, 0x05, 0x00,
    0x00, 0x00, 0x00, 0x00, 0x00, 0x00, 0x00, 0x00, 0x02, 0x00, 0x00, 0x00, 0x00, 0x00, 0x00, 0x00,
    0x00, 0x00, 0x00, 0x00, 0x00, 0x00, 0x00, 0x00, 0x00, 0x00, 0x00, 0x00, 0x00, 0x00, 0x00, 0x00,
    0x12, 0x00, 0x00, 0x41, 0x72, 0x6D, 0x6F, 0x72, 0x65, 0x64, 0x20, 0x53, 0x69, 0x65, 0x67, 0x65,
    0x20, 0x4B, 0x6F, 0x64, 0x6F, 0x70, 0x02, 0x00, 0x00, 0x03, 0x00, 0x00, 0x00, 0x19, 0xC9, 0x03,
    0x00, 0x00, 0x00, 0x00, 0x00, 0xA3, 0x7D, 0x05, 0x00, 0x00, 0x00, 0x00, 0x00, 0x00, 0x00, 0x00,
    0x00, 0x02, 0x00, 0x00, 0x00, 0x00, 0x00, 0x00, 0x00, 0x00, 0x00, 0x00, 0x00, 0x00, 0x00, 0x00,
    0x00, 0x00, 0x00, 0x00, 0x00, 0x00, 0x00, 0x00, 0x00, 0x00, 0x80, 0x00, 0x3E, 0x02, 0x00, 0x00,
    0x0E, 0x00, 0x00, 0x00, 0x93, 0xA0, 0x02, 0x00, 0x00, 0x00, 0x00, 0x00, 0x00, 0x00, 0x00, 0x00,
    0x00, 0x00, 0x00, 0x00, 0x00, 0x00, 0x00, 0x00, 0x02, 0x00, 0x00, 0x00, 0x00, 0x00, 0x00, 0x00,
    0x00, 0x00, 0x00, 0x00, 0x00, 0x00, 0x00, 0x00, 0x00, 0x00, 0x00, 0x00, 0x00, 0x00, 0x00, 0x00,
    0x25, 0x80, 0x00, 0x45, 0x74, 0x65, 0x72, 0x6E, 0x61, 0x6C, 0x20, 0x54, 0x72, 0x61, 0x76, 0x65,
    0x6C, 0x65, 0x72, 0x27, 0x73, 0x20, 0x48, 0x65, 0x61, 0x72, 0x74, 0x68, 0x73, 0x74, 0x6F, 0x6E,
    0x65, 0x20, 0x45, 0x66, 0x66, 0x65, 0x63, 0x74, 0x97, 0x02, 0x00, 0x00, 0x0E, 0x00, 0x00, 0x00,
    0x34, 0xF4, 0x02, 0x00, 0x00, 0x00, 0x00, 0x00, 0x00, 0x00, 0x00, 0x00, 0x00, 0x00, 0x00, 0x00,
    0x00, 0x00, 0x00, 0x00, 0x02, 0x00, 0x00, 0x00, 0x00, 0x00, 0x00, 0x00, 0x00, 0x00, 0x00, 0x00,
    0x00, 0x00, 0x00, 0x00, 0x00, 0x00, 0x00, 0x00, 0x00, 0x00, 0x00, 0x00, 0x1F, 0x80, 0x00, 0x54,
    0x69, 0x6D, 0x65, 0x77, 0x61, 0x6C, 0x6B, 0x65, 0x72, 0x27, 0x73, 0x20, 0x48, 0x65, 0x61, 0x72,
    0x74, 0x68, 0x73, 0x74, 0x6F, 0x6E, 0x65, 0x20, 0x45, 0x66, 0x66, 0x65, 0x63, 0x74, 0x73, 0x02,
    0x00, 0x00, 0x1A, 0x00, 0x00, 0x00, 0x53, 0xE7, 0x03, 0x00, 0x00, 0x00, 0x00, 0x00, 0x00, 0x00,
    0x00, 0x00, 0x00, 0x00, 0x00, 0x00, 0x00, 0x00, 0x00, 0x00, 0x02, 0x00, 0x00, 0x00, 0x00, 0x00,
    0x00, 0x00, 0xF5, 0x08, 0x00, 0x00, 0x00, 0x00, 0x00, 0x00, 0x00, 0x00, 0x00, 0x00, 0x00, 0x00,
    0x00, 0x00, 0x12, 0x80, 0x00, 0x57, 0x69, 0x6E, 0x67, 0x73, 0x20, 0x6F, 0x66, 0x20, 0x41, 0x77,
    0x61, 0x6B, 0x65, 0x6E, 0x69, 0x6E, 0x67, 0x98, 0x02, 0x00, 0x00, 0x0D, 0x00, 0x00, 0x00, 0x4A,
    0xF4, 0x02, 0x00, 0x00, 0x00, 0x00, 0x00, 0x00, 0x00, 0x00, 0x00, 0x00, 0x00, 0x00, 0x00, 0x00,
    0x00, 0x00, 0x00, 0x02, 0x00, 0x00, 0x00, 0x00, 0x00, 0x00, 0x00, 0xB8, 0x09, 0x00, 0x00, 0x00,
    0x00, 0x00, 0x00, 0x00, 0x00, 0x00, 0x00, 0x00, 0x00, 0x00, 0x00, 0x1A, 0x80, 0x00, 0x44, 0x69,
    0x61, 0x64, 0x65, 0x6D, 0x20, 0x6F, 0x66, 0x20, 0x74, 0x68, 0x65, 0x20, 0x53, 0x70, 0x65, 0x6C,
    0x6C, 0x2D, 0x4B, 0x65, 0x65, 0x70, 0x65, 0x72, 0x50, 0x03, 0x00, 0x00, 0x03, 0x00, 0x00, 0x00,
    0xCE, 0xE6, 0x03, 0x00, 0x00, 0x00, 0x00, 0x00, 0xEE, 0x61, 0x06, 0x00, 0x00, 0x00, 0x00, 0x00,
    0x00, 0x00, 0x00, 0x00, 0x02, 0x00, 0x00, 0x00, 0x00, 0x00, 0x00, 0x00, 0x00, 0x00, 0x00, 0x00,
    0x00, 0x00, 0x00, 0x00, 0x00, 0x00, 0x00, 0x00, 0x00, 0x00, 0x00, 0x00, 0x14, 0x80, 0x00, 0x41,
    0x75, 0x73, 0x70, 0x69, 0x63, 0x69, 0x6F, 0x75, 0x73, 0x20, 0x41, 0x72, 0x62, 0x6F, 0x72, 0x77,
    0x79, 0x72, 0x6D, 0x67, 0x03, 0x00, 0x00, 0x0E, 0x00, 0x00, 0x00, 0x23, 0x36, 0x03, 0x00, 0x01,
    0x00, 0x00, 0x00, 0x00, 0x00, 0x00, 0x00, 0x00, 0x00, 0x00, 0x00, 0x00, 0x00, 0x00, 0x00, 0x02,
    0x00, 0x00, 0x00, 0x00, 0x00, 0x00, 0x00, 0x00, 0x00, 0x00, 0x00, 0x00, 0x00, 0x00, 0x00, 0x00,
    0x00, 0x00, 0x00, 0x00, 0x00, 0x00, 0x00, 0x13, 0x00, 0x00, 0x4D, 0x61, 0x67, 0x69, 0x63, 0x61,
    0x6C, 0x20, 0x4D, 0x75, 0x72, 0x6B, 0x6D, 0x6F, 0x72, 0x70, 0x68, 0x65, 0x72, 0x88, 0x03, 0x00,
    0x00, 0x03, 0x00, 0x00, 0x00, 0x3A, 0x59, 0x03, 0x00, 0x01, 0x00, 0x00, 0x00, 0x0C, 0xC5, 0x06,
    0x00, 0x00, 0x00, 0x00, 0x00, 0x00, 0x00, 0x00, 0x00, 0x02, 0x00, 0x00, 0x00, 0x00, 0x00, 0x00,
    0x00, 0x00, 0x00, 0x00, 0x00, 0x00, 0x00, 0x00, 0x00, 0x00, 0x00, 0x00, 0x00, 0x00, 0x00, 0x00,
    0x00, 0x10, 0x80, 0x00, 0x43, 0x68, 0x61, 0x72, 0x6D, 0x69, 0x6E, 0x67, 0x20, 0x43, 0x6F, 0x75,
    0x72, 0x69, 0x65, 0x72, 0xAE, 0x03, 0x00, 0x00, 0x03, 0x00, 0x00, 0x00, 0x2A, 0x80, 0x03, 0x00,
    0x01, 0x00, 0x00, 0x00, 0x53, 0x19, 0x07, 0x00, 0x00, 0x00, 0x00, 0x00, 0x00, 0x00, 0x00, 0x00,
    0x02, 0x00, 0x00, 0x00, 0x00, 0x00, 0x00, 0x00, 0x00, 0x00, 0x00, 0x00, 0x00, 0x00, 0x00, 0x00,
    0x00, 0x00, 0x00, 0x00, 0x00, 0x00, 0x00, 0x00, 0x19, 0x00, 0x00, 0x54, 0x72, 0x61, 0x64, 0x65,
    0x72, 0x27, 0x73, 0x20, 0x47, 0x69, 0x6C, 0x64, 0x65, 0x64, 0x20, 0x42, 0x72, 0x75, 0x74, 0x6F,
    0x73, 0x61, 0x75, 0x72, 0xE0, 0x03, 0x00, 0x00, 0x02, 0x00, 0x00, 0x00, 0x8E, 0x87, 0x03, 0x00,
    0x01, 0x00, 0x00, 0x00, 0x00, 0x00, 0x00, 0x00, 0x55, 0x8C, 0x03, 0x00, 0x00, 0x00, 0x00, 0x00,
    0x02, 0x00, 0x00, 0x00, 0x00, 0x00, 0x00, 0x00, 0x00, 0x00, 0x00, 0x00, 0x00, 0x00, 0x00, 0x00,
    0x00, 0x00, 0x00, 0x00, 0x00, 0x00, 0x00, 0x00, 0x15, 0x00, 0x00, 0x54, 0x69, 0x6D, 0x62, 0x65,
    0x72, 0x65, 0x64, 0x20, 0x53, 0x6B, 0x79, 0x20, 0x53, 0x6E, 0x61, 0x6B, 0x65, 0x6C, 0x65, 0x74,
    0xFA, 0x03, 0x00, 0x00, 0x03, 0x00, 0x00, 0x00, 0x16, 0x97, 0x03, 0x00, 0x01, 0x00, 0x00, 0x00,
    0xA6, 0x8F, 0x12, 0x00, 0x00, 0x00, 0x00, 0x00, 0x00, 0x00, 0x00, 0x00, 0x02, 0x00, 0x00, 0x00,
    0x00, 0x00, 0x00, 0x00, 0x00, 0x00, 0x00, 0x00, 0x00, 0x00, 0x00, 0x00, 0x00, 0x00, 0x00, 0x00,
    0x00, 0x00, 0x00, 0x00, 0x18, 0x80, 0x00, 0x53, 0x68, 0x61, 0x2D, 0x57, 0x61, 0x72, 0x70, 0x65,
    0x64, 0x20, 0x43, 0x6C, 0x6F, 0x75, 0x64, 0x20, 0x53, 0x65, 0x72, 0x70, 0x65, 0x6E, 0x74, 0xF9,
    0x03, 0x00, 0x00, 0x03, 0x00, 0x00, 0x00, 0x17, 0x97, 0x03, 0x00, 0x01, 0x00, 0x00, 0x00, 0xAE,
    0x8F, 0x12, 0x00, 0x00, 0x00, 0x00, 0x00, 0x00, 0x00, 0x00, 0x00, 0x02, 0x00, 0x00, 0x00, 0x00,
    0x00, 0x00, 0x00, 0x00, 0x00, 0x00, 0x00, 0x00, 0x00, 0x00, 0x00, 0x00, 0x00, 0x00, 0x00, 0x00,
    0x00, 0x00, 0x00, 0x17, 0x80, 0x00, 0x53, 0x68, 0x61, 0x2D, 0x57, 0x61, 0x72, 0x70, 0x65, 0x64,
    0x20, 0x52, 0x69, 0x64, 0x69, 0x6E, 0x67, 0x20, 0x54, 0x69, 0x67, 0x65, 0x72, 0xFB, 0x03, 0x00,
    0x00, 0x0E, 0x00, 0x00, 0x00, 0x18, 0x97, 0x03, 0x00, 0x01, 0x00, 0x00, 0x00, 0x00, 0x00, 0x00,
    0x00, 0x00, 0x00, 0x00, 0x00, 0x00, 0x00, 0x00, 0x00, 0x02, 0x00, 0x00, 0x00, 0x00, 0x00, 0x00,
    0x00, 0x00, 0x00, 0x00, 0x00, 0x00, 0x00, 0x00, 0x00, 0x00, 0x00, 0x00, 0x00, 0x00, 0x00, 0x00,
    0x00, 0x12, 0x80, 0x00, 0x53, 0x68, 0x61, 0x2D, 0x57, 0x61, 0x72, 0x70, 0x65, 0x64, 0x20, 0x54,
    0x65, 0x61, 0x20, 0x53, 0x65, 0x74, 0xFC, 0x03, 0x00, 0x00, 0x02, 0x00, 0x00, 0x00, 0x5E, 0x97,
    0x03, 0x00, 0x01, 0x00, 0x00, 0x00, 0x00, 0x00, 0x00, 0x00, 0xEF, 0x9C, 0x03, 0x00, 0x00, 0x00,
    0x00, 0x00, 0x02, 0x00, 0x00, 0x00, 0x00, 0x00, 0x00, 0x00, 0x00, 0x00, 0x00, 0x00, 0x00, 0x00,
    0x00, 0x00, 0x00, 0x00, 0x00, 0x00, 0x00, 0x00, 0x00, 0x00, 0x09, 0x80, 0x00, 0x4D, 0x65, 0x72,
    0x72, 0x69, 0x6D, 0x65, 0x6E, 0x74, 0xFE, 0x03, 0x00, 0x00, 0x1A, 0x00, 0x00, 0x00, 0xE2, 0xA1,
    0x03, 0x00, 0x01, 0x00, 0x00, 0x00, 0x00, 0x00, 0x00, 0x00, 0x00, 0x00, 0x00, 0x00, 0x00, 0x00,
    0x00, 0x00, 0x02, 0x00, 0x00, 0x00, 0x00, 0x00, 0x00, 0x00, 0x14, 0x11, 0x00, 0x00, 0x00, 0x00,
    0x00, 0x00, 0x00, 0x00, 0x00, 0x00, 0x00, 0x00, 0x00, 0x00, 0x2C, 0x80, 0x00, 0x45, 0x6E, 0x73,
    0x65, 0x6D, 0x62, 0x6C, 0x65, 0x3A, 0x20, 0x53, 0x74, 0x6F, 0x72, 0x6D, 0x73, 0x74, 0x6F, 0x75,
    0x74, 0x27, 0x73, 0x20, 0x53, 0x68, 0x61, 0x2D, 0x57, 0x61, 0x72, 0x70, 0x65, 0x64, 0x20, 0x43,
    0x6F, 0x6C, 0x6C, 0x65, 0x63, 0x74, 0x69, 0x6F, 0x6E, 0x0C, 0x04, 0x00, 0x00, 0x1A, 0x00, 0x00,
    0x00, 0x5C, 0x8E, 0x03, 0x00, 0x01, 0x00, 0x00, 0x00, 0x00, 0x00, 0x00, 0x00, 0x00, 0x00, 0x00,
    0x00, 0x00, 0x00, 0x00, 0x00, 0x02, 0x00, 0x00, 0x00, 0x00, 0x00, 0x00, 0x00, 0x6F, 0x10, 0x00,
    0x00, 0x00, 0x00, 0x00, 0x00, 0x00, 0x00, 0x00, 0x00, 0x00, 0x00, 0x00, 0x00, 0x20, 0x00, 0x00,
    0x52, 0x61, 0x64, 0x69, 0x61, 0x6E, 0x74, 0x20, 0x56, 0x65, 0x73, 0x74, 0x6D, 0x65, 0x6E, 0x74,
    0x73, 0x20, 0x6F, 0x66, 0x20, 0x74, 0x68, 0x65, 0x20, 0x48, 0x65, 0x61, 0x76, 0x65, 0x6E, 0x73,
    0x0B, 0x04, 0x00, 0x00, 0x1A, 0x00, 0x00, 0x00, 0x5A, 0x8E, 0x03, 0x00, 0x01, 0x00, 0x00, 0x00,
    0x00, 0x00, 0x00, 0x00, 0x00, 0x00, 0x00, 0x00, 0x00, 0x00, 0x00, 0x00, 0x02, 0x00, 0x00, 0x00,
    0x00, 0x00, 0x00, 0x00, 0x6E, 0x10, 0x00, 0x00, 0x00, 0x00, 0x00, 0x00, 0x00, 0x00, 0x00, 0x00,
    0x00, 0x00, 0x00, 0x00, 0x20, 0x00, 0x00, 0x53, 0x68, 0x69, 0x6E, 0x69, 0x6E, 0x67, 0x20, 0x56,
    0x65, 0x73, 0x74, 0x6D, 0x65, 0x6E, 0x74, 0x73, 0x20, 0x6F, 0x66, 0x20, 0x74, 0x68, 0x65, 0x20,
    0x48, 0x65, 0x61, 0x76, 0x65, 0x6E, 0x73, 0x17, 0x04, 0x00, 0x00, 0x02, 0x00, 0x00, 0x00, 0x0A,
    0x69, 0x03, 0x00, 0x01, 0x00, 0x00, 0x00, 0x00, 0x00, 0x00, 0x00, 0xCB, 0x69, 0x03, 0x00, 0x00,
    0x00, 0x00, 0x00, 0x02, 0x00, 0x00, 0x00, 0x00, 0x00, 0x00, 0x00, 0x00, 0x00, 0x00, 0x00, 0x00,
    0x00, 0x00, 0x00, 0x00, 0x00, 0x00, 0x00, 0x00, 0x00, 0x00, 0x00, 0x06, 0x00, 0x00, 0x57, 0x68,
    0x6F, 0x6F, 0x70, 0x79, 0x27, 0x03, 0x00, 0x00, 0x05, 0x00, 0x00, 0x00, 0x00, 0x00, 0x00, 0x00,
    0x00, 0x00, 0x00, 0x00, 0x00, 0x00, 0x00, 0x00, 0x00, 0x00, 0x00, 0x00, 0x00, 0x00, 0x00, 0x00,
    0x00, 0x04, 0x00, 0x00, 0x00, 0x00, 0x00, 0x00, 0x00, 0x00, 0x00, 0x00, 0x00, 0x00, 0x00, 0x00,
    0x00, 0x00, 0x00, 0x00, 0x00, 0x00, 0x00, 0x00, 0x11, 0x00, 0x00, 0x5B, 0x44, 0x4E, 0x54, 0x5D,
    0x20, 0x4E, 0x61, 0x6D, 0x65, 0x20, 0x43, 0x68, 0x61, 0x6E, 0x67, 0x65, 0x6E, 0x03, 0x00, 0x00,
    0x1A, 0x00, 0x00, 0x00, 0xFB, 0x3C, 0x03, 0x00, 0x01, 0x00, 0x00, 0x00, 0x00, 0x00, 0x00, 0x00,
    0x00, 0x00, 0x00, 0x00, 0x00, 0x00, 0x00, 0x00, 0x02, 0x00, 0x00, 0x00, 0x00, 0x00, 0x00, 0x00,
    0x1B, 0x0D, 0x00, 0x00, 0x00, 0x00, 0x00, 0x00, 0x00, 0x00, 0x00, 0x00, 0x00, 0x00, 0x00, 0x00,
    0x1B, 0x00, 0x00, 0x44, 0x72, 0x65, 0x61, 0x64, 0x6C, 0x6F, 0x72, 0x64, 0x27, 0x73, 0x20, 0x56,
    0x65, 0x6E, 0x6F, 0x6D, 0x62, 0x61, 0x6E, 0x65, 0x20, 0x41, 0x72, 0x6D, 0x6F, 0x72, 0x6D, 0x03,
    0x00, 0x00, 0x1A, 0x00, 0x00, 0x00, 0x1D, 0xC9, 0x03, 0x00, 0x01, 0x00, 0x00, 0x00, 0x00, 0x00,
    0x00, 0x00, 0x00, 0x00, 0x00, 0x00, 0x00, 0x00, 0x00, 0x00, 0x02, 0x00, 0x00, 0x00, 0x00, 0x00,
    0x00, 0x00, 0x1A, 0x0D, 0x00, 0x00, 0x00, 0x00, 0x00, 0x00, 0x00, 0x00, 0x00, 0x00, 0x00, 0x00,
    0x00, 0x00, 0x1C, 0x00, 0x00, 0x44, 0x72, 0x65, 0x61, 0x64, 0x6C, 0x6F, 0x72, 0x64, 0x27, 0x73,
    0x20, 0x53, 0x68, 0x61, 0x64, 0x6F, 0x77, 0x62, 0x61, 0x6E, 0x65, 0x20, 0x41, 0x72, 0x6D, 0x6F,
    0x72, 0x79, 0x03, 0x00, 0x00, 0x1A, 0x00, 0x00, 0x00, 0xFD, 0x68, 0x03, 0x00, 0x01, 0x00, 0x00,
    0x00, 0x00, 0x00, 0x00, 0x00, 0x00, 0x00, 0x00, 0x00, 0x00, 0x00, 0x00, 0x00, 0x02, 0x00, 0x00,
    0x00, 0x00, 0x00, 0x00, 0x00, 0x32, 0x0E, 0x00, 0x00, 0x00, 0x00, 0x00, 0x00, 0x00, 0x00, 0x00,
    0x00, 0x00, 0x00, 0x00, 0x00, 0x1E, 0x00, 0x00, 0x47, 0x72, 0x65, 0x65, 0x6E, 0x20, 0x53, 0x6E,
    0x75, 0x67, 0x67, 0x6C, 0x65, 0x66, 0x69, 0x6E, 0x20, 0x4D, 0x75, 0x72, 0x6C, 0x6F, 0x63, 0x20,
    0x52, 0x6F, 0x6D, 0x70, 0x65, 0x72, 0xA0, 0x03, 0x00, 0x00, 0x03, 0x00, 0x00, 0x00, 0xCC, 0xE6,
    0x03, 0x00, 0x01, 0x00, 0x00, 0x00, 0x0D, 0xFB, 0x06, 0x00, 0x00, 0x00, 0x00, 0x00, 0x00, 0x00,
    0x00, 0x00, 0x02, 0x00, 0x00, 0x00, 0x00, 0x00, 0x00, 0x00, 0x00, 0x00, 0x00, 0x00, 0x00, 0x00,
    0x00, 0x00, 0x00, 0x00, 0x00, 0x00, 0x00, 0x00, 0x00, 0x00, 0x18, 0x80, 0x00, 0x47, 0x72, 0x69,
    0x7A, 0x7A, 0x6C, 0x79, 0x20, 0x48, 0x69, 0x6C, 0x6C, 0x73, 0x20, 0x50, 0x61, 0x63, 0x6B, 0x6D,
    0x61, 0x73, 0x74, 0x65, 0x72, 0xC2, 0x03, 0x00, 0x00, 0x03, 0x00, 0x00, 0x00, 0x81, 0x87, 0x03,
    0x00, 0x01, 0x00, 0x00, 0x00, 0xED, 0x24, 0x07, 0x00, 0x00, 0x00, 0x00, 0x00, 0x00, 0x00, 0x00,
    0x00, 0x02, 0x00, 0x00, 0x00, 0x00, 0x00, 0x00, 0x00, 0x00, 0x00, 0x00, 0x00, 0x00, 0x00, 0x00,
    0x00, 0x00, 0x00, 0x00, 0x00, 0x00, 0x00, 0x00, 0x00, 0x12, 0x80, 0x00, 0x54, 0x69, 0x6D, 0x62,
    0x65, 0x72, 0x65, 0x64, 0x20, 0x53, 0x6B, 0x79, 0x20, 0x53, 0x6E, 0x61, 0x6B, 0x65, 0x00, 0x04,
    0x00, 0x00, 0x03, 0x00, 0x00, 0x00, 0x45, 0x8F, 0x03, 0x00, 0x01, 0x00, 0x00, 0x00, 0x90, 0x3A,
    0x07, 0x00, 0x00, 0x00, 0x00, 0x00, 0x00, 0x00, 0x00, 0x00, 0x02, 0x00, 0x00, 0x00, 0x00, 0x00,
    0x00, 0x00, 0x00, 0x00, 0x00, 0x00, 0x00, 0x00, 0x00, 0x00, 0x00, 0x00, 0x00, 0x00, 0x00, 0x00,
    0x00, 0x00, 0x0E, 0x00, 0x00, 0x4D, 0x65, 0x65, 0x6B, 0x73, 0x69, 0x20, 0x54, 0x65, 0x61, 0x74,
    0x75, 0x66, 0x74, 0x18, 0x04, 0x00, 0x00, 0x02, 0x00, 0x00, 0x00, 0x3E, 0x2E, 0x03, 0x00, 0x01,
    0x00, 0x00, 0x00, 0x00, 0x00, 0x00, 0x00, 0x0B, 0x31, 0x03, 0x00, 0x00, 0x00, 0x00, 0x00, 0x02,
    0x00, 0x00, 0x00, 0x00, 0x00, 0x00, 0x00, 0x00, 0x00, 0x00, 0x00, 0x00, 0x00, 0x00, 0x00, 0x00,
    0x00, 0x00, 0x00, 0x00, 0x00, 0x00, 0x00, 0x04, 0x00, 0x00, 0x46, 0x79, 0x72, 0x6E, 0x1C, 0x04,
    0x00, 0x00, 0x03, 0x00, 0x00, 0x00, 0x5F, 0xA5, 0x03, 0x00, 0x01, 0x00, 0x00, 0x00, 0x08, 0xB8,
    0x12, 0x00, 0x00, 0x00, 0x00, 0x00, 0x00, 0x00, 0x00, 0x00, 0x02, 0x00, 0x00, 0x00, 0x00, 0x00,
    0x00, 0x00, 0x00, 0x00, 0x00, 0x00, 0x00, 0x00, 0x00, 0x00, 0x00, 0x00, 0x00, 0x00, 0x00, 0x00,
    0x00, 0x00, 0x15, 0x00, 0x00, 0x50, 0x72, 0x6F, 0x70, 0x68, 0x65, 0x74, 0x27, 0x73, 0x20, 0x47,
    0x72, 0x65, 0x61, 0x74, 0x20, 0x52, 0x61, 0x76, 0x65, 0x6E, 0x21, 0x04, 0x00, 0x00, 0x0D, 0x00,
    0x00, 0x00, 0x98, 0xA5, 0x03, 0x00, 0x00, 0x00, 0x00, 0x00, 0x00, 0x00, 0x00, 0x00, 0x00, 0x00,
    0x00, 0x00, 0x00, 0x00, 0x00, 0x00, 0x02, 0x00, 0x00, 0x00, 0x00, 0x00, 0x00, 0x00, 0x1B, 0x11,
    0x00, 0x00, 0x00, 0x00, 0x00, 0x00, 0x00, 0x00, 0x00, 0x00, 0x00, 0x00, 0x00, 0x00, 0x18, 0x00,
    0x00, 0x53, 0x74, 0x61, 0x6E, 0x64, 0x61, 0x72, 0x64, 0x20, 0x6F, 0x66, 0x20, 0x74, 0x68, 0x65,
    0x20, 0x41, 0x72, 0x63, 0x68, 0x6D, 0x61, 0x67, 0x65, 0x1F, 0x04, 0x00, 0x00, 0x1A, 0x00, 0x00,
    0x00, 0x18, 0xB7, 0x03, 0x00, 0x01, 0x00, 0x00, 0x00, 0x00, 0x00, 0x00, 0x00, 0x00, 0x00, 0x00,
    0x00, 0x00, 0x00, 0x00, 0x00, 0x02, 0x00, 0x00, 0x00, 0x00, 0x00, 0x00, 0x00, 0xC6, 0x11, 0x00,
    0x00, 0x00, 0x00, 0x00, 0x00, 0x00, 0x00, 0x00, 0x00, 0x00, 0x00, 0x00, 0x00, 0x24, 0x00, 0x00,
    0x46, 0x65, 0x61, 0x74, 0x68, 0x65, 0x72, 0x65, 0x64, 0x20, 0x43, 0x6F, 0x6C, 0x6C, 0x65, 0x63,
    0x74, 0x69, 0x6F, 0x6E, 0x20, 0x6F, 0x66, 0x20, 0x74, 0x68, 0x65, 0x20, 0x41, 0x72, 0x63, 0x68,
    0x6D, 0x61, 0x67, 0x65, 0x1D, 0x04, 0x00, 0x00, 0x03, 0x00, 0x00, 0x00, 0x92, 0xA5, 0x03, 0x00,
    0x01, 0x00, 0x00, 0x00, 0xE7, 0xB8, 0x12, 0x00, 0x00, 0x00, 0x00, 0x00, 0x00, 0x00, 0x00, 0x00,
    0x02, 0x00, 0x00, 0x00, 0x00, 0x00, 0x00, 0x00, 0x00, 0x00, 0x00, 0x00, 0x00, 0x00, 0x00, 0x00,
    0x00, 0x00, 0x00, 0x00, 0x00, 0x00, 0x00, 0x00, 0x16, 0x00, 0x00, 0x41, 0x72, 0x63, 0x68, 0x6D,
    0x61, 0x67, 0x65, 0x27, 0x73, 0x20, 0x47, 0x72, 0x65, 0x61, 0x74, 0x20, 0x52, 0x61, 0x76, 0x65,
    0x6E, 0x1E, 0x04, 0x00, 0x00, 0x1A, 0x00, 0x00, 0x00, 0x19, 0xB7, 0x03, 0x00, 0x01, 0x00, 0x00,
    0x00, 0x00, 0x00, 0x00, 0x00, 0x00, 0x00, 0x00, 0x00, 0x00, 0x00, 0x00, 0x00, 0x02, 0x00, 0x00,
    0x00, 0x00, 0x00, 0x00, 0x00, 0xC7, 0x11, 0x00, 0x00, 0x00, 0x00, 0x00, 0x00, 0x00, 0x00, 0x00,
    0x00, 0x00, 0x00, 0x00, 0x00, 0x23, 0x00, 0x00, 0x46, 0x65, 0x61, 0x74, 0x68, 0x65, 0x72, 0x65,
    0x64, 0x20, 0x43, 0x6F, 0x6C, 0x6C, 0x65, 0x63, 0x74, 0x69, 0x6F, 0x6E, 0x20, 0x6F, 0x66, 0x20,
    0x74, 0x68, 0x65, 0x20, 0x50, 0x72, 0x6F, 0x70, 0x68, 0x65, 0x74, 0x20, 0x04, 0x00, 0x00, 0x0D,
    0x00, 0x00, 0x00, 0x97, 0xA5, 0x03, 0x00, 0x00, 0x00, 0x00, 0x00, 0x00, 0x00, 0x00, 0x00, 0x00,
    0x00, 0x00, 0x00, 0x00, 0x00, 0x00, 0x00, 0x02, 0x00, 0x00, 0x00, 0x00, 0x00, 0x00, 0x00, 0x20,
    0x11, 0x00, 0x00, 0x00, 0x00, 0x00, 0x00, 0x00, 0x00, 0x00, 0x00, 0x00, 0x00, 0x00, 0x00, 0x17,
    0x00, 0x00, 0x53, 0x74, 0x61, 0x6E, 0x64, 0x61, 0x72, 0x64, 0x20, 0x6F, 0x66, 0x20, 0x74, 0x68,
    0x65, 0x20, 0x50, 0x72, 0x6F, 0x70, 0x68, 0x65, 0x74, 0xC0, 0x04, 0x00, 0x00, 0x03, 0x00, 0x00,
    0x00, 0x6B, 0xB4, 0x03, 0x00, 0x01, 0x00, 0x00, 0x00, 0x05, 0xD4, 0x12, 0x00, 0x00, 0x00, 0x00,
    0x00, 0x00, 0x00, 0x00, 0x00, 0x02, 0x00, 0x00, 0x00, 0x00, 0x00, 0x00, 0x00, 0x00, 0x00, 0x00,
    0x00, 0x00, 0x00, 0x00, 0x00, 0x00, 0x00, 0x00, 0x00, 0x00, 0x00, 0x00, 0x00, 0x1B, 0x00, 0x00,
    0x4C, 0x61, 0x6E, 0x61, 0x27, 0x74, 0x68, 0x65, 0x6C, 0x27, 0x73, 0x20, 0x43, 0x72, 0x69, 0x6D,
    0x73, 0x6F, 0x6E, 0x20, 0x43, 0x61, 0x73, 0x63, 0x61, 0x64, 0x65, 0xC1, 0x04, 0x00, 0x00, 0x1A,
    0x00, 0x00, 0x00, 0x13, 0xC2, 0x03, 0x00, 0x01, 0x00, 0x00, 0x00, 0x00, 0x00, 0x00, 0x00, 0x00,
    0x00, 0x00, 0x00, 0x00, 0x00, 0x00, 0x00, 0x02, 0x00, 0x00, 0x00, 0x00, 0x00, 0x00, 0x00, 0xE8,
    0x13, 0x00, 0x00, 0x00, 0x00, 0x00, 0x00, 0x00, 0x00, 0x00, 0x00, 0x00, 0x00, 0x00, 0x00, 0x25,
    0x00, 0x00, 0x45, 0x6E, 0x73, 0x65, 0x6D, 0x62, 0x6C, 0x65, 0x3A, 0x20, 0x4C, 0x61, 0x6E, 0x61,
    0x27, 0x74, 0x68, 0x65, 0x6C, 0x27, 0x73, 0x20, 0x43, 0x72, 0x69, 0x6D, 0x73, 0x6F, 0x6E, 0x20,
    0x43, 0x6F, 0x75, 0x74, 0x75, 0x72, 0x65, 0xC2, 0x04, 0x00, 0x00, 0x03, 0x00, 0x00, 0x00, 0x88,
    0xC4, 0x03, 0x00, 0x01, 0x00, 0x00, 0x00, 0x64, 0xFC, 0x12, 0x00, 0x00, 0x00, 0x00, 0x00, 0x00,
    0x00, 0x00, 0x00, 0x02, 0x00, 0x00, 0x00, 0x00, 0x00, 0x00, 0x00, 0x00, 0x00, 0x00, 0x00, 0x00,
    0x00, 0x00, 0x00, 0x00, 0x00, 0x00, 0x00, 0x00, 0x00, 0x00, 0x00, 0x10, 0x00, 0x00, 0x56, 0x6F,
    0x69, 0x64, 0x2D, 0x52, 0x61, 0x7A, 0x65, 0x64, 0x20, 0x45, 0x6C, 0x65, 0x6B, 0x6B, 0xC3, 0x04,
    0x00, 0x00, 0x1A, 0x00, 0x00, 0x00, 0xCD, 0xC4, 0x03, 0x00, 0x01, 0x00, 0x00, 0x00, 0x00, 0x00,
    0x00, 0x00, 0x00, 0x00, 0x00, 0x00, 0x00, 0x00, 0x00, 0x00, 0x02, 0x00, 0x00, 0x00, 0x00, 0x00,
    0x00, 0x00, 0x22, 0x14, 0x00, 0x00, 0x00, 0x00, 0x00, 0x00, 0x00, 0x00, 0x00, 0x00, 0x00, 0x00,
    0x00, 0x00, 0x23, 0x00, 0x00, 0x45, 0x6E, 0x73, 0x65, 0x6D, 0x62, 0x6C, 0x65, 0x3A, 0x20, 0x46,
    0x65, 0x6C, 0x72, 0x65, 0x61, 0x76, 0x65, 0x72, 0x27, 0x73, 0x20, 0x41, 0x72, 0x63, 0x61, 0x6E,
    0x65, 0x20, 0x41, 0x74, 0x74, 0x69, 0x72, 0x65, 0xC4, 0x04, 0x00, 0x00, 0x02, 0x00, 0x00, 0x00,
    0x46, 0xC2, 0x03, 0x00, 0x01, 0x00, 0x00, 0x00, 0x00, 0x00, 0x00, 0x00, 0x86, 0xC3, 0x03, 0x00,
    0x00, 0x00, 0x00, 0x00, 0x02, 0x00, 0x00, 0x00, 0x00, 0x00, 0x00, 0x00, 0x00, 0x00, 0x00, 0x00,
    0x00, 0x00, 0x00, 0x00, 0x00, 0x00, 0x00, 0x00, 0x00, 0x00, 0x00, 0x00, 0x14, 0x00, 0x00, 0x4D,
    0x75, 0x73, 0x74, 0x79, 0x66, 0x75, 0x72, 0x20, 0x46, 0x65, 0x6C, 0x20, 0x53, 0x6E, 0x6F, 0x6F,
    0x74, 0x65, 0x72, 0x5B, 0x03, 0x00, 0x00, 0x03, 0x00, 0x00, 0x00, 0x58, 0x34, 0x03, 0x00, 0x00,
    0x00, 0x00, 0x00, 0x49, 0x78, 0x06, 0x00, 0x00, 0x00, 0x00, 0x00, 0x00, 0x00, 0x00, 0x00, 0x02,
    0x00, 0x00, 0x00, 0x00, 0x00, 0x00, 0x00, 0x00, 0x00, 0x00, 0x00, 0x00, 0x00, 0x00, 0x00, 0x00,
    0x00, 0x00, 0x00, 0x00, 0x00, 0x00, 0x00, 0x12, 0x80, 0x00, 0x52, 0x75, 0x6E, 0x65, 0x62, 0x6F,
    0x75, 0x6E, 0x64, 0x20, 0x46, 0x69, 0x72, 0x65, 0x6C, 0x6F, 0x72, 0x64, 0x5A, 0x03, 0x00, 0x00,
    0x02, 0x00, 0x00, 0x00, 0x14, 0x38, 0x03, 0x00, 0x01, 0x00, 0x00, 0x00, 0x00, 0x00, 0x00, 0x00,
    0x9F, 0x41, 0x03, 0x00, 0x00, 0x00, 0x00, 0x00, 0x02, 0x00, 0x00, 0x00, 0x00, 0x00, 0x00, 0x00,
    0x00, 0x00, 0x00, 0x00, 0x00, 0x00, 0x00, 0x00, 0x00, 0x00, 0x00, 0x00, 0x00, 0x00, 0x00, 0x00,
    0x0D, 0x80, 0x00, 0x4C, 0x69, 0x6C, 0x27, 0x20, 0x57, 0x72, 0x61, 0x74, 0x68, 0x69, 0x6F, 0x6E,
    0x89, 0x04, 0x00, 0x00, 0x01, 0x00, 0x00, 0x00, 0x00, 0x00, 0x00, 0x00, 0x00, 0x00, 0x00, 0x00,
    0x00, 0x00, 0x00, 0x00, 0x00, 0x00, 0x00, 0x00, 0x0B, 0x00, 0x00, 0x00, 0x54, 0x06, 0x00, 0x00,
    0x00, 0x00, 0x00, 0x00, 0x00, 0x00, 0x00, 0x00, 0x00, 0x00, 0x00, 0x00, 0x00, 0x00, 0x00, 0x00,
    0x00, 0x00, 0x00, 0x00, 0x00, 0x00, 0x00, 0x35, 0x04, 0x00, 0x00, 0x02, 0x00, 0x00, 0x00, 0xEA,
    0xA5, 0x03, 0x00, 0x01, 0x00, 0x00, 0x00, 0x00, 0x00, 0x00, 0x00, 0x08, 0xAF, 0x03, 0x00, 0x00,
    0x00, 0x00, 0x00, 0x02, 0x00, 0x00, 0x00, 0x00, 0x00, 0x00, 0x00, 0x00, 0x00, 0x00, 0x00, 0x00,
    0x00, 0x00, 0x00, 0x00, 0x00, 0x00, 0x00, 0x00, 0x00, 0x00, 0x00, 0x11, 0x00, 0x00, 0x53, 0x61,
    0x27, 0x62, 0x61, 0x6B, 0x27, 0x73, 0x20, 0x42, 0x6C, 0x65, 0x73, 0x73, 0x69, 0x6E, 0x67, 0x36,
    0x04, 0x00, 0x00, 0x03, 0x00, 0x00, 0x00, 0xE4, 0xA5, 0x03, 0x00, 0x01, 0x00, 0x00, 0x00, 0xB8,
    0xB9, 0x12, 0x00, 0x00, 0x00, 0x00, 0x00, 0x00, 0x00, 0x00, 0x00, 0x02, 0x00, 0x00, 0x00, 0x00,
    0x00, 0x00, 0x00, 0x00, 0x00, 0x00, 0x00, 0x00, 0x00, 0x00, 0x00, 0x00, 0x00, 0x00, 0x00, 0x00,
    0x00, 0x00, 0x00, 0x10, 0x80, 0x00, 0x48, 0x65, 0x72, 0x61, 0x6C, 0x64, 0x20, 0x6F, 0x66, 0x20,
    0x53, 0x61, 0x27, 0x62, 0x61, 0x6B, 0x7B, 0x04, 0x00, 0x00, 0x1A, 0x00, 0x00, 0x00, 0xB9, 0xC9,
    0x03, 0x00, 0x01, 0x00, 0x00, 0x00, 0x00, 0x00, 0x00, 0x00, 0x00, 0x00, 0x00, 0x00, 0x00, 0x00,
    0x00, 0x00, 0x02, 0x00, 0x00, 0x00, 0x00, 0x00, 0x00, 0x00, 0x2D, 0x14, 0x00, 0x00, 0x00, 0x00,
    0x00, 0x00, 0x00, 0x00, 0x00, 0x00, 0x00, 0x00, 0x00, 0x00, 0x1E, 0x80, 0x00, 0x45, 0x6E, 0x73,
    0x65, 0x6D, 0x62, 0x6C, 0x65, 0x3A, 0x20, 0x4C, 0x69, 0x67, 0x68, 0x74, 0x73, 0x74, 0x72, 0x69,
    0x64, 0x65, 0x72, 0x20, 0x52, 0x61, 0x69, 0x6D, 0x65, 0x6E, 0x74, 0x85, 0x04, 0x00, 0x00, 0x12,
    0x00, 0x00, 0x00, 0x00, 0x00, 0x00, 0x00, 0x00, 0x00, 0x00, 0x00, 0x00, 0x00, 0x00, 0x00, 0x00,
    0x00, 0x00, 0x00, 0x00, 0x00, 0x00, 0x00, 0x02, 0x02, 0x00, 0x00, 0x00, 0x00, 0x00, 0x00, 0x00,
    0x00, 0x00, 0x00, 0x00, 0x00, 0x00, 0x00, 0x00, 0x00, 0x00, 0x00, 0x00, 0x00, 0x00, 0x00, 0x00,
    0x00, 0x00, 0x9D, 0x04, 0x00, 0x00, 0x0C, 0x00, 0x00, 0x00, 0x00, 0x00, 0x00, 0x00, 0xF4, 0x01,
    0x00, 0x00, 0x00, 0x00, 0x00, 0x00, 0x00, 0x00, 0x00, 0x00, 0x00, 0x00, 0x00, 0x00, 0x02, 0x00,
    0x00, 0x00, 0x00, 0x00, 0x00, 0x00, 0x00, 0x00, 0x00, 0x00, 0x00, 0x00, 0x00, 0x00, 0x00, 0x00,
    0x00, 0x00, 0x00, 0x00, 0x00, 0x00, 0x0A, 0x80, 0x00, 0x35, 0x30, 0x30, 0x20, 0x54, 0x65, 0x6E,
    0x64, 0x65, 0x72, 0x7E, 0x04, 0x00, 0x00, 0x03, 0x00, 0x00, 0x00, 0x4C, 0xB5, 0x03, 0x00, 0x01,
    0x00, 0x00, 0x00, 0x81, 0xD5, 0x12, 0x00, 0x00, 0x00, 0x00, 0x00, 0x00, 0x00, 0x00, 0x00, 0x02,
    0x00, 0x00, 0x00, 0x00, 0x00, 0x00, 0x00, 0x00, 0x00, 0x00, 0x00, 0x00, 0x00, 0x00, 0x00, 0x00,
    0x00, 0x00, 0x00, 0x00, 0x00, 0x00, 0x00, 0x14, 0x80, 0x00, 0x4C, 0x69, 0x67, 0x68, 0x74, 0x77,
    0x69, 0x6E, 0x67, 0x20, 0x44, 0x72, 0x61, 0x67, 0x6F, 0x6E, 0x68, 0x61, 0x77, 0x6B, 0x7D, 0x04,
    0x00, 0x00, 0x03, 0x00, 0x00, 0x00, 0x6A, 0xBF, 0x03, 0x00, 0x01, 0x00, 0x00, 0x00, 0x62, 0xE8,
    0x12, 0x00, 0x00, 0x00, 0x00, 0x00, 0x00, 0x00, 0x00, 0x00, 0x02, 0x00, 0x00, 0x00, 0x00, 0x00,
    0x00, 0x00, 0x00, 0x00, 0x00, 0x00, 0x00, 0x00, 0x00, 0x00, 0x00, 0x00, 0x00, 0x00, 0x00, 0x00,
    0x00, 0x00, 0x10, 0x80, 0x00, 0x56, 0x6F, 0x69, 0x64, 0x6C, 0x69, 0x67, 0x68, 0x74, 0x20, 0x53,
    0x75, 0x72, 0x67, 0x65, 0x72, 0x81, 0x04, 0x00, 0x00, 0x02, 0x00, 0x00, 0x00, 0x76, 0xB5, 0x03,
    0x00, 0x01, 0x00, 0x00, 0x00, 0x00, 0x00, 0x00, 0x00, 0xB1, 0xB9, 0x03, 0x00, 0x00, 0x00, 0x00,
    0x00, 0x02, 0x00, 0x00, 0x00, 0x00, 0x00, 0x00, 0x00, 0x00, 0x00, 0x00, 0x00, 0x00, 0x00, 0x00,
    0x00, 0x00, 0x00, 0x00, 0x00, 0x00, 0x00, 0x00, 0x00, 0x0B, 0x80, 0x00, 0x48, 0x6F, 0x70, 0x65,
    0x66, 0x6C, 0x75, 0x74, 0x74, 0x65, 0x72, 0x9E, 0x04, 0x00, 0x00, 0x0C, 0x00, 0x00, 0x00, 0x00,
    0x00, 0x00, 0x00, 0xE8, 0x03, 0x00, 0x00, 0x00, 0x00, 0x00, 0x00, 0x00, 0x00, 0x00, 0x00, 0x00,
    0x00, 0x00, 0x00, 0x02, 0x00, 0x00, 0x00, 0x00, 0x00, 0x00, 0x00, 0x00, 0x00, 0x00, 0x00, 0x00,
    0x00, 0x00, 0x00, 0x00, 0x00, 0x00, 0x00, 0x00, 0x00, 0x00, 0x00, 0x0B, 0x80, 0x00, 0x31, 0x30,
    0x30, 0x30, 0x20, 0x54, 0x65, 0x6E, 0x64, 0x65, 0x72, 0x1D, 0x02, 0x00, 0x00, 0x14, 0x00, 0x00,
    0x00, 0xF5, 0xA4, 0x02, 0x00, 0x00, 0x00, 0x00, 0x00, 0x00, 0x00, 0x00, 0x00, 0x00, 0x00, 0x00,
    0x00, 0x00, 0x00, 0x00, 0x00, 0x02, 0x02, 0x00, 0x00, 0x00, 0x00, 0x00, 0x00, 0x00, 0x00, 0x00,
    0x00, 0x00, 0x00, 0x00, 0x00, 0x00, 0x00, 0x00, 0x00, 0x00, 0x00, 0x00, 0x00, 0x00, 0x00, 0x00,
    0x7F, 0x04, 0x00, 0x00, 0x03, 0x00, 0x00, 0x00, 0x4B, 0xB5, 0x03, 0x00, 0x01, 0x00, 0x00, 0x00,
    0x7F, 0xD5, 0x12, 0x00, 0x00, 0x00, 0x00, 0x00, 0x00, 0x00, 0x00, 0x00, 0x02, 0x00, 0x00, 0x00,
    0x00, 0x00, 0x00, 0x00, 0x00, 0x00, 0x00, 0x00, 0x00, 0x00, 0x00, 0x00, 0x00, 0x00, 0x00, 0x00,
    0x00, 0x00, 0x00, 0x00, 0x13, 0x80, 0x00, 0x56, 0x6F, 0x69, 0x64, 0x77, 0x69, 0x6E, 0x67, 0x20,
    0x44, 0x72, 0x61, 0x67, 0x6F, 0x6E, 0x68, 0x61, 0x77, 0x6B, 0x7C, 0x04, 0x00, 0x00, 0x1A, 0x00,
    0x00, 0x00, 0x8E, 0xCC, 0x03, 0x00, 0x01, 0x00, 0x00, 0x00, 0x00, 0x00, 0x00, 0x00, 0x00, 0x00,
    0x00, 0x00, 0x00, 0x00, 0x00, 0x00, 0x02, 0x00, 0x00, 0x00, 0x00, 0x00, 0x00, 0x00, 0x2C, 0x14,
    0x00, 0x00, 0x00, 0x00, 0x00, 0x00, 0x00, 0x00, 0x00, 0x00, 0x00, 0x00, 0x00, 0x00, 0x1D, 0x80,
    0x00, 0x45, 0x6E, 0x73, 0x65, 0x6D, 0x62, 0x6C, 0x65, 0x3A, 0x20, 0x56, 0x6F, 0x69, 0x64, 0x73,
    0x74, 0x72, 0x69, 0x64, 0x65, 0x72, 0x20, 0x52, 0x61, 0x69, 0x6D, 0x65, 0x6E, 0x74, 0x86, 0x04,
    0x00, 0x00, 0x12, 0x00, 0x00, 0x00, 0x00, 0x00, 0x00, 0x00, 0x00, 0x00, 0x00, 0x00, 0x00, 0x00,
    0x00, 0x00, 0x00, 0x00, 0x00, 0x00, 0x00, 0x00, 0x00, 0x00, 0x02, 0x02, 0x00, 0x00, 0x00, 0x00,
    0x00, 0x00, 0x00, 0x00, 0x00, 0x00, 0x00, 0x00, 0x00, 0x00, 0x00, 0x00, 0x00, 0x00, 0x00, 0x00,
    0x00, 0x00, 0x00, 0x00, 0x00, 0x88, 0x04, 0x00, 0x00, 0x12, 0x00, 0x00, 0x00, 0x00, 0x00, 0x00,
    0x00, 0x00, 0x00, 0x00, 0x00, 0x00, 0x00, 0x00, 0x00, 0x00, 0x00, 0x00, 0x00, 0x00, 0x00, 0x00,
    0x00, 0x02, 0x02, 0x00, 0x00, 0x00, 0x00, 0x00, 0x00, 0x00, 0x00, 0x00, 0x00, 0x00, 0x00, 0x00,
    0x00, 0x00, 0x00, 0x00, 0x00, 0x00, 0x00, 0x00, 0x00, 0x00, 0x00, 0x00, 0x80, 0x04, 0x00, 0x00,
    0x02, 0x00, 0x00, 0x00, 0x77, 0xB5, 0x03, 0x00, 0x01, 0x00, 0x00, 0x00, 0x00, 0x00, 0x00, 0x00,
    0xB2, 0xB9, 0x03, 0x00, 0x00, 0x00, 0x00, 0x00, 0x02, 0x00, 0x00, 0x00, 0x00, 0x00, 0x00, 0x00,
    0x00, 0x00, 0x00, 0x00, 0x00, 0x00, 0x00, 0x00, 0x00, 0x00, 0x00, 0x00, 0x00, 0x00, 0x00, 0x00,
    0x0C, 0x80, 0x00, 0x44, 0x6F, 0x6F, 0x6D, 0x66, 0x65, 0x61, 0x74, 0x68, 0x65, 0x72, 0x73, 0xA1,
    0x04, 0x00, 0x00, 0x1A, 0x00, 0x00, 0x00, 0x4F, 0xA7, 0x03, 0x00, 0x01, 0x00, 0x00, 0x00, 0x00,
    0x00, 0x00, 0x00, 0x00, 0x00, 0x00, 0x00, 0x00, 0x00, 0x00, 0x00, 0x02, 0x00, 0x00, 0x00, 0x00,
    0x00, 0x00, 0x00, 0x29, 0x11, 0x00, 0x00, 0x00, 0x00, 0x00, 0x00, 0x00, 0x00, 0x00, 0x00, 0x00,
    0x00, 0x00, 0x00, 0x1E, 0x00, 0x00, 0x45, 0x6E, 0x73, 0x65, 0x6D, 0x62, 0x6C, 0x65, 0x3A, 0x20,
    0x53, 0x70, 0x69, 0x72, 0x69, 0x74, 0x62, 0x72, 0x69, 0x6E, 0x67, 0x65, 0x72, 0x20, 0x41, 0x74,
    0x74, 0x69, 0x72, 0x65, 0xA2, 0x04, 0x00, 0x00, 0x1A, 0x00, 0x00, 0x00, 0x53, 0xA7, 0x03, 0x00,
    0x01, 0x00, 0x00, 0x00, 0x00, 0x00, 0x00, 0x00, 0x00, 0x00, 0x00, 0x00, 0x00, 0x00, 0x00, 0x00,
    0x02, 0x00, 0x00, 0x00, 0x00, 0x00, 0x00, 0x00, 0x2B, 0x11, 0x00, 0x00, 0x00, 0x00, 0x00, 0x00,
    0x00, 0x00, 0x00, 0x00, 0x00, 0x00, 0x00, 0x00, 0x1B, 0x00, 0x00, 0x45, 0x6E, 0x73, 0x65, 0x6D,
    0x62, 0x6C, 0x65, 0x3A, 0x20, 0x53, 0x70, 0x69, 0x72, 0x69, 0x74, 0x72, 0x75, 0x6E, 0x65, 0x20,
    0x41, 0x74, 0x74, 0x69, 0x72, 0x65, 0xA4, 0x04, 0x00, 0x00, 0x1A, 0x00, 0x00, 0x00, 0x51, 0xA7,
    0x03, 0x00, 0x01, 0x00, 0x00, 0x00, 0x00, 0x00, 0x00, 0x00, 0x00, 0x00, 0x00, 0x00, 0x00, 0x00,
    0x00, 0x00, 0x02, 0x00, 0x00, 0x00, 0x00, 0x00, 0x00, 0x00, 0x2A, 0x11, 0x00, 0x00, 0x00, 0x00,
    0x00, 0x00, 0x00, 0x00, 0x00, 0x00, 0x00, 0x00, 0x00, 0x00, 0x1C, 0x00, 0x00, 0x45, 0x6E, 0x73,
    0x65, 0x6D, 0x62, 0x6C, 0x65, 0x3A, 0x20, 0x53, 0x6F, 0x75, 0x6C, 0x62, 0x72, 0x69, 0x6E, 0x67,
    0x65, 0x72, 0x20, 0x41, 0x74, 0x74, 0x69, 0x72, 0x65, 0xA5, 0x04, 0x00, 0x00, 0x1A, 0x00, 0x00,
    0x00, 0x54, 0xA7, 0x03, 0x00, 0x01, 0x00, 0x00, 0x00, 0x00, 0x00, 0x00, 0x00, 0x00, 0x00, 0x00,
    0x00, 0x00, 0x00, 0x00, 0x00, 0x02, 0x00, 0x00, 0x00, 0x00, 0x00, 0x00, 0x00, 0x2C, 0x11, 0x00,
    0x00, 0x00, 0x00, 0x00, 0x00, 0x00, 0x00, 0x00, 0x00, 0x00, 0x00, 0x00, 0x00, 0x19, 0x00, 0x00,
    0x45, 0x6E, 0x73, 0x65, 0x6D, 0x62, 0x6C, 0x65, 0x3A, 0x20, 0x53, 0x6F, 0x75, 0x6C, 0x72, 0x75,
    0x6E, 0x65, 0x20, 0x41, 0x74, 0x74, 0x69, 0x72, 0x65, 0xA6, 0x04, 0x00, 0x00, 0x1A, 0x00, 0x00,
    0x00, 0x79, 0xA7, 0x03, 0x00, 0x01, 0x00, 0x00, 0x00, 0x00, 0x00, 0x00, 0x00, 0x00, 0x00, 0x00,
    0x00, 0x00, 0x00, 0x00, 0x00, 0x02, 0x00, 0x00, 0x00, 0x00, 0x00, 0x00, 0x00, 0x2E, 0x11, 0x00,
    0x00, 0x00, 0x00, 0x00, 0x00, 0x00, 0x00, 0x00, 0x00, 0x00, 0x00, 0x00, 0x00, 0x20, 0x00, 0x00,
    0x41, 0x72, 0x73, 0x65, 0x6E, 0x61, 0x6C, 0x3A, 0x20, 0x53, 0x6F, 0x75, 0x6C, 0x2D, 0x54, 0x6F,
    0x75, 0x63, 0x68, 0x65, 0x64, 0x20, 0x43, 0x6F, 0x6C, 0x6C, 0x65, 0x63, 0x74, 0x69, 0x6F, 0x6E,
    0xA3, 0x04, 0x00, 0x00, 0x1A, 0x00, 0x00, 0x00, 0x55, 0xA7, 0x03, 0x00, 0x01, 0x00, 0x00, 0x00,
    0x00, 0x00, 0x00, 0x00, 0x00, 0x00, 0x00, 0x00, 0x00, 0x00, 0x00, 0x00, 0x02, 0x00, 0x00, 0x00,
    0x00, 0x00, 0x00, 0x00, 0x2D, 0x11, 0x00, 0x00, 0x00, 0x00, 0x00, 0x00, 0x00, 0x00, 0x00, 0x00,
    0x00, 0x00, 0x00, 0x00, 0x22, 0x00, 0x00, 0x41, 0x72, 0x73, 0x65, 0x6E, 0x61, 0x6C, 0x3A, 0x20,
    0x53, 0x70, 0x69, 0x72, 0x69, 0x74, 0x2D, 0x54, 0x6F, 0x75, 0x63, 0x68, 0x65, 0x64, 0x20, 0x43,
    0x6F, 0x6C, 0x6C, 0x65, 0x63, 0x74, 0x69, 0x6F, 0x6E, 0x87, 0x04, 0x00, 0x00, 0x12, 0x00, 0x00,
    0x00, 0x00, 0x00, 0x00, 0x00, 0x00, 0x00, 0x00, 0x00, 0x00, 0x00, 0x00, 0x00, 0x00, 0x00, 0x00,
    0x00, 0x00, 0x00, 0x00, 0x00, 0x02, 0x02, 0x00, 0x00, 0x00, 0x00, 0x00, 0x00, 0x00, 0x00, 0x00,
    0x00, 0x00, 0x00, 0x00, 0x00, 0x00, 0x00, 0x00, 0x00, 0x00, 0x00, 0x00, 0x00, 0x00, 0x80, 0x00,
    0x9C, 0x04, 0x00, 0x00, 0x0C, 0x00, 0x00, 0x00, 0x00, 0x00, 0x00, 0x00, 0xF4, 0x01, 0x00, 0x00,
    0x00, 0x00, 0x00, 0x00, 0x00, 0x00, 0x00, 0x00, 0x00, 0x00, 0x00, 0x00, 0x02, 0x00, 0x00, 0x00,
    0x00, 0x00, 0x00, 0x00, 0x00, 0x00, 0x00, 0x00, 0x00, 0x00, 0x00, 0x00, 0x00, 0x00, 0x00, 0x00,
    0x00, 0x00, 0x00, 0x00, 0x0A, 0x80, 0x00, 0x35, 0x30, 0x30, 0x20, 0x54, 0x65, 0x6E, 0x64, 0x65,
    0x72, 0x84, 0x04, 0x00, 0x00, 0x12, 0x00, 0x00, 0x00, 0x00, 0x00, 0x00, 0x00, 0x00, 0x00, 0x00,
    0x00, 0x00, 0x00, 0x00, 0x00, 0x00, 0x00, 0x00, 0x00, 0x00, 0x00, 0x00, 0x00, 0x02, 0x02, 0x00,
    0x00, 0x00, 0x00, 0x00, 0x00, 0x00, 0x00, 0x00, 0x00, 0x00, 0x00, 0x00, 0x00, 0x00, 0x00, 0x00,
    0x00, 0x00, 0x00, 0x00, 0x00, 0x00, 0x80, 0x00, 0x0D, 0x00, 0x00, 0x00, 0xAC, 0x04, 0x0A, 0x00,
    0x00, 0x32, 0x00, 0x00, 0x00, 0x0A, 0x00, 0x00, 0x00, 0x00, 0x00, 0x00, 0x00, 0x04, 0x00, 0x00,
    0x00, 0x50, 0x65, 0x74, 0x73, 0x0F, 0x00, 0x00, 0x00, 0xA5, 0x04, 0x02, 0x00, 0x00, 0x2D, 0x00,
    0x00, 0x00, 0x0A, 0x00, 0x00, 0x00, 0x00, 0x00, 0x00, 0x00, 0x06, 0x00, 0x00, 0x00, 0x4D, 0x6F,
    0x75, 0x6E, 0x74, 0x73, 0x1E, 0x00, 0x00, 0x00, 0xD1, 0x19, 0x11, 0x00, 0x00, 0x28, 0x00, 0x00,
    0x00, 0x00, 0x00, 0x00, 0x00, 0x00, 0x00, 0x00, 0x00, 0x09, 0x00, 0x00, 0x00, 0x57, 0x6F, 0x57,
    0x20, 0x54, 0x6F, 0x6B, 0x65, 0x6E, 0x8A, 0x00, 0x00, 0x00, 0x75, 0x9F, 0x03, 0x00, 0x00, 0x3C,
    0x00, 0x00, 0x00, 0x0A, 0x00, 0x00, 0x00, 0x00, 0x00, 0x00, 0x00, 0x04, 0x00, 0x00, 0x00, 0x54,
    0x6F, 0x79, 0x73, 0x8B, 0x00, 0x00, 0x00, 0x22, 0x06, 0x02, 0x00, 0x00, 0x37, 0x00, 0x00, 0x00,
    0x0A, 0x00, 0x00, 0x00, 0x00, 0x00, 0x00, 0x00, 0x09, 0x00, 0x00, 0x00, 0x54, 0x72, 0x61, 0x6E,
    0x73, 0x6D, 0x6F, 0x67, 0x73, 0xA4, 0x00, 0x00, 0x00, 0x00, 0x00, 0x00, 0x00, 0x00, 0x00, 0x00,
    0x00, 0x00, 0x08, 0x00, 0x00, 0x00, 0x16, 0x00, 0x00, 0x00, 0x12, 0x00, 0x00, 0x00, 0x43, 0x68,
    0x61, 0x72, 0x61, 0x63, 0x74, 0x65, 0x72, 0x20, 0x54, 0x72, 0x61, 0x6E, 0x73, 0x66, 0x65, 0x72,
    0x16, 0x00, 0x00, 0x00, 0xB8, 0x0C, 0x02, 0x00, 0x00, 0x14, 0x00, 0x00, 0x00, 0x08, 0x00, 0x00,
    0x00, 0x00, 0x00, 0x00, 0x00, 0x08, 0x00, 0x00, 0x00, 0x53, 0x65, 0x72, 0x76, 0x69, 0x63, 0x65,
    0x73, 0xA6, 0x00, 0x00, 0x00, 0x00, 0x00, 0x00, 0x00, 0x00, 0x02, 0x00, 0x00, 0x00, 0x08, 0x00,
    0x00, 0x00, 0x16, 0x00, 0x00, 0x00, 0x0E, 0x00, 0x00, 0x00, 0x46, 0x61, 0x63, 0x74, 0x69, 0x6F,
    0x6E, 0x20, 0x43, 0x68, 0x61, 0x6E, 0x67, 0x65, 0xA7, 0x00, 0x00, 0x00, 0x00, 0x00, 0x00, 0x00,
    0x00, 0x03, 0x00, 0x00, 0x00, 0x08, 0x00, 0x00, 0x00, 0x16, 0x00, 0x00, 0x00, 0x0B, 0x00, 0x00,
    0x00, 0x52, 0x61, 0x63, 0x65, 0x20, 0x43, 0x68, 0x61, 0x6E, 0x67, 0x65, 0xC5, 0x00, 0x00, 0x00,
    0x48, 0xB4, 0x5C, 0x00, 0x00, 0x0F, 0x00, 0x00, 0x00, 0x0F, 0x00, 0x00, 0x00, 0x00, 0x00, 0x00,
    0x00, 0x19, 0x00, 0x00, 0x00, 0x54, 0x72, 0x61, 0x64, 0x65, 0x72, 0x27, 0x73, 0x20, 0x47, 0x69,
    0x6C, 0x64, 0x65, 0x64, 0x20, 0x42, 0x72, 0x75, 0x74, 0x6F, 0x73, 0x61, 0x75, 0x72, 0xD1, 0x00,
    0x00, 0x00, 0x12, 0x31, 0x5F, 0x00, 0x00, 0x08, 0x00, 0x00, 0x00, 0x0F, 0x00, 0x00, 0x00, 0x00,
    0x00, 0x00, 0x00, 0x17, 0x00, 0x00, 0x00, 0x53, 0x68, 0x61, 0x2D, 0x49, 0x6E, 0x66, 0x75, 0x73,
    0x65, 0x64, 0x20, 0x48, 0x65, 0x72, 0x6F, 0x69, 0x63, 0x20, 0x50, 0x61, 0x63, 0x6B, 0xD4, 0x00,
    0x00, 0x00, 0x7B, 0x65, 0x5F, 0x00, 0x00, 0x17, 0x00, 0x00, 0x00, 0x0F, 0x00, 0x00, 0x00, 0x00,
    0x00, 0x00, 0x00, 0x15, 0x00, 0x00, 0x00, 0x48, 0x65, 0x61, 0x76, 0x65, 0x6E, 0x6C, 0x79, 0x20,
    0x52, 0x65, 0x67, 0x61, 0x6C, 0x69, 0x61, 0x20, 0x50, 0x61, 0x63, 0x6B, 0xA9, 0x00, 0x00, 0x00,
    0x00, 0x00, 0x00, 0x00, 0x00, 0x04, 0x00, 0x00, 0x00, 0x08, 0x00, 0x00, 0x00, 0x16, 0x00, 0x00,
    0x00, 0x0B, 0x00, 0x00, 0x00, 0x4E, 0x61, 0x6D, 0x65, 0x20, 0x43, 0x68, 0x61, 0x6E, 0x67, 0x65,
    0xC3, 0x00, 0x00, 0x00, 0xA4, 0x23, 0x5A, 0x00, 0x00, 0x1E, 0x00, 0x00, 0x00, 0x0F, 0x00, 0x00,
    0x00, 0x00, 0x00, 0x00, 0x00, 0x18, 0x00, 0x00, 0x00, 0x47, 0x72, 0x69, 0x7A, 0x7A, 0x6C, 0x79,
    0x20, 0x48, 0x69, 0x6C, 0x6C, 0x73, 0x20, 0x50, 0x61, 0x63, 0x6B, 0x6D, 0x61, 0x73, 0x74, 0x65,
    0x72, 0xD9, 0x00, 0x00, 0x00, 0xD9, 0x50, 0x66, 0x00, 0x00, 0x15, 0x00, 0x00, 0x00, 0x0F, 0x00,
    0x00, 0x00, 0x00, 0x00, 0x00, 0x00, 0x15, 0x00, 0x00, 0x00, 0x57, 0x69, 0x6E, 0x67, 0x73, 0x20,
    0x61, 0x6E, 0x64, 0x20, 0x57, 0x69, 0x73, 0x64, 0x6F, 0x6D, 0x20, 0x50, 0x61, 0x63, 0x6B, 0xE1,
    0x00, 0x00, 0x00, 0x99, 0x1F, 0x69, 0x00, 0x00, 0x0F, 0x00, 0x00, 0x00, 0x0F, 0x00, 0x00, 0x00,
    0x00, 0x00, 0x00, 0x00, 0x12, 0x00, 0x00, 0x00, 0x43, 0x72, 0x69, 0x6D, 0x73, 0x6F, 0x6E, 0x20,
    0x43, 0x6F, 0x75, 0x72, 0x74, 0x20, 0x50, 0x61, 0x63, 0x6B, 0xE2, 0x00, 0x00, 0x00, 0x2E, 0x06,
    0x6C, 0x00, 0x00, 0x10, 0x00, 0x00, 0x00, 0x0F, 0x00, 0x00, 0x00, 0x00, 0x00, 0x00, 0x00, 0x15,
    0x00, 0x00, 0x00, 0x41, 0x6D, 0x65, 0x74, 0x68, 0x79, 0x73, 0x74, 0x20, 0x46, 0x65, 0x6C, 0x66,
    0x69, 0x72, 0x65, 0x20, 0x50, 0x61, 0x63, 0x6B, 0xA5, 0x00, 0x00, 0x00, 0x00, 0x00, 0x00, 0x00,
    0x00, 0x01, 0x00, 0x00, 0x00, 0x0A, 0x00, 0x00, 0x00, 0x16, 0x00, 0x00, 0x00, 0x0B, 0x00, 0x00,
    0x00, 0x4C, 0x65, 0x76, 0x65, 0x6C, 0x20, 0x42, 0x6F, 0x6F, 0x73, 0x74, 0x21, 0x00, 0x00, 0x00,
    0x2B, 0x14, 0x02, 0x00, 0x00, 0x05, 0x00, 0x00, 0x00, 0x0E, 0x00, 0x00, 0x00, 0x00, 0x00, 0x00,
    0x00, 0x0D, 0x00, 0x00, 0x3D, 0x47, 0x61, 0x6D, 0x65, 0x20, 0x55, 0x70, 0x67, 0x72, 0x61, 0x64,
    0x65, 0x73, 0x59, 0x6F, 0x75, 0x27, 0x76, 0x65, 0x20, 0x75, 0x70, 0x67, 0x72, 0x61, 0x64, 0x65,
    0x64, 0x20, 0x74, 0x6F, 0x20, 0x74, 0x68, 0x65, 0x20, 0x68, 0x69, 0x67, 0x68, 0x65, 0x73, 0x74,
    0x20, 0x76, 0x65, 0x72, 0x73, 0x69, 0x6F, 0x6E, 0x20, 0x6F, 0x66, 0x20, 0x57, 0x6F, 0x72, 0x6C,
    0x64, 0x20, 0x6F, 0x66, 0x20, 0x57, 0x61, 0x72, 0x63, 0x72, 0x61, 0x66, 0x74, 0x2E, 0x00, 0xDF,
    0x00, 0x00, 0x00, 0x29, 0x3B, 0x66, 0x00, 0x00, 0x11, 0x00, 0x00, 0x00, 0x0F, 0x00, 0x00, 0x00,
    0x00, 0x00, 0x00, 0x00, 0x15, 0x00, 0x00, 0x00, 0x41, 0x73, 0x63, 0x65, 0x6E, 0x64, 0x65, 0x64,
    0x20, 0x52, 0x65, 0x67, 0x61, 0x6C, 0x69, 0x61, 0x20, 0x50, 0x61, 0x63, 0x6B, 0x51, 0x00, 0x00,
    0x00, 0x0D, 0x00, 0x00, 0x00, 0xF8, 0x00, 0x00, 0x00, 0x57, 0x00, 0x00, 0x00, 0x00, 0x00, 0x00,
    0x00, 0x00, 0x80, 0xC0, 0x80, 0x00, 0x07, 0x40, 0x00, 0x00, 0x00, 0x00, 0x00, 0x00, 0x00, 0x01,
    0x00, 0x00, 0x00, 0x00, 0x00, 0x00, 0x00, 0x00, 0x00, 0x00, 0x00, 0x00, 0x00, 0x00, 0x00, 0xFD,
    0xAB, 0x18, 0x00, 0x0A, 0x00, 0x00, 0x00, 0x54, 0x77, 0x69, 0x6C, 0x69, 0x67, 0x68, 0x74, 0x41,
    0x6E, 0x20, 0x65, 0x6E, 0x65, 0x72, 0x67, 0x65, 0x74, 0x69, 0x63, 0x20, 0x6B, 0x69, 0x74, 0x74,
    0x65, 0x6E, 0x20, 0x74, 0x68, 0x61, 0x74, 0x20, 0x63, 0x68, 0x61, 0x6E, 0x67, 0x65, 0x73, 0x20,
    0x63, 0x6F, 0x6C, 0x6F, 0x72, 0x73, 0x20, 0x62, 0x61, 0x73, 0x65, 0x64, 0x20, 0x6F, 0x6E, 0x20,
    0x69, 0x74, 0x73, 0x20, 0x6D, 0x6F, 0x6F, 0x64, 0x2E, 0x02, 0x00, 0x33, 0x2B, 0x01, 0x00, 0x0A,
    0x00, 0x00, 0x00, 0x00, 0x00, 0x00, 0x00, 0x54, 0x77, 0x69, 0x6C, 0x69, 0x67, 0x68, 0x74, 0x52,
    0x00, 0x00, 0x00, 0x0F, 0x00, 0x00, 0x00, 0xFD, 0x00, 0x00, 0x00, 0x58, 0x00, 0x00, 0x00, 0x00,
    0x00, 0x00, 0x00, 0x00, 0x80, 0xC1, 0x30, 0x00, 0x0B, 0x40, 0x00, 0x00, 0x00, 0x00, 0x00, 0x00,
    0x00, 0x01, 0x00, 0x00, 0x00, 0x00, 0x00, 0x00, 0x00, 0x00, 0x00, 0x00, 0x00, 0x00, 0x00, 0x00,
    0x00, 0x02, 0xAC, 0x18, 0x00, 0x4E, 0x00, 0x00, 0x00, 0x4C, 0x75, 0x6D, 0x69, 0x6E, 0x6F, 0x75,
    0x73, 0x20, 0x53, 0x74, 0x61, 0x72, 0x73, 0x65, 0x65, 0x6B, 0x65, 0x72, 0x41, 0x6E, 0x20, 0x65,
    0x6E, 0x65, 0x72, 0x67, 0x79, 0x2D, 0x73, 0x65, 0x6E, 0x73, 0x69, 0x6E, 0x67, 0x20, 0x70, 0x72,
    0x65, 0x64, 0x61, 0x74, 0x6F, 0x72, 0x20, 0x66, 0x72, 0x6F, 0x6D, 0x20, 0x74, 0x68, 0x65, 0x20,
    0x77, 0x61, 0x72, 0x2D, 0x74, 0x6F, 0x72, 0x6E, 0x20, 0x70, 0x6C, 0x61, 0x6E, 0x65, 0x74, 0x20,
    0x6F, 0x66, 0x20, 0x41, 0x72, 0x67, 0x75, 0x73, 0x2C, 0x20, 0x69, 0x74, 0x20, 0x63, 0x61, 0x6E,
    0x20, 0x63, 0x68, 0x61, 0x6E, 0x67, 0x65, 0x20, 0x63, 0x6F, 0x6C, 0x6F, 0x72, 0x20, 0x61, 0x74,
    0x20, 0x77, 0x69, 0x6C, 0x6C, 0x2E, 0x04, 0xC0, 0x2A, 0x2B, 0x01, 0x00, 0x4E, 0x00, 0x00, 0x00,
    0x00, 0x00, 0x00, 0x00, 0x4C, 0x75, 0x6D, 0x69, 0x6E, 0x6F, 0x75, 0x73, 0x20, 0x53, 0x74, 0x61,
    0x72, 0x73, 0x65, 0x65, 0x6B, 0x65, 0x72, 0x1C, 0x00, 0x00, 0x00, 0x0F, 0x00, 0x00, 0x00, 0x50,
    0x00, 0x00, 0x00, 0x5C, 0x00, 0x00, 0x00, 0x00, 0x00, 0x00, 0x00, 0x00, 0x80, 0xC1, 0x40, 0x00,
    0x08, 0x00, 0x00, 0x00, 0x00, 0x00, 0x00, 0x00, 0x00, 0x01, 0x00, 0x00, 0x00, 0x00, 0x00, 0x00,
    0x00, 0x00, 0x00, 0x00, 0x00, 0x00, 0x00, 0x00, 0x00, 0x45, 0xD7, 0x0C, 0x00, 0x51, 0x00, 0x00,
    0x00, 0x45, 0x6E, 0x63, 0x68, 0x61, 0x6E, 0x74, 0x65, 0x64, 0x20, 0x46, 0x65, 0x79, 0x20, 0x44,
    0x72, 0x61, 0x67, 0x6F, 0x6E, 0x53, 0x74, 0x61, 0x6E, 0x64, 0x20, 0x6F, 0x75, 0x74, 0x20, 0x6E,
    0x6F, 0x20, 0x6D, 0x61, 0x74, 0x74, 0x65, 0x72, 0x20, 0x74, 0x68, 0x65, 0x20, 0x73, 0x69, 0x74,
    0x75, 0x61, 0x74, 0x69, 0x6F, 0x6E, 0x20, 0x6F, 0x6E, 0x20, 0x74, 0x68, 0x69, 0x73, 0x20, 0x63,
    0x6F, 0x6C, 0x6F, 0x72, 0x2D, 0x73, 0x68, 0x69, 0x66, 0x74, 0x69, 0x6E, 0x67, 0x20, 0x64, 0x72,
    0x61, 0x67, 0x6F, 0x6E, 0x2E, 0x05, 0x00, 0x4A, 0xBE, 0x00, 0x00, 0x9E, 0x01, 0x00, 0x00, 0x00,
    0x00, 0x00, 0x00, 0x45, 0x6E, 0x63, 0x68, 0x61, 0x6E, 0x74, 0x65, 0x64, 0x20, 0x46, 0x65, 0x79,
    0x20, 0x44, 0x72, 0x61, 0x67, 0x6F, 0x6E, 0x1D, 0x00, 0x00, 0x00, 0x0D, 0x00, 0x00, 0x00, 0x51,
    0x00, 0x00, 0x00, 0x5B, 0x00, 0x00, 0x00, 0x00, 0x00, 0x00, 0x00, 0x00, 0x80, 0xC1, 0x00, 0x00,
    0x09, 0x20, 0x00, 0x00, 0x00, 0x00, 0x00, 0x00, 0x00, 0x01, 0x00, 0x00, 0x00, 0x00, 0x00, 0x00,
    0x00, 0x00, 0x00, 0x00, 0x00, 0x00, 0x00, 0x00, 0x00, 0x0C, 0x06, 0x02, 0x00, 0x0A, 0x00, 0x00,
    0x00, 0x41, 0x6C, 0x74, 0x65, 0x72, 0x61, 0x63, 0x20, 0x42, 0x72, 0x65, 0x77, 0x2D, 0x50, 0x75,
    0x70, 0x53, 0x63, 0x61, 0x6C, 0x65, 0x20, 0x74, 0x68, 0x65, 0x20, 0x68, 0x69, 0x67, 0x68, 0x65,
    0x73, 0x74, 0x20, 0x6D, 0x6F, 0x75, 0x6E, 0x74, 0x61, 0x69, 0x6E, 0x20, 0x77, 0x69, 0x74, 0x68,
    0x20, 0x74, 0x68, 0x65, 0x20, 0x74, 0x72, 0x75, 0x73, 0x74, 0x79, 0x20, 0x41, 0x6C, 0x74, 0x65,
    0x72, 0x61, 0x63, 0x20, 0x42, 0x72, 0x65, 0x77, 0x2D, 0x50, 0x75, 0x70, 0x20, 0x62, 0x79, 0x20,
    0x79, 0x6F, 0x75, 0x72, 0x20, 0x73, 0x69, 0x64, 0x65, 0x2E, 0x04, 0x00, 0x14, 0xCB, 0x00, 0x00,
    0x0A, 0x00, 0x00, 0x00, 0x00, 0x00, 0x00, 0x00, 0x41, 0x6C, 0x74, 0x65, 0x72, 0x61, 0x63, 0x20,
    0x42, 0x72, 0x65, 0x77, 0x2D, 0x50, 0x75, 0x70, 0x07, 0x00, 0x00, 0x00, 0x0D, 0x00, 0x00, 0x00,
    0x33, 0x00, 0x00, 0x00, 0x5E, 0x00, 0x00, 0x00, 0x00, 0x00, 0x00, 0x00, 0x00, 0x80, 0xC1, 0x30,
    0x00, 0x08, 0xA0, 0x00, 0x00, 0x00, 0x00, 0x00, 0x00, 0x00, 0x01, 0x00, 0x00, 0x00, 0x00, 0x00,
    0x00, 0x00, 0x00, 0x00, 0x00, 0x00, 0x00, 0x00, 0x00, 0x00, 0x56, 0xC5, 0x08, 0x00, 0x0A, 0x00,
    0x00, 0x00, 0x53, 0x6F, 0x75, 0x6C, 0x20, 0x6F, 0x66, 0x20, 0x74, 0x68, 0x65, 0x20, 0x41, 0x73,
    0x70, 0x65, 0x63, 0x74, 0x73, 0x55, 0x6E, 0x74, 0x61, 0x6D, 0x65, 0x64, 0x20, 0x62, 0x75, 0x74,
    0x20, 0x66, 0x72, 0x69, 0x65, 0x6E, 0x64, 0x6C, 0x79, 0x2C, 0x20, 0x74, 0x68, 0x69, 0x73, 0x20,
    0x67, 0x6F, 0x6C, 0x64, 0x65, 0x6E, 0x20, 0x64, 0x72, 0x61, 0x67, 0x6F, 0x6E, 0x20, 0x77, 0x69,
    0x6C, 0x6C, 0x20, 0x66, 0x6C, 0x79, 0x20, 0x74, 0x68, 0x65, 0x20, 0x73, 0x6B, 0x69, 0x65, 0x73,
    0x20, 0x77, 0x69, 0x74, 0x68, 0x20, 0x79, 0x6F, 0x75, 0x2E, 0x04, 0xC0, 0x53, 0x9C, 0x00, 0x00,
    0x0A, 0x00, 0x00, 0x00, 0x00, 0x00, 0x00, 0x00, 0x53, 0x6F, 0x75, 0x6C, 0x20, 0x6F, 0x66, 0x20,
    0x74, 0x68, 0x65, 0x20, 0x41, 0x73, 0x70, 0x65, 0x63, 0x74, 0x73, 0x08, 0x00, 0x00, 0x00, 0x0D,
    0x00, 0x00, 0x00, 0x34, 0x00, 0x00, 0x00, 0x5F, 0x00, 0x00, 0x00, 0x00, 0x00, 0x00, 0x00, 0x00,
    0x80, 0xC0, 0xD0, 0x00, 0x08, 0x20, 0x00, 0x00, 0x00, 0x00, 0x00, 0x00, 0x00, 0x01, 0x00, 0x00,
    0x00, 0x00, 0x00, 0x00, 0x00, 0x00, 0x00, 0x00, 0x00, 0x00, 0x00, 0x00, 0x00, 0xBC, 0xE2, 0x03,
    0x00, 0x48, 0x00, 0x00, 0x00, 0x4C, 0x69, 0x6C, 0x27, 0x20, 0x52, 0x61, 0x67, 0x6E, 0x61, 0x72,
    0x6F, 0x73, 0x59, 0x6F, 0x75, 0x72, 0x20, 0x66, 0x6F, 0x65, 0x73, 0x20, 0x77, 0x69, 0x6C, 0x6C,
    0x20, 0x62, 0x65, 0x20, 0x70, 0x75, 0x72, 0x67, 0x65, 0x64, 0x20, 0x62, 0x79, 0x20, 0x66, 0x69,
    0x72, 0x65, 0x20, 0x77, 0x69, 0x74, 0x68, 0x20, 0x4C, 0x69, 0x6C, 0x27, 0x20, 0x52, 0x61, 0x67,
    0x6E, 0x61, 0x72, 0x6F, 0x73, 0x20, 0x6F, 0x6E, 0x20, 0x79, 0x6F, 0x75, 0x72, 0x20, 0x74, 0x65,
    0x61, 0x6D, 0x2E, 0x03, 0x40, 0xA5, 0x92, 0x00, 0x00, 0x8C, 0x01, 0x00, 0x00, 0x00, 0x00, 0x00,
    0x00, 0x4C, 0x69, 0x6C, 0x27, 0x20, 0x52, 0x61, 0x67, 0x6E, 0x61, 0x72, 0x6F, 0x73, 0x0A, 0x00,
    0x00, 0x00, 0x0D, 0x00, 0x00, 0x00, 0x36, 0x00, 0x00, 0x00, 0x5D, 0x00, 0x00, 0x00, 0x00, 0x00,
    0x00, 0x00, 0x00, 0x80, 0xC0, 0xD0, 0x00, 0x07, 0x20, 0x00, 0x00, 0x00, 0x00, 0x00, 0x00, 0x00,
    0x01, 0x00, 0x00, 0x00, 0x00, 0x00, 0x00, 0x00, 0x00, 0x00, 0x00, 0x00, 0x00, 0x00, 0x00, 0x00,
    0xA2, 0x2B, 0x0A, 0x00, 0x0A, 0x00, 0x00, 0x00, 0x43, 0x69, 0x6E, 0x64, 0x65, 0x72, 0x20, 0x4B,
    0x69, 0x74, 0x74, 0x65, 0x6E, 0x54, 0x68, 0x69, 0x73, 0x20, 0x43, 0x69, 0x6E, 0x64, 0x65, 0x72,
    0x20, 0x4B, 0x69, 0x74, 0x74, 0x65, 0x6E, 0x20, 0x77, 0x69, 0x6C, 0x6C, 0x20, 0x63, 0x68, 0x61,
    0x72, 0x20, 0x79, 0x6F, 0x75, 0x72, 0x20, 0x66, 0x61, 0x63, 0x65, 0x20, 0x6F, 0x66, 0x66, 0x20,
    0x77, 0x69, 0x74, 0x68, 0x20, 0x63, 0x75, 0x74, 0x65, 0x6E, 0x65, 0x73, 0x73, 0x2E, 0x03, 0x40,
    0x80, 0xB6, 0x00, 0x00, 0x0A, 0x00, 0x00, 0x00, 0x00, 0x00, 0x00, 0x00, 0x43, 0x69, 0x6E, 0x64,
    0x65, 0x72, 0x20, 0x4B, 0x69, 0x74, 0x74, 0x65, 0x6E, 0x0C, 0x00, 0x00, 0x00, 0x0D, 0x00, 0x00,
    0x00, 0x38, 0x00, 0x00, 0x00, 0x5C, 0x00, 0x00, 0x00, 0x00, 0x00, 0x00, 0x00, 0x00, 0x80, 0xC1,
    0x20, 0x00, 0x07, 0xA0, 0x00, 0x00, 0x00, 0x00, 0x00, 0x00, 0x00, 0x01, 0x00, 0x00, 0x00, 0x00,
    0x00, 0x00, 0x00, 0x00, 0x00, 0x00, 0x00, 0x00, 0x00, 0x00, 0x00, 0x69, 0x59, 0x0D, 0x00, 0x48,
    0x00, 0x00, 0x00, 0x42, 0x6C, 0x6F, 0x73, 0x73, 0x6F, 0x6D, 0x69, 0x6E, 0x67, 0x20, 0x41, 0x6E,
    0x63, 0x69, 0x65, 0x6E, 0x74, 0x47, 0x72, 0x6F, 0x77, 0x20, 0x79, 0x6F, 0x75, 0x72, 0x20, 0x63,
    0x6F, 0x6C, 0x6C, 0x65, 0x63, 0x74, 0x69, 0x6F, 0x6E, 0x20, 0x77, 0x69, 0x74, 0x68, 0x20, 0x74,
    0x68, 0x65, 0x20, 0x6C, 0x69, 0x66, 0x65, 0x2D, 0x67, 0x69, 0x76, 0x69, 0x6E, 0x67, 0x20, 0x42,
    0x6C, 0x6F, 0x73, 0x73, 0x6F, 0x6D, 0x69, 0x6E, 0x67, 0x20, 0x41, 0x6E, 0x63, 0x69, 0x65, 0x6E,
    0x74, 0x2E, 0x04, 0x80, 0x25, 0xBF, 0x00, 0x00, 0x48, 0x00, 0x00, 0x00, 0x00, 0x00, 0x00, 0x00,
    0x42, 0x6C, 0x6F, 0x73, 0x73, 0x6F, 0x6D, 0x69, 0x6E, 0x67, 0x20, 0x41, 0x6E, 0x63, 0x69, 0x65,
    0x6E, 0x74, 0x11, 0x00, 0x00, 0x00, 0x0F, 0x00, 0x00, 0x00, 0x3D, 0x00, 0x00, 0x00, 0x62, 0x00,
    0x00, 0x00, 0x00, 0x00, 0x00, 0x00, 0x00, 0x80, 0xC1, 0x40, 0x00, 0x09, 0x40, 0x00, 0x00, 0x00,
    0x00, 0x00, 0x00, 0x00, 0x01, 0x00, 0x00, 0x00, 0x00, 0x00, 0x00, 0x00, 0x00, 0x00, 0x00, 0x00,
    0x00, 0x00, 0x00, 0x00, 0x8A, 0xCA, 0x08, 0x00, 0x53, 0x00, 0x00, 0x00, 0x48, 0x65, 0x61, 0x72,
    0x74, 0x20, 0x6F, 0x66, 0x20, 0x74, 0x68, 0x65, 0x20, 0x41, 0x73, 0x70, 0x65, 0x63, 0x74, 0x73,
    0x47, 0x6C, 0x6F, 0x77, 0x69, 0x6E, 0x67, 0x20, 0x77, 0x69, 0x74, 0x68, 0x20, 0x69, 0x6E, 0x6E,
    0x65, 0x72, 0x20, 0x6C, 0x69, 0x67, 0x68, 0x74, 0x2C, 0x20, 0x74, 0x68, 0x69, 0x73, 0x20, 0x6C,
    0x75, 0x6D, 0x69, 0x6E, 0x6F, 0x75, 0x73, 0x20, 0x66, 0x6C, 0x79, 0x69, 0x6E, 0x67, 0x20, 0x64,
    0x72, 0x61, 0x67, 0x6F, 0x6E, 0x20, 0x64, 0x65, 0x66, 0x69, 0x65, 0x73, 0x20, 0x74, 0x68, 0x65,
    0x20, 0x64, 0x61, 0x72, 0x6B, 0x6E, 0x65, 0x73, 0x73, 0x2E, 0x05, 0x00, 0x5D, 0x9C, 0x00, 0x00,
    0x53, 0x00, 0x00, 0x00, 0x00, 0x00, 0x00, 0x00, 0x48, 0x65, 0x61, 0x72, 0x74, 0x20, 0x6F, 0x66,
    0x20, 0x74, 0x68, 0x65, 0x20, 0x41, 0x73, 0x70, 0x65, 0x63, 0x74, 0x73, 0x32, 0x00, 0x00, 0x00,
    0x0D, 0x00, 0x00, 0x00, 0x6C, 0x00, 0x00, 0x00, 0x5A, 0x00, 0x00, 0x00, 0x00, 0x00, 0x00, 0x00,
    0x00, 0x80, 0x40, 0x40, 0x00, 0x05, 0xE0, 0x00, 0x00, 0x00, 0x00, 0x00, 0x00, 0x00, 0x01, 0x00,
    0x00, 0x00, 0x00, 0x00, 0x00, 0x00, 0x00, 0x00, 0x00, 0x00, 0x00, 0x00, 0x00, 0x00, 0x4B, 0x00,
    0x00, 0x00, 0x41, 0x72, 0x67, 0x69, 0x41, 0x20, 0x67, 0x6C, 0x65, 0x65, 0x66, 0x75, 0x6C, 0x20,
    0x6C, 0x69, 0x74, 0x74, 0x6C, 0x65, 0x20, 0x67, 0x6F, 0x61, 0x74, 0x20, 0x74, 0x68, 0x61, 0x74,
    0x27, 0x73, 0x20, 0x6F, 0x75, 0x74, 0x20, 0x6F, 0x66, 0x20, 0x74, 0x68, 0x69, 0x73, 0x20, 0x77,
    0x6F, 0x72, 0x6C, 0x64, 0x2E, 0x01, 0x00, 0xC8, 0xEE, 0x00, 0x00, 0x9C, 0x01, 0x00, 0x00, 0x00,
    0x00, 0x00, 0x00, 0x41, 0x72, 0x67, 0x69, 0x34, 0x00, 0x00, 0x00, 0x1E, 0x00, 0x00, 0x00, 0x80,
    0x00, 0x00, 0x00, 0x00, 0x00, 0x00, 0x00, 0x00, 0x00, 0x00, 0x00, 0x00, 0x00, 0x3F, 0x00, 0x00,
    0x00, 0x0D, 0x00, 0x00, 0x00, 0xA0, 0x00, 0x00, 0x00, 0x59, 0x00, 0x00, 0x00, 0x00, 0x00, 0x00,
    0x00, 0x00, 0x80, 0xC0, 0x90, 0x00, 0x0D, 0xA0, 0x00, 0x00, 0x00, 0x00, 0x00, 0x00, 0x00, 0x01,
    0x00, 0x00, 0x00, 0x00, 0x00, 0x00, 0x00, 0x00, 0x00, 0x00, 0x00, 0x00, 0x00, 0x00, 0x00, 0x5A,
    0x08, 0x11, 0x00, 0x0A, 0x00, 0x00, 0x00, 0x42, 0x72, 0x69, 0x67, 0x68, 0x74, 0x70, 0x61, 0x77,
    0x41, 0x6E, 0x20, 0x61, 0x72, 0x63, 0x61, 0x6E, 0x65, 0x2D, 0x69, 0x6E, 0x66, 0x75, 0x73, 0x65,
    0x64, 0x20, 0x6B, 0x69, 0x74, 0x74, 0x65, 0x6E, 0x20, 0x74, 0x68, 0x61, 0x74, 0x20, 0x69, 0x73,
    0x20, 0x73, 0x6F, 0x20, 0x66, 0x75, 0x6C, 0x6C, 0x20, 0x6F, 0x66, 0x20, 0x65, 0x6E, 0x65, 0x72,
    0x67, 0x79, 0x2C, 0x20, 0x73, 0x68, 0x65, 0x20, 0x73, 0x6F, 0x6D, 0x65, 0x74, 0x69, 0x6D, 0x65,
    0x73, 0x20, 0x6D, 0x61, 0x67, 0x69, 0x63, 0x61, 0x6C, 0x6C, 0x79, 0x20, 0x7A, 0x69, 0x70, 0x73,
    0x20, 0x61, 0x72, 0x6F, 0x75, 0x6E, 0x64, 0x20, 0x66, 0x6F, 0x72, 0x20, 0x6E, 0x6F, 0x20, 0x72,
    0x65, 0x61, 0x73, 0x6F, 0x6E, 0x20, 0x61, 0x74, 0x20, 0x61, 0x6C, 0x6C, 0x2E, 0x02, 0x40, 0x6D,
    0xFC, 0x00, 0x00, 0x0A, 0x00, 0x00, 0x00, 0x00, 0x00, 0x00, 0x00, 0x42, 0x72, 0x69, 0x67, 0x68,
    0x74, 0x70, 0x61, 0x77, 0x37, 0x00, 0x00, 0x00, 0x0F, 0x00, 0x00, 0x00, 0x88, 0x00, 0x00, 0x00,
    0x59, 0x00, 0x00, 0x00, 0x00, 0x00, 0x00, 0x00, 0x00, 0x80, 0xC1, 0x00, 0x00, 0x0D, 0x80, 0x00,
    0x00, 0x00, 0x00, 0x00, 0x00, 0x00, 0x01, 0x00, 0x00, 0x00, 0x00, 0x00, 0x00, 0x00, 0x00, 0x00,
    0x00, 0x00, 0x00, 0x00, 0x00, 0x00, 0x9A, 0xB9, 0x10, 0x00, 0x4E, 0x00, 0x00, 0x00, 0x4D, 0x79,
    0x73, 0x74, 0x69, 0x63, 0x20, 0x52, 0x75, 0x6E, 0x65, 0x73, 0x61, 0x62, 0x65, 0x72, 0x41, 0x6E,
    0x20, 0x61, 0x72, 0x63, 0x61, 0x6E, 0x65, 0x2D, 0x69, 0x6E, 0x66, 0x75, 0x73, 0x65, 0x64, 0x20,
    0x66, 0x65, 0x6C, 0x69, 0x6E, 0x65, 0x20, 0x73, 0x61, 0x64, 0x64, 0x6C, 0x65, 0x64, 0x20, 0x77,
    0x69, 0x74, 0x68, 0x20, 0x6D, 0x61, 0x67, 0x69, 0x63, 0x61, 0x6C, 0x20, 0x72, 0x75, 0x6E, 0x65,
    0x73, 0x20, 0x74, 0x68, 0x61, 0x74, 0x20, 0x66, 0x6F, 0x63, 0x75, 0x73, 0x20, 0x69, 0x74, 0x73,
    0x20, 0x65, 0x6E, 0x65, 0x72, 0x67, 0x69, 0x65, 0x73, 0x20, 0x69, 0x6E, 0x74, 0x6F, 0x20, 0x77,
    0x69, 0x6E, 0x67, 0x73, 0x20, 0x6F, 0x66, 0x20, 0x70, 0x75, 0x72, 0x65, 0x20, 0x61, 0x72, 0x63,
    0x61, 0x6E, 0x65, 0x20, 0x70, 0x6F, 0x77, 0x65, 0x72, 0x2E, 0x04, 0x00, 0xC4, 0xF2, 0x00, 0x00,
    0x4E, 0x00, 0x00, 0x00, 0x00, 0x00, 0x00, 0x00, 0x4D, 0x79, 0x73, 0x74, 0x69, 0x63, 0x20, 0x52,
    0x75, 0x6E, 0x65, 0x73, 0x61, 0x62, 0x65, 0x72, 0x53, 0x00, 0x00, 0x00, 0x0D, 0x00, 0x00, 0x00,
    0x0E, 0x01, 0x00, 0x00, 0x56, 0x00, 0x00, 0x00, 0x00, 0x00, 0x00, 0x00, 0x00, 0x80, 0xC0, 0x60,
    0x00, 0x07, 0xE0, 0x00, 0x00, 0x00, 0x00, 0x00, 0x00, 0x00, 0x01, 0x00, 0x00, 0x00, 0x00, 0x00,
    0x00, 0x00, 0x00, 0x00, 0x00, 0x00, 0x00, 0x00, 0x00, 0x00, 0xD6, 0xEF, 0x18, 0x00, 0x0A, 0x00,
    0x00, 0x00, 0x53, 0x68, 0x61, 0x64, 0x6F, 0x77, 0x54, 0x68, 0x69, 0x73, 0x20, 0x6C, 0x69, 0x74,
    0x74, 0x6C, 0x65, 0x20, 0x66, 0x6F, 0x78, 0x20, 0x69, 0x73, 0x20, 0x73, 0x68, 0x72, 0x6F, 0x75,
    0x64, 0x65, 0x64, 0x20, 0x69, 0x6E, 0x20, 0x73, 0x68, 0x61, 0x64, 0x6F, 0x77, 0x2C, 0x20, 0x62,
    0x75, 0x74, 0x20, 0x68, 0x61, 0x73, 0x20, 0x61, 0x20, 0x68, 0x65, 0x61, 0x72, 0x74, 0x20, 0x6F,
    0x66, 0x20, 0x67, 0x6F, 0x6C, 0x64, 0x2E, 0x01, 0x80, 0xBD, 0x2E, 0x01, 0x00, 0x0A, 0x00, 0x00,
    0x00, 0x00, 0x00, 0x00, 0x00, 0x53, 0x68, 0x61, 0x64, 0x6F, 0x77, 0x5C, 0x00, 0x00, 0x00, 0x0F,
    0x00, 0x00, 0x00, 0x35, 0x01, 0x00, 0x00, 0x57, 0x00, 0x00, 0x00, 0x00, 0x00, 0x00, 0x00, 0x00,
    0x80, 0xC1, 0xC0, 0x00, 0x08, 0xC0, 0x00, 0x00, 0x00, 0x00, 0x00, 0x00, 0x00, 0x01, 0x00, 0x00,
    0x00, 0x00, 0x00, 0x00, 0x00, 0x00, 0x00, 0x00, 0x00, 0x00, 0x00, 0x00, 0x00, 0xFA, 0x64, 0x1B,
    0x00, 0x0B, 0x01, 0x00, 0x00, 0x53, 0x68, 0x75, 0x2D, 0x5A, 0x65, 0x6E, 0x2C, 0x20, 0x74, 0x68,
    0x65, 0x20, 0x44, 0x69, 0x76, 0x69, 0x6E, 0x65, 0x20, 0x53, 0x65, 0x6E, 0x74, 0x69, 0x6E, 0x65,
    0x6C, 0x41, 0x20, 0x68, 0x6F, 0x6C, 0x79, 0x20, 0x67, 0x69, 0x66, 0x74, 0x20, 0x66, 0x72, 0x6F,
    0x6D, 0x20, 0x74, 0x68, 0x65, 0x20, 0x4C, 0x69, 0x67, 0x68, 0x74, 0x2C, 0x20, 0x53, 0x68, 0x75,
    0x2D, 0x7A, 0x65, 0x6E, 0x20, 0x69, 0x73, 0x20, 0x73, 0x65, 0x65, 0x6E, 0x20, 0x61, 0x73, 0x20,
    0x61, 0x20, 0x73, 0x69, 0x67, 0x6E, 0x20, 0x6F, 0x66, 0x20, 0x67, 0x6F, 0x6F, 0x64, 0x20, 0x66,
    0x6F, 0x72, 0x74, 0x75, 0x6E, 0x65, 0x2E, 0x07, 0x00, 0x6C, 0x3F, 0x01, 0x00, 0x0A, 0x01, 0x00,
    0x00, 0x00, 0x00, 0x00, 0x00, 0x53, 0x68, 0x75, 0x2D, 0x5A, 0x65, 0x6E, 0x2C, 0x20, 0x74, 0x68,
    0x65, 0x20, 0x44, 0x69, 0x76, 0x69, 0x6E, 0x65, 0x20, 0x53, 0x65, 0x6E, 0x74, 0x69, 0x6E, 0x65,
    0x6C, 0x68, 0x00, 0x00, 0x00, 0x0D, 0x00, 0x00, 0x00, 0x45, 0x01, 0x00, 0x00, 0x54, 0x00, 0x00,
    0x00, 0x00, 0x00, 0x00, 0x00, 0x00, 0x80, 0xC0, 0x70, 0x00, 0x0A, 0xA0, 0x00, 0x00, 0x00, 0x00,
    0x00, 0x00, 0x00, 0x01, 0x00, 0x00, 0x00, 0x00, 0x00, 0x00, 0x00, 0x00, 0x00, 0x00, 0x00, 0x00,
    0x00, 0x00, 0x00, 0xEA, 0x7D, 0x1E, 0x00, 0x0A, 0x00, 0x00, 0x00, 0x57, 0x68, 0x6F, 0x6D, 0x70,
    0x65, 0x72, 0x57, 0x68, 0x6F, 0x6D, 0x70, 0x65, 0x72, 0x20, 0x69, 0x73, 0x20, 0x61, 0x20, 0x70,
    0x6C, 0x61, 0x79, 0x66, 0x75, 0x6C, 0x20, 0x62, 0x61, 0x62, 0x79, 0x20, 0x77, 0x65, 0x6E, 0x64,
    0x69, 0x67, 0x6F, 0x20, 0x77, 0x68, 0x6F, 0x20, 0x73, 0x6F, 0x6D, 0x65, 0x74, 0x69, 0x6D, 0x65,
    0x73, 0x20, 0x74, 0x72, 0x69, 0x70, 0x73, 0x20, 0x6F, 0x76, 0x65, 0x72, 0x20, 0x68, 0x69, 0x73,
    0x20, 0x6F, 0x77, 0x6E, 0x20, 0x6F, 0x76, 0x65, 0x72, 0x6C, 0x79, 0x2D, 0x6C, 0x61, 0x72, 0x67,
    0x65, 0x20, 0x66, 0x65, 0x65, 0x74, 0x2E, 0x01, 0xC0, 0x04, 0x50, 0x01, 0x00, 0x0A, 0x00, 0x00,
    0x00, 0x00, 0x00, 0x00, 0x00, 0x57, 0x68, 0x6F, 0x6D, 0x70, 0x65, 0x72, 0xF8, 0x00, 0x00, 0x00,
    0x8A, 0x00, 0x00, 0x00, 0xE7, 0x01, 0x00, 0x00, 0x00, 0x00, 0x00, 0x00, 0x00, 0x00, 0x00, 0x00,
    0x00, 0x80, 0xC1, 0x30, 0x00, 0x0B, 0xE0, 0x00, 0x00, 0x04, 0x00, 0x00, 0x00, 0x00, 0x00, 0x00,
    0x00, 0x00, 0x00, 0x00, 0x00, 0x00, 0x00, 0x00, 0x00, 0x00, 0x00, 0x00, 0x00, 0x00, 0xFE, 0x13,
    0x2B, 0x00, 0x0A, 0x00, 0x00, 0x00, 0x54, 0x72, 0x61, 0x6E, 0x73, 0x6D, 0x6F, 0x72, 0x70, 0x68,
    0x65, 0x72, 0x20, 0x42, 0x65, 0x61, 0x63, 0x6F, 0x6E, 0x53, 0x75, 0x6D, 0x6D, 0x6F, 0x6E, 0x20,
    0x61, 0x6E, 0x20, 0x45, 0x74, 0x68, 0x65, 0x72, 0x65, 0x61, 0x6C, 0x20, 0x54, 0x72, 0x61, 0x6E,
    0x73, 0x6D, 0x6F, 0x72, 0x70, 0x68, 0x65, 0x72, 0x20, 0x77, 0x68, 0x6F, 0x20, 0x63, 0x61, 0x6E,
    0x20, 0x63, 0x68, 0x61, 0x6E, 0x67, 0x65, 0x20, 0x79, 0x6F, 0x75, 0x72, 0x20, 0x61, 0x70, 0x70,
    0x65, 0x61, 0x72, 0x61, 0x6E, 0x63, 0x65, 0x20, 0x69, 0x6E, 0x74, 0x6F, 0x20, 0x61, 0x20, 0x72,
    0x61, 0x6E, 0x64, 0x6F, 0x6D, 0x20, 0x70, 0x6F, 0x77, 0x65, 0x72, 0x66, 0x75, 0x6C, 0x20, 0x63,
    0x72, 0x65, 0x61, 0x74, 0x75, 0x72, 0x65, 0x21, 0x82, 0x00, 0x00, 0x00, 0xD8, 0x00, 0x00, 0x00,
    0x0F, 0x00, 0x00, 0x00, 0xE2, 0x01, 0x00, 0x00, 0x53, 0x00, 0x00, 0x00, 0x00, 0x00, 0x00, 0x00,
    0x00, 0x80, 0xC1, 0x10, 0x00, 0x0A, 0xE0, 0x00, 0x00, 0x00, 0x00, 0x00, 0x00, 0x00, 0x01, 0x00,
    0x00, 0x00, 0x00, 0x00, 0x00, 0x00, 0x00, 0x00, 0x00, 0x00, 0x00, 0x00, 0x00, 0x00, 0xE5, 0x0A,
    0x26, 0x00, 0xF5, 0x00, 0x00, 0x00, 0x53, 0x79, 0x6C, 0x76, 0x65, 0x72, 0x69, 0x61, 0x6E, 0x20,
    0x44, 0x72, 0x65, 0x61, 0x6D, 0x65, 0x72, 0x41, 0x20, 0x62, 0x65, 0x61, 0x75, 0x74, 0x69, 0x66,
    0x75, 0x6C, 0x20, 0x66, 0x65, 0x61, 0x74, 0x68, 0x65, 0x72, 0x65, 0x64, 0x20, 0x64, 0x72, 0x61,
    0x67, 0x6F, 0x6E, 0x2C, 0x20, 0x62, 0x6F, 0x72, 0x6E, 0x20, 0x6F, 0x66, 0x20, 0x61, 0x6E, 0x20,
    0x61, 0x72, 0x74, 0x69, 0x73, 0x74, 0x27, 0x73, 0x20, 0x64, 0x72, 0x65, 0x61, 0x6D, 0x20, 0x69,
    0x6E, 0x20, 0x74, 0x68, 0x65, 0x20, 0x6D, 0x61, 0x67, 0x69, 0x63, 0x61, 0x6C, 0x20, 0x63, 0x69,
    0x74, 0x79, 0x20, 0x6F, 0x66, 0x20, 0x44, 0x61, 0x6C, 0x61, 0x72, 0x61, 0x6E, 0x2E, 0x04, 0x40,
    0x1C, 0x61, 0x01, 0x00, 0x07, 0x01, 0x00, 0x00, 0x00, 0x00, 0x00, 0x00, 0x53, 0x79, 0x6C, 0x76,
    0x65, 0x72, 0x69, 0x61, 0x6E, 0x20, 0x44, 0x72, 0x65, 0x61, 0x6D, 0x65, 0x72, 0xD9, 0x00, 0x00,
    0x00, 0x0F, 0x00, 0x00, 0x00, 0xE0, 0x01, 0x00, 0x00, 0x54, 0x00, 0x00, 0x00, 0x00, 0x00, 0x00,
    0x00, 0x00, 0x80, 0xC1, 0xD0, 0x00, 0x16, 0x00, 0x00, 0x00, 0x00, 0x00, 0x00, 0x00, 0x00, 0x01,
    0x00, 0x00, 0x00, 0x00, 0x00, 0x00, 0x00, 0x00, 0x00, 0x00, 0x00, 0x00, 0x00, 0x00, 0x00, 0xD1,
    0x87, 0x25, 0x00, 0xF6, 0x00, 0x00, 0x00, 0x48, 0x6F, 0x67, 0x72, 0x75, 0x73, 0x2C, 0x20, 0x53,
    0x77, 0x69, 0x6E, 0x65, 0x20, 0x6F, 0x66, 0x20, 0x47, 0x6F, 0x6F, 0x64, 0x20, 0x46, 0x6F, 0x72,
    0x74, 0x75, 0x6E, 0x65, 0x50, 0x61, 0x6E, 0x64, 0x61, 0x72, 0x65, 0x6E, 0x20, 0x61, 0x63, 0x72,
    0x6F, 0x73, 0x73, 0x20, 0x41, 0x7A, 0x65, 0x72, 0x6F, 0x74, 0x68, 0x20, 0x63, 0x6F, 0x6E, 0x73,
    0x69, 0x64, 0x65, 0x72, 0x20, 0x48, 0x6F, 0x67, 0x72, 0x75, 0x73, 0x20, 0x74, 0x6F, 0x20, 0x62,
    0x65, 0x20, 0x61, 0x20, 0x73, 0x69, 0x67, 0x6E, 0x20, 0x6F, 0x66, 0x20, 0x70, 0x72, 0x6F, 0x73,
    0x70, 0x65, 0x72, 0x69, 0x74, 0x79, 0x2E, 0x20, 0x59, 0x6F, 0x75, 0x20, 0x77, 0x6F, 0x75, 0x6C,
    0x64, 0x20, 0x62, 0x65, 0x20, 0x77, 0x69, 0x73, 0x65, 0x20, 0x74, 0x6F, 0x20, 0x73, 0x65, 0x65,
    0x6B, 0x20, 0x68, 0x69, 0x73, 0x20, 0x62, 0x6C, 0x65, 0x73, 0x73, 0x69, 0x6E, 0x67, 0x20, 0x61,
    0x73, 0x20, 0x79, 0x6F, 0x75, 0x20, 0x70, 0x75, 0x72, 0x73, 0x75, 0x65, 0x20, 0x79, 0x6F, 0x75,
    0x72, 0x20, 0x6F, 0x77, 0x6E, 0x20, 0x66, 0x6F, 0x72, 0x74, 0x75, 0x6E, 0x65, 0x2C, 0x20, 0x77,
    0x68, 0x65, 0x72, 0x65, 0x76, 0x65, 0x72, 0x20, 0x74, 0x68, 0x65, 0x20, 0x66, 0x6F, 0x75, 0x72,
    0x20, 0x77, 0x69, 0x6E, 0x64, 0x73, 0x20, 0x6D, 0x61, 0x79, 0x20, 0x74, 0x61, 0x6B, 0x65, 0x20,
    0x79, 0x6F, 0x75, 0x2E, 0x07, 0x40, 0x1E, 0x61, 0x01, 0x00, 0x50, 0x00, 0x00, 0x00, 0x00, 0x00,
    0x00, 0x00, 0x48, 0x6F, 0x67, 0x72, 0x75, 0x73, 0x2C, 0x20, 0x53, 0x77, 0x69, 0x6E, 0x65, 0x20,
    0x6F, 0x66, 0x20, 0x47, 0x6F, 0x6F, 0x64, 0x20, 0x46, 0x6F, 0x72, 0x74, 0x75, 0x6E, 0x65, 0xDA,
    0x00, 0x00, 0x00, 0x0F, 0x00, 0x00, 0x00, 0xE1, 0x01, 0x00, 0x00, 0x55, 0x00, 0x00, 0x00, 0x00,
    0x00, 0x00, 0x00, 0x00, 0x80, 0xC1, 0x00, 0x00, 0x0A, 0x00, 0x00, 0x00, 0x00, 0x00, 0x00, 0x00,
    0x00, 0x01, 0x00, 0x00, 0x00, 0x00, 0x00, 0x00, 0x00, 0x00, 0x00, 0x00, 0x00, 0x00, 0x00, 0x00,
    0x00, 0xDB, 0x15, 0x26, 0x00, 0x4E, 0x00, 0x00, 0x00, 0x56, 0x75, 0x6C, 0x70, 0x69, 0x6E, 0x65,
    0x20, 0x46, 0x61, 0x6D, 0x69, 0x6C, 0x69, 0x61, 0x72, 0x41, 0x20, 0x66, 0x69, 0x65, 0x72, 0x63,
    0x65, 0x6C, 0x79, 0x20, 0x69, 0x6E, 0x74, 0x65, 0x6C, 0x6C, 0x69, 0x67, 0x65, 0x6E, 0x74, 0x20,
    0x66, 0x6F, 0x78, 0x2D, 0x6C, 0x69, 0x6B, 0x65, 0x20, 0x63, 0x72, 0x65, 0x61, 0x74, 0x75, 0x72,
    0x65, 0x20, 0x74, 0x68, 0x61, 0x74, 0x20, 0x73, 0x65, 0x65, 0x6B, 0x73, 0x20, 0x61, 0x64, 0x76,
    0x65, 0x6E, 0x74, 0x75, 0x72, 0x65, 0x20, 0x61, 0x6E, 0x64, 0x20, 0x63, 0x6F, 0x6D, 0x70, 0x61,
    0x6E, 0x69, 0x6F, 0x6E, 0x73, 0x68, 0x69, 0x70, 0x2E, 0x04, 0x00, 0x1D, 0x61, 0x01, 0x00, 0xF7,
    0x00, 0x00, 0x00, 0x00, 0x00, 0x00, 0x00, 0x56, 0x75, 0x6C, 0x70, 0x69, 0x6E, 0x65, 0x20, 0x46,
    0x61, 0x6D, 0x69, 0x6C, 0x69, 0x61, 0x72, 0x12, 0x01, 0x00, 0x00, 0x0F, 0x00, 0x00, 0x00, 0x8B,
    0x02, 0x00, 0x00, 0x4F, 0x00, 0x00, 0x00, 0x00, 0x00, 0x00, 0x00, 0x00, 0x80, 0xC0, 0x90, 0x00,
    0x07, 0xA0, 0xE2, 0x00, 0x00, 0x00, 0x00, 0x00, 0x00, 0x01, 0x00, 0x00, 0x00, 0x00, 0x00, 0x00,
    0x00, 0x00, 0x00, 0x00, 0x00, 0x00, 0x00, 0x00, 0x00, 0x03, 0x08, 0x2E, 0x00, 0x40, 0x01, 0x00,
    0x00, 0x53, 0x71, 0x75, 0x65, 0x61, 0x6B, 0x65, 0x72, 0x73, 0x53, 0x6F, 0x61, 0x72, 0x69, 0x6E,
    0x67, 0x20, 0x69, 0x6E, 0x20, 0x6F, 0x6E, 0x20, 0x77, 0x69, 0x6E, 0x67, 0x73, 0x20, 0x6F, 0x66,
    0x20, 0x6A, 0x61, 0x64, 0x65, 0x2C, 0x20, 0x69, 0x74, 0x27, 0x73, 0x20, 0x41, 0x7A, 0x65, 0x72,
    0x6F, 0x74, 0x68, 0x27, 0x73, 0x20, 0x66, 0x69, 0x72, 0x73, 0x74, 0x20, 0x66, 0x6C, 0x79, 0x69,
    0x6E, 0x67, 0x20, 0x72, 0x61, 0x74, 0x21, 0x49, 0x74, 0x27, 0x73, 0x20, 0x6E, 0x6F, 0x74, 0x20,
    0x71, 0x75, 0x69, 0x74, 0x65, 0x20, 0x63, 0x65, 0x72, 0x74, 0x61, 0x69, 0x6E, 0x20, 0x77, 0x68,
    0x65, 0x72, 0x65, 0x20, 0x53, 0x71, 0x75, 0x65, 0x61, 0x6B, 0x65, 0x72, 0x73, 0x20, 0x66, 0x6F,
    0x75, 0x6E, 0x64, 0x20, 0x68, 0x69, 0x73, 0x20, 0x69, 0x6E, 0x63, 0x72, 0x65, 0x64, 0x69, 0x62,
    0x6C, 0x65, 0x20, 0x77, 0x69, 0x6E, 0x67, 0x73, 0x20, 0x6F, 0x66, 0x20, 0x6A, 0x61, 0x64, 0x65,
    0x2E, 0x20, 0x50, 0x65, 0x72, 0x68, 0x61, 0x70, 0x73, 0x20, 0x68, 0x65, 0x20, 0x6F, 0x75, 0x74,
    0x77, 0x69, 0x74, 0x74, 0x65, 0x64, 0x20, 0x74, 0x68, 0x65, 0x20, 0x4A, 0x61, 0x64, 0x65, 0x20,
    0x53, 0x65, 0x72, 0x70, 0x65, 0x6E, 0x74, 0x20, 0x68, 0x65, 0x72, 0x73, 0x65, 0x6C, 0x66, 0x2E,
    0x20, 0x4E, 0x6F, 0x77, 0x20, 0x74, 0x68, 0x65, 0x20, 0x77, 0x6F, 0x72, 0x6C, 0x64, 0x27, 0x73,
    0x20, 0x66, 0x69, 0x72, 0x73, 0x74, 0x20, 0x66, 0x6C, 0x79, 0x69, 0x6E, 0x67, 0x20, 0x72, 0x61,
    0x74, 0x20, 0x69, 0x73, 0x20, 0x72, 0x65, 0x61, 0x64, 0x79, 0x20, 0x74, 0x6F, 0x20, 0x73, 0x65,
    0x74, 0x20, 0x6F, 0x75, 0x74, 0x20, 0x62, 0x65, 0x79, 0x6F, 0x6E, 0x64, 0x20, 0x50, 0x61, 0x6E,
    0x64, 0x61, 0x72, 0x69, 0x61, 0x20, 0x61, 0x6E, 0x64, 0x20, 0x73, 0x70, 0x72, 0x65, 0x61, 0x64,
    0x20, 0x6D, 0x69, 0x73, 0x63, 0x68, 0x69, 0x65, 0x66, 0x20, 0x61, 0x63, 0x72, 0x6F, 0x73, 0x73,
    0x20, 0x41, 0x7A, 0x65, 0x72, 0x6F, 0x74, 0x68, 0x2E, 0x02, 0x40, 0xA7, 0x6C, 0x01, 0x00, 0x40,
    0x01, 0x00, 0x00, 0x00, 0x00, 0x00, 0x00, 0x53, 0x71, 0x75, 0x65, 0x61, 0x6B, 0x65, 0x72, 0x73,
    0x17, 0x01, 0x00, 0x00, 0x0D, 0x00, 0x00, 0x00, 0x91, 0x02, 0x00, 0x00, 0x53, 0x00, 0x00, 0x00,
    0x00, 0x00, 0x00, 0x00, 0x00, 0x80, 0xC0, 0x50, 0x00, 0x0A, 0xE0, 0x00, 0x00, 0x00, 0x00, 0x00,
    0x00, 0x00, 0x01, 0x00, 0x00, 0x00, 0x00, 0x00, 0x00, 0x00, 0x00, 0x00, 0x00, 0x00, 0x00, 0x00,
    0x00, 0x00, 0x6E, 0x14, 0x30, 0x00, 0x49, 0x01, 0x00, 0x00, 0x44, 0x61, 0x69, 0x73, 0x79, 0x44,
    0x61, 0x69, 0x73, 0x79, 0x20, 0x6D, 0x6F, 0x76, 0x65, 0x73, 0x20, 0x61, 0x74, 0x20, 0x61, 0x20,
    0x76, 0x65, 0x72, 0x79, 0x20, 0x6C, 0x65, 0x69, 0x73, 0x75, 0x72, 0x65, 0x6C, 0x79, 0x20, 0x70,
    0x61, 0x63, 0x65, 0x2C, 0x20, 0x61, 0x6E, 0x64, 0x20, 0x77, 0x69, 0x6C, 0x6C, 0x20, 0x68, 0x61,
    0x70, 0x70, 0x69, 0x6C, 0x79, 0x20, 0x61, 0x63, 0x63, 0x65, 0x70, 0x74, 0x20, 0x61, 0x20, 0x72,
    0x69, 0x64, 0x65, 0x20, 0x6F, 0x6E, 0x20, 0x79, 0x6F, 0x75, 0x72, 0x20, 0x73, 0x68, 0x6F, 0x75,
    0x6C, 0x64, 0x65, 0x72, 0x73, 0x2E, 0x01, 0x40, 0xFD, 0x6C, 0x01, 0x00, 0x48, 0x01, 0x00, 0x00,
    0x00, 0x00, 0x00, 0x00, 0x44, 0x61, 0x69, 0x73, 0x79, 0x19, 0x01, 0x00, 0x00, 0x0F, 0x00, 0x00,
    0x00, 0x8F, 0x02, 0x00, 0x00, 0x50, 0x00, 0x00, 0x00, 0x00, 0x00, 0x00, 0x00, 0x00, 0x80, 0xC1,
    0x60, 0x00, 0x11, 0xC0, 0x00, 0x00, 0x00, 0x00, 0x00, 0x00, 0x00, 0x01, 0x00, 0x00, 0x00, 0x00,
    0x00, 0x00, 0x00, 0x00, 0x00, 0x00, 0x00, 0x00, 0x00, 0x00, 0x00, 0xEE, 0x61, 0x2B, 0x00, 0x5C,
    0x01, 0x00, 0x00, 0x53, 0x74, 0x65, 0x61, 0x6D, 0x73, 0x63, 0x61, 0x6C, 0x65, 0x20, 0x49, 0x6E,
    0x63, 0x69, 0x6E, 0x65, 0x72, 0x61, 0x74, 0x6F, 0x72, 0x54, 0x68, 0x65, 0x20, 0x66, 0x65, 0x61,
    0x72, 0x73, 0x6F, 0x6D, 0x65, 0x20, 0x53, 0x74, 0x65, 0x61, 0x6D, 0x73, 0x63, 0x61, 0x6C, 0x65,
    0x20, 0x49, 0x6E, 0x63, 0x69, 0x6E, 0x65, 0x72, 0x61, 0x74, 0x6F, 0x72, 0x20, 0x69, 0x73, 0x20,
    0x61, 0x20, 0x73, 0x70, 0x61, 0x72, 0x6B, 0x2D, 0x62, 0x72, 0x65, 0x61, 0x74, 0x68, 0x69, 0x6E,
    0x67, 0x20, 0x72, 0x6F, 0x62, 0x6F, 0x2D, 0x74, 0x65, 0x72, 0x72, 0x6F, 0x72, 0x2E, 0x20, 0x48,
    0x6F, 0x70, 0x20, 0x6F, 0x6E, 0x20, 0x69, 0x74, 0x73, 0x20, 0x69, 0x72, 0x6F, 0x6E, 0x2D, 0x63,
    0x6C, 0x61, 0x64, 0x20, 0x73, 0x63, 0x61, 0x6C, 0x65, 0x73, 0x20, 0x61, 0x6E, 0x64, 0x20, 0x79,
    0x6F, 0x75, 0x27, 0x72, 0x65, 0x20, 0x6F, 0x66, 0x66, 0x20, 0x74, 0x6F, 0x20, 0x61, 0x20, 0x73,
    0x74, 0x65, 0x61, 0x6D, 0x2D, 0x70, 0x6F, 0x77, 0x65, 0x72, 0x65, 0x64, 0x20, 0x61, 0x64, 0x76,
    0x65, 0x6E, 0x74, 0x75, 0x72, 0x65, 0x2E, 0x05, 0x80, 0x2A, 0x79, 0x01, 0x00, 0x5D, 0x01, 0x00,
    0x00, 0x00, 0x00, 0x00, 0x00, 0x53, 0x74, 0x65, 0x61, 0x6D, 0x73, 0x63, 0x61, 0x6C, 0x65, 0x20,
    0x49, 0x6E, 0x63, 0x69, 0x6E, 0x65, 0x72, 0x61, 0x74, 0x6F, 0x72, 0x36, 0x01, 0x00, 0x00, 0x0F,
    0x00, 0x00, 0x00, 0xB5, 0x02, 0x00, 0x00, 0x4A, 0x00, 0x00, 0x00, 0x00, 0x00, 0x00, 0x00, 0x00,
    0x80, 0x41, 0x20, 0x00, 0x02, 0x40, 0xB3, 0x00, 0x00, 0x00, 0x00, 0x00, 0x00, 0x01, 0x00, 0x00,
    0x00, 0x00, 0x00, 0x00, 0x00, 0x00, 0x00, 0x00, 0x00, 0x00, 0x00, 0x00, 0x00, 0x7F, 0x01, 0x00,
    0x00, 0x53, 0x61, 0x70, 0x70, 0x68, 0x69, 0x72, 0x65, 0x20, 0x53, 0x6B, 0x79, 0x62, 0x6C, 0x61,
    0x7A, 0x65, 0x72, 0x53, 0x61, 0x70, 0x70, 0x68, 0x69, 0x72, 0x65, 0x20, 0x53, 0x6B, 0x79, 0x62,
    0x6C, 0x61, 0x7A, 0x65, 0x72, 0x49, 0x74, 0x27, 0x73, 0x20, 0x6E, 0x6F, 0x74, 0x20, 0x71, 0x75,
    0x69, 0x74, 0x65, 0x20, 0x63, 0x65, 0x72, 0x74, 0x61, 0x69, 0x6E, 0x20, 0x77, 0x68, 0x79, 0x20,
    0x53, 0x61, 0x70, 0x70, 0x68, 0x69, 0x72, 0x65, 0x20, 0x53, 0x6B, 0x79, 0x62, 0x6C, 0x61, 0x7A,
    0x65, 0x72, 0x73, 0x20, 0x66, 0x6C, 0x6F, 0x63, 0x6B, 0x65, 0x64, 0x20, 0x74, 0x6F, 0x20, 0x41,
    0x7A, 0x65, 0x72, 0x6F, 0x74, 0x68, 0x2C, 0x20, 0x62, 0x75, 0x74, 0x20, 0x77, 0x68, 0x61, 0x74,
    0x27, 0x73, 0x20, 0x6B, 0x6E, 0x6F, 0x77, 0x6E, 0x20, 0x66, 0x6F, 0x72, 0x20, 0x73, 0x75, 0x72,
    0x65, 0x20, 0x69, 0x73, 0x20, 0x74, 0x68, 0x61, 0x74, 0x20, 0x74, 0x68, 0x65, 0x79, 0x20, 0x62,
    0x75, 0x72, 0x6E, 0x20, 0x62, 0x72, 0x69, 0x67, 0x68, 0x74, 0x65, 0x72, 0x20, 0x28, 0x61, 0x6E,
    0x64, 0x20, 0x68, 0x6F, 0x74, 0x74, 0x65, 0x72, 0x21, 0x29, 0x20, 0x74, 0x68, 0x61, 0x6E, 0x20,
    0x61, 0x6E, 0x79, 0x20, 0x61, 0x76, 0x69, 0x61, 0x6E, 0x20, 0x74, 0x6F, 0x20, 0x65, 0x76, 0x65,
    0x72, 0x20, 0x73, 0x6F, 0x61, 0x72, 0x20, 0x61, 0x63, 0x72, 0x6F, 0x73, 0x73, 0x20, 0x74, 0x68,
    0x65, 0x20, 0x73, 0x6B, 0x69, 0x65, 0x73, 0x2E, 0x04, 0x80, 0x4B, 0x88, 0x01, 0x00, 0x7E, 0x01,
    0x00, 0x00, 0x00, 0x00, 0x00, 0x00, 0x53, 0x61, 0x70, 0x70, 0x68, 0x69, 0x72, 0x65, 0x20, 0x53,
    0x6B, 0x79, 0x62, 0x6C, 0x61, 0x7A, 0x65, 0x72, 0x39, 0x01, 0x00, 0x00, 0x0D, 0x00, 0x00, 0x00,
    0xB8, 0x02, 0x00, 0x00, 0x4A, 0x00, 0x00, 0x00, 0x00, 0x00, 0x00, 0x00, 0x00, 0x80, 0x40, 0xF0,
    0x00, 0x01, 0xE0, 0x5F, 0x00, 0x00, 0x00, 0x00, 0x00, 0x00, 0x01, 0x00, 0x00, 0x00, 0x00, 0x00,
    0x00, 0x00, 0x00, 0x00, 0x00, 0x00, 0x00, 0x00, 0x00, 0x00, 0x82, 0x01, 0x00, 0x00, 0x44, 0x72,
    0x65, 0x61, 0x64, 0x20, 0x48, 0x61, 0x74, 0x63, 0x68, 0x6C, 0x69, 0x6E, 0x67, 0x44, 0x72, 0x65,
    0x61, 0x64, 0x20, 0x48, 0x61, 0x74, 0x63, 0x68, 0x6C, 0x69, 0x6E, 0x67, 0x54, 0x68, 0x65, 0x20,
    0x64, 0x61, 0x72, 0x6B, 0x20, 0x77, 0x69, 0x6E, 0x67, 0x73, 0x20, 0x77, 0x69, 0x6C, 0x6C, 0x20,
    0x63, 0x6C, 0x6F, 0x75, 0x64, 0x20, 0x61, 0x6E, 0x64, 0x20, 0x63, 0x6F, 0x6E, 0x73, 0x75, 0x6D,
    0x65, 0x20, 0x74, 0x68, 0x65, 0x20, 0x6D, 0x69, 0x6E, 0x64, 0x73, 0x20, 0x6F, 0x66, 0x20, 0x74,
    0x68, 0x65, 0x20, 0x77, 0x65, 0x61, 0x6B, 0x2C, 0x20, 0x62, 0x65, 0x63, 0x61, 0x75, 0x73, 0x65,
    0x20, 0x74, 0x68, 0x65, 0x79, 0x20, 0x61, 0x72, 0x65, 0x20, 0x6A, 0x75, 0x73, 0x74, 0x20, 0x73,
    0x6F, 0x20, 0x61, 0x64, 0x6F, 0x72, 0x61, 0x62, 0x6C, 0x65, 0x21, 0x03, 0xC0, 0xD7, 0xD1, 0x00,
    0x00, 0x83, 0x01, 0x00, 0x00, 0x00, 0x00, 0x00, 0x00, 0x44, 0x72, 0x65, 0x61, 0x64, 0x20, 0x48,
    0x61, 0x74, 0x63, 0x68, 0x6C, 0x69, 0x6E, 0x67, 0x3C, 0x01, 0x00, 0x00, 0x0F, 0x00, 0x00, 0x00,
    0xBA, 0x02, 0x00, 0x00, 0x45, 0x00, 0x00, 0x00, 0x00, 0x00, 0x00, 0x00, 0x00, 0x80, 0x40, 0xB0,
    0x00, 0x01, 0x60, 0x63, 0x00, 0x00, 0x00, 0x00, 0x00, 0x00, 0x01, 0x00, 0x00, 0x00, 0x00, 0x00,
    0x00, 0x00, 0x00, 0x00, 0x00, 0x00, 0x00, 0x00, 0x00, 0x00, 0x88, 0x01, 0x00, 0x00, 0x44, 0x72,
    0x65, 0x61, 0x64, 0x20, 0x52, 0x61, 0x76, 0x65, 0x6E, 0x44, 0x72, 0x65, 0x61, 0x64, 0x20, 0x52,
    0x61, 0x76, 0x65, 0x6E, 0x46, 0x69, 0x6C, 0x6C, 0x65, 0x64, 0x20, 0x77, 0x69, 0x74, 0x68, 0x20,
    0x74, 0x68, 0x65, 0x20, 0x68, 0x61, 0x74, 0x72, 0x65, 0x64, 0x20, 0x6F, 0x66, 0x20, 0x61, 0x6E,
    0x20, 0x61, 0x6E, 0x63, 0x69, 0x65, 0x6E, 0x74, 0x20, 0x67, 0x6F, 0x64, 0x2C, 0x20, 0x74, 0x68,
    0x65, 0x20, 0x64, 0x72, 0x65, 0x61, 0x64, 0x20, 0x72, 0x61, 0x76, 0x65, 0x6E, 0x20, 0x61, 0x72,
    0x65, 0x20, 0x74, 0x68, 0x65, 0x20, 0x41, 0x72, 0x61, 0x6B, 0x6B, 0x6F, 0x61, 0x27, 0x73, 0x20,
    0x6D, 0x6F, 0x73, 0x74, 0x20, 0x74, 0x72, 0x75, 0x73, 0x74, 0x65, 0x64, 0x20, 0x67, 0x75, 0x61,
    0x72, 0x64, 0x69, 0x61, 0x6E, 0x73, 0x2E, 0x02, 0xC0, 0x0E, 0xD2, 0x00, 0x00, 0x89, 0x01, 0x00,
    0x00, 0x00, 0x00, 0x00, 0x00, 0x44, 0x72, 0x65, 0x61, 0x64, 0x20, 0x52, 0x61, 0x76, 0x65, 0x6E,
    0x3E, 0x01, 0x00, 0x00, 0x8B, 0x00, 0x00, 0x00, 0xBB, 0x02, 0x00, 0x00, 0x31, 0x00, 0x00, 0x00,
    0x00, 0x00, 0x00, 0x00, 0x00, 0x80, 0xC1, 0xD0, 0x00, 0x00, 0x00, 0x9E, 0x00, 0x04, 0x00, 0x00,
    0x00, 0x00, 0x01, 0x00, 0x00, 0x00, 0x09, 0x00, 0x00, 0x00, 0x00, 0x00, 0x00, 0x00, 0x00, 0x00,
    0x00, 0x00, 0x36, 0x43, 0x39, 0x00, 0xA4, 0x01, 0x00, 0x00, 0x43, 0x65, 0x6C, 0x65, 0x73, 0x74,
    0x69, 0x61, 0x6C, 0x20, 0x4F, 0x62, 0x73, 0x65, 0x72, 0x76, 0x65, 0x72, 0x27, 0x73, 0x20, 0x45,
    0x6E, 0x73, 0x65, 0x6D, 0x62, 0x6C, 0x65, 0x54, 0x68, 0x69, 0x73, 0x20, 0x63, 0x6F, 0x6D, 0x70,
    0x6C, 0x65, 0x74, 0x65, 0x20, 0x63, 0x6F, 0x73, 0x6D, 0x65, 0x74, 0x69, 0x63, 0x20, 0x74, 0x72,
    0x61, 0x6E, 0x73, 0x6D, 0x6F, 0x67, 0x20, 0x73, 0x65, 0x74, 0x20, 0x61, 0x6C, 0x6C, 0x6F, 0x77,
    0x73, 0x20, 0x79, 0x6F, 0x75, 0x20, 0x74, 0x6F, 0x20, 0x64, 0x6F, 0x6E, 0x20, 0x72, 0x61, 0x69,
    0x6D, 0x65, 0x6E, 0x74, 0x20, 0x6F, 0x66, 0x20, 0x70, 0x75, 0x72, 0x65, 0x20, 0x73, 0x74, 0x61,
    0x72, 0x64, 0x75, 0x73, 0x74, 0x2C, 0x20, 0x77, 0x6F, 0x76, 0x65, 0x6E, 0x20, 0x74, 0x68, 0x72,
    0x6F, 0x75, 0x67, 0x68, 0x20, 0x77, 0x69, 0x74, 0x68, 0x20, 0x74, 0x68, 0x65, 0x20, 0x76, 0x65,
    0x72, 0x79, 0x20, 0x6D, 0x61, 0x67, 0x69, 0x63, 0x20, 0x75, 0x73, 0x65, 0x64, 0x20, 0x74, 0x6F,
    0x20, 0x66, 0x6F, 0x72, 0x67, 0x65, 0x20, 0x74, 0x68, 0x65, 0x20, 0x63, 0x6F, 0x6E, 0x73, 0x74,
    0x65, 0x6C, 0x6C, 0x61, 0x74, 0x69, 0x6F, 0x6E, 0x73, 0x20, 0x6F, 0x66, 0x20, 0x41, 0x7A, 0x65,
    0x72, 0x6F, 0x74, 0x68, 0x2E, 0x10, 0x00, 0x00, 0x00, 0x07, 0x40, 0x00, 0x00, 0x00, 0x00, 0x25,
    0x01, 0x00, 0x00, 0x98, 0x08, 0x00, 0x00, 0x43, 0x65, 0x6C, 0x65, 0x73, 0x74, 0x69, 0x61, 0x6C,
    0x20, 0x4F, 0x62, 0x73, 0x65, 0x72, 0x76, 0x65, 0x72, 0x27, 0x73, 0x20, 0x45, 0x6E, 0x73, 0x65,
    0x6D, 0x62, 0x6C, 0x65, 0x52, 0x01, 0x00, 0x00, 0x8B, 0x00, 0x00, 0x00, 0x93, 0x02, 0x00, 0x00,
    0x32, 0x00, 0x00, 0x00, 0x00, 0x00, 0x00, 0x00, 0x00, 0x80, 0xC1, 0x50, 0x00, 0x1A, 0x40, 0xD2,
    0x00, 0x00, 0x00, 0x00, 0x00, 0x00, 0x01, 0x00, 0x00, 0x00, 0x09, 0x00, 0x00, 0x00, 0x00, 0x00,
    0x00, 0x00, 0x00, 0x00, 0x00, 0x00, 0x2F, 0xDF, 0x2E, 0x00, 0xA4, 0x01, 0x00, 0x00, 0x53, 0x70,
    0x72, 0x69, 0x74, 0x65, 0x20, 0x44, 0x61, 0x72, 0x74, 0x65, 0x72, 0x27, 0x73, 0x20, 0x57, 0x69,
    0x6E, 0x67, 0x73, 0x45, 0x6E, 0x63, 0x68, 0x61, 0x6E, 0x74, 0x20, 0x79, 0x6F, 0x75, 0x72, 0x20,
    0x66, 0x72, 0x69, 0x65, 0x6E, 0x64, 0x73, 0x20, 0x61, 0x6E, 0x64, 0x20, 0x62, 0x65, 0x67, 0x75,
    0x69, 0x6C, 0x65, 0x20, 0x79, 0x6F, 0x75, 0x72, 0x20, 0x66, 0x6F, 0x65, 0x73, 0x20, 0x77, 0x69,
    0x74, 0x68, 0x20, 0x74, 0x68, 0x69, 0x73, 0x20, 0x74, 0x72, 0x61, 0x6E, 0x73, 0x6D, 0x6F, 0x67,
    0x20, 0x73, 0x65, 0x74, 0x20, 0x69, 0x6E, 0x73, 0x70, 0x69, 0x72, 0x65, 0x64, 0x20, 0x62, 0x79,
    0x20, 0x74, 0x68, 0x65, 0x20, 0x66, 0x65, 0x79, 0x20, 0x64, 0x72, 0x61, 0x6B, 0x65, 0x73, 0x20,
    0x6F, 0x66, 0x20, 0x41, 0x7A, 0x65, 0x72, 0x6F, 0x74, 0x68, 0x2E, 0x20, 0x54, 0x68, 0x69, 0x73,
    0x20, 0x73, 0x65, 0x74, 0x20, 0x66, 0x65, 0x61, 0x74, 0x75, 0x72, 0x65, 0x73, 0x20, 0x69, 0x72,
    0x69, 0x64, 0x65, 0x73, 0x63, 0x65, 0x6E, 0x74, 0x20, 0x77, 0x69, 0x6E, 0x67, 0x73, 0x20, 0x61,
    0x6E, 0x64, 0x20, 0x64, 0x61, 0x7A, 0x7A, 0x6C, 0x69, 0x6E, 0x67, 0x20, 0x61, 0x6E, 0x74, 0x65,
    0x6E, 0x6E, 0x61, 0x65, 0x20, 0x74, 0x68, 0x61, 0x74, 0x20, 0x61, 0x72, 0x65, 0x20, 0x73, 0x75,
    0x72, 0x65, 0x20, 0x74, 0x6F, 0x20, 0x61, 0x64, 0x64, 0x20, 0x61, 0x20, 0x62, 0x69, 0x74, 0x20,
    0x6F, 0x66, 0x20, 0x6D, 0x61, 0x67, 0x69, 0x63, 0x20, 0x74, 0x6F, 0x20, 0x79, 0x6F, 0x75, 0x72,
    0x20, 0x64, 0x61, 0x79, 0x2E, 0x45, 0x6E, 0x63, 0x68, 0x61, 0x6E, 0x74, 0x20, 0x79, 0x6F, 0x75,
    0x72, 0x20, 0x66, 0x72, 0x69, 0x65, 0x6E, 0x64, 0x73, 0x20, 0x61, 0x6E, 0x64, 0x20, 0x62, 0x65,
    0x67, 0x75, 0x69, 0x6C, 0x65, 0x20, 0x79, 0x6F, 0x75, 0x72, 0x20, 0x66, 0x6F, 0x65, 0x73, 0x20,
    0x77, 0x69, 0x74, 0x68, 0x20, 0x74, 0x68, 0x69, 0x73, 0x20, 0x74, 0x72, 0x61, 0x6E, 0x73, 0x6D,
    0x6F, 0x67, 0x20, 0x73, 0x65, 0x74, 0x20, 0x69, 0x6E, 0x73, 0x70, 0x69, 0x72, 0x65, 0x64, 0x20,
    0x62, 0x79, 0x20, 0x74, 0x68, 0x65, 0x20, 0x66, 0x61, 0x65, 0x20, 0x64, 0x72, 0x61, 0x6B, 0x65,
    0x73, 0x20, 0x6F, 0x66, 0x20, 0x41, 0x7A, 0x65, 0x72, 0x6F, 0x74, 0x68, 0x2E, 0x20, 0x54, 0x68,
    0x69, 0x73, 0x20, 0x73, 0x65, 0x74, 0x20, 0x66, 0x65, 0x61, 0x74, 0x75, 0x72, 0x65, 0x73, 0x20,
    0x69, 0x72, 0x69, 0x64, 0x65, 0x73, 0x63, 0x65, 0x6E, 0x74, 0x20, 0x77, 0x69, 0x6E, 0x67, 0x73,
    0x20, 0x61, 0x6E, 0x64, 0x20, 0x64, 0x61, 0x7A, 0x7A, 0x6C, 0x69, 0x6E, 0x67, 0x20, 0x61, 0x6E,
    0x74, 0x65, 0x6E, 0x6E, 0x61, 0x65, 0x20, 0x74, 0x68, 0x61, 0x74, 0x20, 0x61, 0x72, 0x65, 0x20,
    0x73, 0x75, 0x72, 0x65, 0x20, 0x74, 0x6F, 0x20, 0x61, 0x64, 0x64, 0x20, 0x61, 0x20, 0x62, 0x69,
    0x74, 0x20, 0x6F, 0x66, 0x20, 0x6D, 0x61, 0x67, 0x69, 0x63, 0x20, 0x74, 0x6F, 0x20, 0x79, 0x6F,
    0x75, 0x72, 0x20, 0x64, 0x61, 0x79, 0x2E, 0x05, 0x40, 0x00, 0x00, 0x00, 0x00, 0x25, 0x01, 0x00,
    0x00, 0x7A, 0x07, 0x00, 0x00, 0x53, 0x70, 0x72, 0x69, 0x74, 0x65, 0x20, 0x44, 0x61, 0x72, 0x74,
    0x65, 0x72, 0x27, 0x73, 0x20, 0x57, 0x69, 0x6E, 0x67, 0x73, 0x1E, 0x01, 0x00, 0x00, 0x0D, 0x00,
    0x00, 0x00, 0x98, 0x02, 0x00, 0x00, 0x51, 0x00, 0x00, 0x00, 0x00, 0x00, 0x00, 0x00, 0x00, 0x80,
    0x41, 0x00, 0x00, 0x0C, 0x60, 0x00, 0x00, 0x00, 0x00, 0x00, 0x00, 0x00, 0x01, 0x00, 0x00, 0x00,
    0x00, 0x00, 0x00, 0x00, 0x00, 0x00, 0x00, 0x00, 0x00, 0x00, 0x00, 0x00, 0x58, 0x01, 0x00, 0x00,
    0x4C, 0x75, 0x63, 0x6B, 0x79, 0x20, 0x51, 0x75, 0x69, 0x6C, 0x65, 0x6E, 0x20, 0x43, 0x75, 0x62,
    0x4F, 0x66, 0x66, 0x73, 0x70, 0x72, 0x69, 0x6E, 0x67, 0x20, 0x6F, 0x66, 0x20, 0x74, 0x68, 0x65,
    0x20, 0x49, 0x6D, 0x70, 0x65, 0x72, 0x69, 0x61, 0x6C, 0x20, 0x51, 0x75, 0x69, 0x6C, 0x65, 0x6E,
    0x2C, 0x20, 0x74, 0x68, 0x65, 0x20, 0x4C, 0x75, 0x63, 0x6B, 0x79, 0x20, 0x51, 0x75, 0x69, 0x6C,
    0x65, 0x6E, 0x20, 0x43, 0x75, 0x62, 0x20, 0x69, 0x73, 0x20, 0x73, 0x61, 0x69, 0x64, 0x20, 0x74,
    0x6F, 0x20, 0x62, 0x72, 0x69, 0x6E, 0x67, 0x20, 0x67, 0x72, 0x65, 0x61, 0x74, 0x20, 0x66, 0x6F,
    0x72, 0x74, 0x75, 0x6E, 0x65, 0x20, 0x74, 0x6F, 0x20, 0x69, 0x74, 0x73, 0x20, 0x6F, 0x77, 0x6E,
    0x65, 0x72, 0x2E, 0x04, 0x00, 0xF7, 0xA8, 0x00, 0x00, 0x59, 0x01, 0x00, 0x00, 0x00, 0x00, 0x00,
    0x00, 0x4C, 0x75, 0x63, 0x6B, 0x79, 0x20, 0x51, 0x75, 0x69, 0x6C, 0x65, 0x6E, 0x20, 0x43, 0x75,
    0x62, 0x1F, 0x01, 0x00, 0x00, 0x0F, 0x00, 0x00, 0x00, 0x99, 0x02, 0x00, 0x00, 0x51, 0x00, 0x00,
    0x00, 0x00, 0x00, 0x00, 0x00, 0x00, 0x80, 0x40, 0xF0, 0x00, 0x0C, 0x00, 0x00, 0x00, 0x00, 0x00,
    0x00, 0x00, 0x00, 0x01, 0x00, 0x00, 0x00, 0x00, 0x00, 0x00, 0x00, 0x00, 0x00, 0x00, 0x00, 0x00,
    0x00, 0x00, 0x00, 0x5A, 0x01, 0x00, 0x00, 0x49, 0x6D, 0x70, 0x65, 0x72, 0x69, 0x61, 0x6C, 0x20,
    0x51, 0x75, 0x69, 0x6C, 0x65, 0x6E, 0x46, 0x61, 0x76, 0x6F, 0x72, 0x69, 0x74, 0x65, 0x20, 0x70,
    0x65, 0x74, 0x73, 0x20, 0x6F, 0x66, 0x20, 0x74, 0x68, 0x65, 0x20, 0x61, 0x6E, 0x63, 0x69, 0x65,
    0x6E, 0x74, 0x20, 0x4D, 0x6F, 0x67, 0x75, 0x20, 0x70, 0x72, 0x69, 0x6E, 0x63, 0x65, 0x73, 0x2E,
    0x20, 0x51, 0x75, 0x69, 0x6C, 0x65, 0x6E, 0x20, 0x6D, 0x61, 0x6B, 0x65, 0x20, 0x6C, 0x6F, 0x79,
    0x61, 0x6C, 0x20, 0x61, 0x6E, 0x64, 0x20, 0x66, 0x65, 0x61, 0x72, 0x6C, 0x65, 0x73, 0x73, 0x20,
    0x63, 0x6F, 0x6D, 0x70, 0x61, 0x6E, 0x69, 0x6F, 0x6E, 0x73, 0x20, 0x61, 0x6E, 0x64, 0x20, 0x6D,
    0x6F, 0x75, 0x6E, 0x74, 0x73, 0x2E, 0x03, 0xC0, 0xF6, 0xA8, 0x00, 0x00, 0x5B, 0x01, 0x00, 0x00,
    0x00, 0x00, 0x00, 0x00, 0x49, 0x6D, 0x70, 0x65, 0x72, 0x69, 0x61, 0x6C, 0x20, 0x51, 0x75, 0x69,
    0x6C, 0x65, 0x6E, 0x29, 0x01, 0x00, 0x00, 0x0F, 0x00, 0x00, 0x00, 0xA2, 0x02, 0x00, 0x00, 0x4E,
    0x00, 0x00, 0x00, 0x00, 0x00, 0x00, 0x00, 0x00, 0x80, 0x40, 0x90, 0x00, 0x00, 0x00, 0x6B, 0x00,
    0x00, 0x00, 0x00, 0x00, 0x00, 0x01, 0x00, 0x00, 0x00, 0x00, 0x00, 0x00, 0x00, 0x00, 0x00, 0x00,
    0x00, 0x00, 0x00, 0x00, 0x00, 0x73, 0x01, 0x00, 0x00, 0x4C, 0x75, 0x63, 0x6B, 0x79, 0x20, 0x59,
    0x75, 0x6E, 0x54, 0x68, 0x65, 0x20, 0x50, 0x61, 0x6E, 0x64, 0x61, 0x72, 0x65, 0x6E, 0x20, 0x65,
    0x6C, 0x64, 0x65, 0x72, 0x73, 0x20, 0x63, 0x6C, 0x61, 0x69, 0x6D, 0x20, 0x74, 0x68, 0x61, 0x74,
    0x20, 0x4C, 0x75, 0x63, 0x6B, 0x79, 0x20, 0x59, 0x75, 0x6E, 0x20, 0x77, 0x69, 0x6C, 0x6C, 0x20,
    0x62, 0x65, 0x73, 0x74, 0x6F, 0x77, 0x20, 0x67, 0x6F, 0x6F, 0x64, 0x20, 0x66, 0x6F, 0x72, 0x74,
    0x75, 0x6E, 0x65, 0x20, 0x75, 0x70, 0x6F, 0x6E, 0x20, 0x74, 0x68, 0x6F, 0x73, 0x65, 0x20, 0x77,
    0x68, 0x6F, 0x20, 0x74, 0x6F, 0x75, 0x63, 0x68, 0x20, 0x69, 0x74, 0x73, 0x20, 0x67, 0x6C, 0x69,
    0x74, 0x74, 0x65, 0x72, 0x69, 0x6E, 0x67, 0x20, 0x68, 0x69, 0x64, 0x65, 0x2E, 0x02, 0x40, 0xA8,
    0x6C, 0x01, 0x00, 0x4D, 0x00, 0x00, 0x00, 0x00, 0x00, 0x00, 0x00, 0x4C, 0x75, 0x63, 0x6B, 0x79,
    0x20, 0x59, 0x75, 0x6E, 0x41, 0x01, 0x00, 0x00, 0x0D, 0x00, 0x00, 0x00, 0xC0, 0x02, 0x00, 0x00,
    0x4D, 0x00, 0x00, 0x00, 0x00, 0x00, 0x00, 0x00, 0x00, 0x80, 0x40, 0x60, 0x00, 0x00, 0x00, 0x57,
    0x00, 0x00, 0x00, 0x00, 0x00, 0x00, 0x01, 0x00, 0x00, 0x00, 0x00, 0x00, 0x00, 0x00, 0x00, 0x00,
    0x00, 0x00, 0x00, 0x00, 0x00, 0x00, 0x94, 0x01, 0x00, 0x00, 0x42, 0x6C, 0x69, 0x6E, 0x6B, 0x79,
    0x42, 0x6C, 0x69, 0x6E, 0x6B, 0x79, 0x20, 0x6A, 0x75, 0x73, 0x74, 0x20, 0x68, 0x61, 0x74, 0x63,
    0x68, 0x65, 0x64, 0x2C, 0x20, 0x61, 0x6E, 0x64, 0x20, 0x69, 0x73, 0x20, 0x72, 0x65, 0x61, 0x64,
    0x79, 0x20, 0x66, 0x6F, 0x72, 0x20, 0x61, 0x64, 0x76, 0x65, 0x6E, 0x74, 0x75, 0x72, 0x65, 0x2C,
    0x20, 0x62, 0x75, 0x74, 0x20, 0x6D, 0x61, 0x79, 0x20, 0x6E, 0x65, 0x65, 0x64, 0x20, 0x61, 0x20,
    0x66, 0x65, 0x77, 0x20, 0x6E, 0x61, 0x70, 0x73, 0x20, 0x61, 0x6C, 0x6F, 0x6E, 0x67, 0x20, 0x74,
    0x68, 0x65, 0x20, 0x77, 0x61, 0x79, 0x2E, 0x01, 0x80, 0x04, 0x8C, 0x01, 0x00, 0x0A, 0x00, 0x00,
    0x00, 0x00, 0x00, 0x00, 0x00, 0x42, 0x6C, 0x69, 0x6E, 0x6B, 0x79, 0x4D, 0x01, 0x00, 0x00, 0x8B,
    0x00, 0x00, 0x00, 0xBD, 0x02, 0x00, 0x00, 0x30, 0x00, 0x00, 0x00, 0x00, 0x00, 0x00, 0x00, 0x00,
    0x80, 0xC1, 0x80, 0x00, 0x00, 0x00, 0xEF, 0x00, 0x01, 0x00, 0x00, 0x00, 0x00, 0x01, 0x00, 0x00,
    0x00, 0x09, 0x00, 0x00, 0x00, 0x00, 0x00, 0x00, 0x00, 0x00, 0x00, 0x00, 0x00, 0xD2, 0xDB, 0x3B,
    0x00, 0x02, 0x01, 0x00, 0x00, 0x42, 0x61, 0x62, 0x79, 0x20, 0x4D, 0x75, 0x72, 0x6C, 0x6F, 0x63,
    0x20, 0x53, 0x61, 0x74, 0x63, 0x68, 0x2D, 0x53, 0x68, 0x65, 0x6C, 0x6C, 0x73, 0x42, 0x65, 0x66,
    0x6F, 0x72, 0x65, 0x20, 0x6D, 0x75, 0x72, 0x6C, 0x6F, 0x63, 0x20, 0x74, 0x61, 0x64, 0x70, 0x6F,
    0x6C, 0x65, 0x73, 0x20, 0x61, 0x72, 0x65, 0x20, 0x72, 0x65, 0x61, 0x64, 0x79, 0x20, 0x74, 0x6F,
    0x20, 0x63, 0x6F, 0x6D, 0x65, 0x20, 0x6F, 0x75, 0x74, 0x20, 0x6F, 0x66, 0x20, 0x74, 0x68, 0x65,
    0x69, 0x72, 0x20, 0x73, 0x68, 0x65, 0x6C, 0x6C, 0x73, 0x2C, 0x20, 0x74, 0x68, 0x65, 0x79, 0x27,
    0x6C, 0x6C, 0x20, 0x6A, 0x6F, 0x69, 0x6E, 0x20, 0x79, 0x6F, 0x75, 0x20, 0x74, 0x6F, 0x20, 0x6C,
    0x65, 0x61, 0x72, 0x6E, 0x20, 0x61, 0x62, 0x6F, 0x75, 0x74, 0x20, 0x74, 0x68, 0x65, 0x20, 0x77,
    0x6F, 0x72, 0x6C, 0x64, 0x20, 0x66, 0x72, 0x6F, 0x6D, 0x20, 0x61, 0x74, 0x6F, 0x70, 0x20, 0x79,
    0x6F, 0x75, 0x72, 0x20, 0x73, 0x68, 0x6F, 0x75, 0x6C, 0x64, 0x65, 0x72, 0x73, 0x2E, 0x20, 0x54,
    0x68, 0x69, 0x73, 0x20, 0x62, 0x61, 0x63, 0x6B, 0x2D, 0x73, 0x6C, 0x6F, 0x74, 0x20, 0x74, 0x72,
    0x61, 0x6E, 0x73, 0x6D, 0x6F, 0x67, 0x20, 0x69, 0x74, 0x65, 0x6D, 0x20, 0x63, 0x6F, 0x6D, 0x65,
    0x73, 0x20, 0x69, 0x6E, 0x20, 0x33, 0x20, 0x63, 0x6F, 0x6C, 0x6F, 0x72, 0x20, 0x76, 0x61, 0x72,
    0x69, 0x61, 0x6E, 0x74, 0x73, 0x2C, 0x20, 0x65, 0x61, 0x63, 0x68, 0x20, 0x62, 0x65, 0x6C, 0x6F,
    0x6E, 0x67, 0x69, 0x6E, 0x67, 0x20, 0x74, 0x6F, 0x20, 0x61, 0x20, 0x64, 0x69, 0x66, 0x66, 0x65,
    0x72, 0x65, 0x6E, 0x74, 0x20, 0x62, 0x61, 0x62, 0x79, 0x20, 0x6D, 0x75, 0x72, 0x6C, 0x6F, 0x63,
    0x20, 0x69, 0x6E, 0x68, 0x61, 0x62, 0x69, 0x74, 0x61, 0x6E, 0x74, 0x2E, 0xCD, 0x33, 0x00, 0x00,
    0x06, 0x00, 0x00, 0x00, 0x00, 0x00, 0xA8, 0x01, 0x00, 0x00, 0xF3, 0x08, 0x00, 0x00, 0x42, 0x61,
    0x62, 0x79, 0x20, 0x4D, 0x75, 0x72, 0x6C, 0x6F, 0x63, 0x20, 0x53, 0x61, 0x74, 0x63, 0x68, 0x2D,
    0x53, 0x68, 0x65, 0x6C, 0x6C, 0x73, 0x50, 0x01, 0x00, 0x00, 0x0F, 0x00, 0x00, 0x00, 0xCD, 0x02,
    0x00, 0x00, 0x48, 0x00, 0x00, 0x00, 0x00, 0x00, 0x00, 0x00, 0x00, 0x80, 0x41, 0x80, 0x00, 0x00,
    0x00, 0x97, 0x00, 0x00, 0x00, 0x00, 0x00, 0x00, 0x01, 0x00, 0x00, 0x00, 0x00, 0x00, 0x00, 0x00,
    0x00, 0x00, 0x00, 0x00, 0x00, 0x00, 0x00, 0x00, 0xA7, 0x01, 0x00, 0x00, 0x57, 0x65, 0x6E, 0x20,
    0x4C, 0x6F, 0x2C, 0x20, 0x54, 0x68, 0x65, 0x20, 0x52, 0x69, 0x76, 0x65, 0x72, 0x27, 0x73, 0x20,
    0x45, 0x64, 0x67, 0x65, 0x47, 0x65, 0x74, 0x20, 0x74, 0x68, 0x65, 0x20, 0x65, 0x79, 0x65, 0x20,
    0x6F, 0x66, 0x20, 0x74, 0x68, 0x65, 0x20, 0x74, 0x69, 0x67, 0x65, 0x72, 0x20, 0x77, 0x68, 0x65,
    0x6E, 0x20, 0x79, 0x6F, 0x75, 0x20, 0x68, 0x6F, 0x70, 0x20, 0x69, 0x6E, 0x74, 0x6F, 0x20, 0x74,
    0x68, 0x65, 0x20, 0x73, 0x61, 0x64, 0x64, 0x6C, 0x65, 0x20, 0x6F, 0x66, 0x20, 0x57, 0x65, 0x6E,
    0x20, 0x4C, 0x6F, 0x2C, 0x20, 0x74, 0x68, 0x65, 0x20, 0x52, 0x69, 0x76, 0x65, 0x72, 0x27, 0x73,
    0x20, 0x45, 0x64, 0x67, 0x65, 0x2C, 0x20, 0x61, 0x20, 0x66, 0x65, 0x61, 0x72, 0x73, 0x6F, 0x6D,
    0x65, 0x20, 0x6D, 0x6F, 0x75, 0x6E, 0x74, 0x20, 0x77, 0x68, 0x6F, 0x20, 0x77, 0x69, 0x6C, 0x6C,
    0x20, 0x68, 0x65, 0x6C, 0x70, 0x20, 0x79, 0x6F, 0x75, 0x20, 0x65, 0x6D, 0x62, 0x72, 0x61, 0x63,
    0x65, 0x20, 0x74, 0x68, 0x65, 0x20, 0x74, 0x68, 0x72, 0x69, 0x6C, 0x6C, 0x20, 0x6F, 0x66, 0x20,
    0x74, 0x68, 0x65, 0x20, 0x66, 0x6C, 0x69, 0x67, 0x68, 0x74, 0x2E, 0x06, 0x00, 0x96, 0x8E, 0x01,
    0x00, 0xA6, 0x01, 0x00, 0x00, 0x00, 0x00, 0x00, 0x00, 0x57, 0x65, 0x6E, 0x20, 0x4C, 0x6F, 0x2C,
    0x20, 0x54, 0x68, 0x65, 0x20, 0x52, 0x69, 0x76, 0x65, 0x72, 0x27, 0x73, 0x20, 0x45, 0x64, 0x67,
    0x65, 0x5C, 0x01, 0x00, 0x00, 0xA4, 0x00, 0x00, 0x00, 0xD5, 0x02, 0x00, 0x00, 0x01, 0x00, 0x00,
    0x00, 0x00, 0x00, 0x00, 0x00, 0x00, 0x80, 0xC1, 0x50, 0x00, 0x12, 0x60, 0x00, 0x00, 0x05, 0x00,
    0x00, 0x00, 0x00, 0x00, 0x00, 0x00, 0x00, 0x00, 0x00, 0x00, 0x00, 0x00, 0x00, 0x00, 0x00, 0x03,
    0x00, 0x00, 0x00, 0xE1, 0x58, 0x17, 0x00, 0x0A, 0x00, 0x00, 0x00, 0x33, 0x20, 0x43, 0x68, 0x61,
    0x72, 0x61, 0x63, 0x74, 0x65, 0x72, 0x20, 0x54, 0x72, 0x61, 0x6E, 0x73, 0x66, 0x65, 0x72, 0x73,
    0x41, 0x20, 0x74, 0x68, 0x72, 0x65, 0x65, 0x2D, 0x70, 0x61, 0x63, 0x6B, 0x20, 0x6F, 0x66, 0x20,
    0x63, 0x68, 0x61, 0x72, 0x61, 0x63, 0x74, 0x65, 0x72, 0x20, 0x74, 0x72, 0x61, 0x6E, 0x73, 0x66,
    0x65, 0x72, 0x73, 0x2C, 0x20, 0x65, 0x61, 0x63, 0x68, 0x20, 0x6F, 0x66, 0x20, 0x77, 0x68, 0x69,
    0x63, 0x68, 0x20, 0x63, 0x61, 0x6E, 0x20, 0x6D, 0x6F, 0x76, 0x65, 0x20, 0x6F, 0x6E, 0x65, 0x20,
    0x63, 0x68, 0x61, 0x72, 0x61, 0x63, 0x74, 0x65, 0x72, 0x20, 0x74, 0x6F, 0x20, 0x61, 0x6E, 0x6F,
    0x74, 0x68, 0x65, 0x72, 0x20, 0x72, 0x65, 0x61, 0x6C, 0x6D, 0x20, 0x6F, 0x72, 0x20, 0x61, 0x63,
    0x63, 0x6F, 0x75, 0x6E, 0x74, 0x2E, 0x20, 0x55, 0x73, 0x65, 0x20, 0x74, 0x68, 0x65, 0x6D, 0x20,
    0x61, 0x6C, 0x6C, 0x20, 0x61, 0x74, 0x20, 0x6F, 0x6E, 0x63, 0x65, 0x20, 0x6F, 0x72, 0x20, 0x73,
    0x61, 0x76, 0x65, 0x20, 0x73, 0x6F, 0x6D, 0x65, 0x20, 0x66, 0x6F, 0x72, 0x20, 0x6C, 0x61, 0x74,
    0x65, 0x72, 0x21, 0x00, 0x08, 0x00, 0x00, 0x96, 0x6A, 0x00, 0x00, 0x5E, 0x01, 0x00, 0x00, 0x0F,
    0x00, 0x00, 0x00, 0xD8, 0x02, 0x00, 0x00, 0x49, 0x00, 0x00, 0x00, 0x00, 0x00, 0x00, 0x00, 0x00,
    0x80, 0x41, 0x10, 0x00, 0x00, 0x00, 0x4A, 0x00, 0x00, 0x00, 0x00, 0x00, 0x00, 0x01, 0x00, 0x00,
    0x00, 0x00, 0x00, 0x00, 0x00, 0x00, 0x00, 0x00, 0x00, 0x00, 0x00, 0x00, 0x00, 0xAB, 0x01, 0x00,
    0x00, 0x53, 0x75, 0x6E, 0x77, 0x61, 0x72, 0x6D, 0x65, 0x64, 0x20, 0x46, 0x75, 0x72, 0x6C, 0x69,
    0x6E, 0x65, 0x54, 0x68, 0x65, 0x20, 0x70, 0x6C, 0x61, 0x79, 0x66, 0x75, 0x6C, 0x20, 0x53, 0x75,
    0x6E, 0x77, 0x61, 0x72, 0x6D, 0x65, 0x64, 0x20, 0x46, 0x75, 0x72, 0x6C, 0x69, 0x6E, 0x65, 0x20,
    0x69, 0x73, 0x20, 0x74, 0x68, 0x65, 0x20, 0x66, 0x75, 0x7A, 0x7A, 0x69, 0x65, 0x73, 0x74, 0x20,
    0x6D, 0x6F, 0x75, 0x6E, 0x74, 0x20, 0x41, 0x7A, 0x65, 0x72, 0x6F, 0x74, 0x68, 0x20, 0x68, 0x61,
    0x73, 0x20, 0x65, 0x76, 0x65, 0x72, 0x20, 0x73, 0x65, 0x65, 0x6E, 0x2E, 0x04, 0x40, 0x51, 0x73,
    0x01, 0x00, 0xAC, 0x01, 0x00, 0x00, 0x00, 0x00, 0x00, 0x00, 0x53, 0x75, 0x6E, 0x77, 0x61, 0x72,
    0x6D, 0x65, 0x64, 0x20, 0x46, 0x75, 0x72, 0x6C, 0x69, 0x6E, 0x65, 0x68, 0x01, 0x00, 0x00, 0x0D,
    0x00, 0x00, 0x00, 0x21, 0x04, 0x00, 0x00, 0x4A, 0x00, 0x00, 0x00, 0x00, 0x00, 0x00, 0x00, 0x00,
    0x80, 0xC0, 0xC0, 0x00, 0x00, 0x00, 0x61, 0x00, 0x00, 0x00, 0x00, 0x00, 0x00, 0x01, 0x00, 0x00,
    0x00, 0x00, 0x00, 0x00, 0x00, 0x00, 0x00, 0x00, 0x00, 0x00, 0x00, 0x00, 0x00, 0xFD, 0xCE, 0x3D,
    0x00, 0xD5, 0x01, 0x00, 0x00, 0x4D, 0x75, 0x72, 0x6B, 0x61, 0x73, 0x74, 0x72, 0x61, 0x73, 0x7A,
    0x61, 0x48, 0x61, 0x74, 0x63, 0x68, 0x2D, 0x71, 0x75, 0x65, 0x65, 0x6E, 0x20, 0x6F, 0x66, 0x20,
    0x74, 0x68, 0x65, 0x20, 0x62, 0x61, 0x62, 0x79, 0x20, 0x6D, 0x75, 0x72, 0x6C, 0x6F, 0x63, 0x73,
    0x2C, 0x20, 0x4D, 0x75, 0x72, 0x6B, 0x61, 0x73, 0x74, 0x72, 0x61, 0x73, 0x7A, 0x61, 0x20, 0x73,
    0x70, 0x65, 0x6E, 0x74, 0x20, 0x6D, 0x61, 0x6E, 0x79, 0x20, 0x79, 0x65, 0x61, 0x72, 0x73, 0x20,
    0x62, 0x61, 0x74, 0x74, 0x6C, 0x69, 0x6E, 0x67, 0x20, 0x68, 0x65, 0x72, 0x20, 0x62, 0x69, 0x74,
    0x74, 0x65, 0x72, 0x20, 0x72, 0x69, 0x76, 0x61, 0x6C, 0x2C, 0x20, 0x44, 0x65, 0x61, 0x74, 0x68,
    0x79, 0x2E, 0x03, 0x00, 0x9A, 0x8F, 0x01, 0x00, 0xDA, 0x01, 0x00, 0x00, 0x00, 0x00, 0x00, 0x00,
    0x4D, 0x75, 0x72, 0x6B, 0x61, 0x73, 0x74, 0x72, 0x61, 0x73, 0x7A, 0x61, 0x78, 0x01, 0x00, 0x00,
    0x8B, 0x00, 0x00, 0x00, 0xF0, 0x02, 0x00, 0x00, 0x2F, 0x00, 0x00, 0x00, 0x00, 0x00, 0x00, 0x00,
    0x00, 0x80, 0xC1, 0x10, 0x00, 0x00, 0x00, 0xCF, 0x00, 0x04, 0x00, 0x00, 0x00, 0x00, 0x01, 0x00,
    0x00, 0x00, 0x09, 0x00, 0x00, 0x00, 0x00, 0x00, 0x00, 0x00, 0x00, 0x00, 0x00, 0x00, 0x03, 0xF1,
    0x44, 0x00, 0xA4, 0x01, 0x00, 0x00, 0x46, 0x69, 0x72, 0x65, 0x70, 0x6C, 0x75, 0x6D, 0x65, 0x20,
    0x52, 0x65, 0x67, 0x61, 0x6C, 0x69, 0x61, 0x46, 0x69, 0x72, 0x65, 0x20, 0x75, 0x70, 0x20, 0x61,
    0x6E, 0x64, 0x20, 0x64, 0x6F, 0x6E, 0x20, 0x72, 0x6F, 0x62, 0x65, 0x73, 0x20, 0x65, 0x6D, 0x62,
    0x6C, 0x61, 0x7A, 0x6F, 0x6E, 0x65, 0x64, 0x20, 0x77, 0x69, 0x74, 0x68, 0x20, 0x70, 0x75, 0x72,
    0x65, 0x20, 0x65, 0x6C, 0x65, 0x6D, 0x65, 0x6E, 0x74, 0x61, 0x6C, 0x20, 0x66, 0x69, 0x72, 0x65,
    0x2E, 0x20, 0x54, 0x68, 0x69, 0x73, 0x20, 0x63, 0x6F, 0x6D, 0x70, 0x6C, 0x65, 0x74, 0x65, 0x20,
    0x61, 0x70, 0x70, 0x65, 0x61, 0x72, 0x61, 0x6E, 0x63, 0x65, 0x20, 0x73, 0x65, 0x74, 0x20, 0x63,
    0x61, 0x6E, 0x20, 0x62, 0x65, 0x20, 0x77, 0x6F, 0x72, 0x6E, 0x20, 0x61, 0x73, 0x20, 0x6F, 0x6E,
    0x65, 0x20, 0x65, 0x6E, 0x73, 0x65, 0x6D, 0x62, 0x6C, 0x65, 0x2C, 0x20, 0x6F, 0x72, 0x20, 0x70,
    0x69, 0x65, 0x63, 0x65, 0x6D, 0x65, 0x61, 0x6C, 0x20, 0x74, 0x6F, 0x20, 0x6D, 0x69, 0x78, 0x20,
    0x61, 0x6E, 0x64, 0x20, 0x6D, 0x61, 0x74, 0x63, 0x68, 0x20, 0x61, 0x6C, 0x6F, 0x6E, 0x67, 0x20,
    0x77, 0x69, 0x74, 0x68, 0x20, 0x74, 0x68, 0x65, 0x20, 0x6F, 0x74, 0x68, 0x65, 0x72, 0x20, 0x74,
    0x72, 0x61, 0x6E, 0x73, 0x6D, 0x6F, 0x67, 0x67, 0x61, 0x62, 0x6C, 0x65, 0x20, 0x6C, 0x6F, 0x6F,
    0x6B, 0x73, 0x20, 0x69, 0x6E, 0x20, 0x79, 0x6F, 0x75, 0x72, 0x20, 0x63, 0x6F, 0x6C, 0x6C, 0x65,
    0x63, 0x74, 0x69, 0x6F, 0x6E, 0x2E, 0x10, 0x00, 0x00, 0x00, 0x04, 0x40, 0x00, 0x00, 0x00, 0x00,
    0x25, 0x01, 0x00, 0x00, 0xB2, 0x09, 0x00, 0x00, 0x46, 0x69, 0x72, 0x65, 0x70, 0x6C, 0x75, 0x6D,
    0x65, 0x20, 0x52, 0x65, 0x67, 0x61, 0x6C, 0x69, 0x61, 0xA6, 0x01, 0x00, 0x00, 0x0F, 0x00, 0x00,
    0x00, 0x29, 0x03, 0x00, 0x00, 0x46, 0x00, 0x00, 0x00, 0x00, 0x00, 0x00, 0x00, 0x00, 0x80, 0x41,
    0x40, 0x00, 0x00, 0x00, 0x5B, 0x00, 0x00, 0x00, 0x00, 0x00, 0x00, 0x01, 0x00, 0x00, 0x00, 0x00,
    0x00, 0x00, 0x00, 0x00, 0x00, 0x00, 0x00, 0x00, 0x00, 0x00, 0x00, 0x59, 0x02, 0x00, 0x00, 0x45,
    0x6E, 0x73, 0x6F, 0x72, 0x63, 0x65, 0x6C, 0x6C, 0x65, 0x64, 0x20, 0x45, 0x76, 0x65, 0x72, 0x77,
    0x79, 0x72, 0x6D, 0x45, 0x6E, 0x73, 0x6F, 0x72, 0x63, 0x65, 0x6C, 0x6C, 0x65, 0x64, 0x20, 0x45,
    0x76, 0x65, 0x72, 0x77, 0x79, 0x72, 0x6D, 0x20, 0x67, 0x72, 0x61, 0x6E, 0x74, 0x73, 0x20, 0x61,
    0x20, 0x71, 0x75, 0x65, 0x73, 0x74, 0x20, 0x66, 0x6F, 0x72, 0x20, 0x74, 0x68, 0x65, 0x20, 0x56,
    0x65, 0x73, 0x74, 0x6D, 0x65, 0x6E, 0x74, 0x73, 0x20, 0x6F, 0x66, 0x20, 0x74, 0x68, 0x65, 0x20,
    0x45, 0x74, 0x65, 0x72, 0x6E, 0x61, 0x6C, 0x20, 0x54, 0x72, 0x61, 0x76, 0x65, 0x6C, 0x65, 0x72,
    0x20, 0x74, 0x72, 0x61, 0x6E, 0x73, 0x6D, 0x6F, 0x67, 0x20, 0x73, 0x65, 0x74, 0x2E, 0x05, 0x00,
    0x97, 0x6C, 0x01, 0x00, 0x2B, 0x01, 0x00, 0x00, 0x00, 0x00, 0x00, 0x00, 0x45, 0x6E, 0x73, 0x6F,
    0x72, 0x63, 0x65, 0x6C, 0x6C, 0x65, 0x64, 0x20, 0x45, 0x76, 0x65, 0x72, 0x77, 0x79, 0x72, 0x6D,
    0xA7, 0x01, 0x00, 0x00, 0x0D, 0x00, 0x00, 0x00, 0x2A, 0x03, 0x00, 0x00, 0x4B, 0x00, 0x00, 0x00,
    0x00, 0x00, 0x00, 0x00, 0x00, 0x80, 0x40, 0xE0, 0x00, 0x00, 0x00, 0x48, 0x00, 0x00, 0x00, 0x00,
    0x00, 0x00, 0x01, 0x00, 0x00, 0x00, 0x00, 0x00, 0x00, 0x00, 0x00, 0x00, 0x00, 0x00, 0x00, 0x00,
    0x00, 0x00, 0x5A, 0x02, 0x00, 0x00, 0x41, 0x6E, 0x69, 0x6D, 0x61, 0x20, 0x57, 0x79, 0x72, 0x6D,
    0x6C, 0x69, 0x6E, 0x67, 0x45, 0x76, 0x65, 0x6E, 0x20, 0x74, 0x68, 0x65, 0x20, 0x73, 0x6D, 0x61,
    0x6C, 0x6C, 0x65, 0x73, 0x74, 0x20, 0x63, 0x72, 0x65, 0x61, 0x74, 0x75, 0x72, 0x65, 0x73, 0x20,
    0x69, 0x6E, 0x20, 0x74, 0x68, 0x65, 0x20, 0x53, 0x68, 0x61, 0x64, 0x6F, 0x77, 0x6C, 0x61, 0x6E,
    0x64, 0x73, 0x20, 0x72, 0x65, 0x6C, 0x79, 0x20, 0x6F, 0x6E, 0x20, 0x61, 0x6E, 0x69, 0x6D, 0x61,
    0x20, 0x74, 0x6F, 0x20, 0x73, 0x75, 0x72, 0x76, 0x69, 0x76, 0x65, 0x2E, 0x03, 0x80, 0xA5, 0x6C,
    0x01, 0x00, 0x2C, 0x01, 0x00, 0x00, 0x00, 0x00, 0x00, 0x00, 0x41, 0x6E, 0x69, 0x6D, 0x61, 0x20,
    0x57, 0x79, 0x72, 0x6D, 0x6C, 0x69, 0x6E, 0x67, 0x5B, 0x01, 0x00, 0x00, 0xA4, 0x00, 0x00, 0x00,
    0xD4, 0x02, 0x00, 0x00, 0x00, 0x00, 0x00, 0x00, 0x00, 0x00, 0x00, 0x00, 0x00, 0x80, 0xC1, 0x20,
    0x00, 0x06, 0x20, 0x00, 0x00, 0x05, 0x00, 0x00, 0x00, 0x00, 0x00, 0x00, 0x00, 0x00, 0x00, 0x00,
    0x00, 0x00, 0x00, 0x00, 0x00, 0x00, 0x01, 0x00, 0x00, 0x00, 0xE1, 0x58, 0x17, 0x00, 0x0A, 0x00,
    0x00, 0x00, 0x43, 0x68, 0x61, 0x72, 0x61, 0x63, 0x74, 0x65, 0x72, 0x20, 0x54, 0x72, 0x61, 0x6E,
    0x73, 0x66, 0x65, 0x72, 0x54, 0x72, 0x61, 0x6E, 0x73, 0x66, 0x65, 0x72, 0x20, 0x61, 0x20, 0x63,
    0x68, 0x61, 0x72, 0x61, 0x63, 0x74, 0x65, 0x72, 0x20, 0x74, 0x6F, 0x20, 0x61, 0x6E, 0x6F, 0x74,
    0x68, 0x65, 0x72, 0x20, 0x72, 0x65, 0x61, 0x6C, 0x6D, 0x20, 0x6F, 0x72, 0x20, 0x61, 0x63, 0x63,
    0x6F, 0x75, 0x6E, 0x74, 0x2E, 0x00, 0x08, 0x00, 0x00, 0x96, 0x6A, 0x00, 0x00, 0x5F, 0x01, 0x00,
    0x00, 0xA4, 0x00, 0x00, 0x00, 0xD9, 0x02, 0x00, 0x00, 0x02, 0x00, 0x00, 0x00, 0x00, 0x00, 0x00,
    0x00, 0x00, 0x80, 0xC1, 0x50, 0x00, 0x12, 0x20, 0x00, 0x00, 0x00, 0x00, 0x00, 0x00, 0x00, 0x00,
    0x00, 0x00, 0x00, 0x00, 0x00, 0x00, 0x00, 0x00, 0x00, 0x00, 0x00, 0x06, 0x00, 0x00, 0x00, 0xE1,
    0x58, 0x17, 0x00, 0x0A, 0x00, 0x00, 0x00, 0x36, 0x20, 0x43, 0x68, 0x61, 0x72, 0x61, 0x63, 0x74,
    0x65, 0x72, 0x20, 0x54, 0x72, 0x61, 0x6E, 0x73, 0x66, 0x65, 0x72, 0x73, 0x41, 0x20, 0x73, 0x69,
    0x78, 0x2D, 0x70, 0x61, 0x63, 0x6B, 0x20, 0x6F, 0x66, 0x20, 0x63, 0x68, 0x61, 0x72, 0x61, 0x63,
    0x74, 0x65, 0x72, 0x20, 0x74, 0x72, 0x61, 0x6E, 0x73, 0x66, 0x65, 0x72, 0x73, 0x2C, 0x20, 0x65,
    0x61, 0x63, 0x68, 0x20, 0x6F, 0x66, 0x20, 0x77, 0x68, 0x69, 0x63, 0x68, 0x20, 0x63, 0x61, 0x6E,
    0x20, 0x6D, 0x6F, 0x76, 0x65, 0x20, 0x6F, 0x6E, 0x65, 0x20, 0x63, 0x68, 0x61, 0x72, 0x61, 0x63,
    0x74, 0x65, 0x72, 0x20, 0x74, 0x6F, 0x20, 0x61, 0x6E, 0x6F, 0x74, 0x68, 0x65, 0x72, 0x20, 0x72,
    0x65, 0x61, 0x6C, 0x6D, 0x20, 0x6F, 0x72, 0x20, 0x61, 0x63, 0x63, 0x6F, 0x75, 0x6E, 0x74, 0x2E,
    0x20, 0x55, 0x73, 0x65, 0x20, 0x74, 0x68, 0x65, 0x6D, 0x20, 0x61, 0x6C, 0x6C, 0x20, 0x61, 0x74,
    0x20, 0x6F, 0x6E, 0x63, 0x65, 0x20, 0x6F, 0x72, 0x20, 0x73, 0x61, 0x76, 0x65, 0x20, 0x73, 0x6F,
    0x6D, 0x65, 0x20, 0x66, 0x6F, 0x72, 0x20, 0x6C, 0x61, 0x74, 0x65, 0x72, 0x21, 0x61, 0x01, 0x00,
    0x00, 0x0D, 0x00, 0x00, 0x00, 0xDE, 0x02, 0x00, 0x00, 0x4C, 0x00, 0x00, 0x00, 0x00, 0x00, 0x00,
    0x00, 0x00, 0x80, 0x40, 0xA0, 0x00, 0x00, 0x00, 0x84, 0x00, 0x00, 0x00, 0x00, 0x00, 0x00, 0x01,
    0x00, 0x00, 0x00, 0x00, 0x00, 0x00, 0x00, 0x00, 0x00, 0x00, 0x00, 0x00, 0x00, 0x00, 0x00, 0xDC,
    0x01, 0x00, 0x00, 0x4C, 0x69, 0x6C, 0x27, 0x20, 0x55, 0x72, 0x73, 0x6F, 0x63, 0x42, 0x65, 0x66,
    0x6F, 0x72, 0x65, 0x20, 0x55, 0x72, 0x73, 0x6F, 0x63, 0x20, 0x62, 0x65, 0x63, 0x61, 0x6D, 0x65,
    0x20, 0x61, 0x20, 0x6D, 0x69, 0x67, 0x68, 0x74, 0x79, 0x20, 0x70, 0x72, 0x6F, 0x74, 0x65, 0x63,
    0x74, 0x6F, 0x72, 0x20, 0x6F, 0x66, 0x20, 0x41, 0x7A, 0x65, 0x72, 0x6F, 0x74, 0x68, 0x20, 0x61,
    0x73, 0x20, 0x6F, 0x6E, 0x65, 0x20, 0x6F, 0x66, 0x20, 0x74, 0x68, 0x65, 0x20, 0x57, 0x69, 0x6C,
    0x64, 0x20, 0x47, 0x6F, 0x64, 0x73, 0x2C, 0x20, 0x68, 0x65, 0x20, 0x77, 0x61, 0x73, 0x20, 0x61,
    0x20, 0x70, 0x6C, 0x61, 0x79, 0x66, 0x75, 0x6C, 0x20, 0x63, 0x75, 0x62, 0x20, 0x63, 0x75, 0x72,
    0x69, 0x6F, 0x75, 0x73, 0x6C, 0x79, 0x20, 0x72, 0x6F, 0x61, 0x6D, 0x69, 0x6E, 0x67, 0x20, 0x74,
    0x68, 0x65, 0x20, 0x47, 0x72, 0x69, 0x7A, 0x7A, 0x6C, 0x79, 0x20, 0x48, 0x69, 0x6C, 0x6C, 0x73,
    0x2E, 0x02, 0x80, 0xC0, 0x9B, 0x01, 0x00, 0xDD, 0x01, 0x00, 0x00, 0x00, 0x00, 0x00, 0x00, 0x4C,
    0x69, 0x6C, 0x27, 0x20, 0x55, 0x72, 0x73, 0x6F, 0x63, 0x62, 0x01, 0x00, 0x00, 0xA6, 0x00, 0x00,
    0x00, 0xDF, 0x02, 0x00, 0x00, 0x14, 0x00, 0x00, 0x00, 0x00, 0x00, 0x00, 0x00, 0x00, 0x80, 0xC0,
    0xE0, 0x00, 0x09, 0x60, 0x00, 0x00, 0x05, 0x00, 0x00, 0x00, 0x00, 0x00, 0x00, 0x00, 0x00, 0x00,
    0x00, 0x00, 0x00, 0x00, 0x00, 0x00, 0x00, 0x01, 0x00, 0x00, 0x00, 0xB7, 0x30, 0x11, 0x00, 0x0A,
    0x00, 0x00, 0x00, 0x46, 0x61, 0x63, 0x74, 0x69, 0x6F, 0x6E, 0x20, 0x43, 0x68, 0x61, 0x6E, 0x67,
    0x65, 0x43, 0x68, 0x61, 0x6E, 0x67, 0x65, 0x20, 0x6F, 0x6E, 0x65, 0x20, 0x63, 0x68, 0x61, 0x72,
    0x61, 0x63, 0x74, 0x65, 0x72, 0x27, 0x73, 0x20, 0x66, 0x61, 0x63, 0x74, 0x69, 0x6F, 0x6E, 0x20,
    0x66, 0x72, 0x6F, 0x6D, 0x20, 0x48, 0x6F, 0x72, 0x64, 0x65, 0x20, 0x74, 0x6F, 0x20, 0x41, 0x6C,
    0x6C, 0x69, 0x61, 0x6E, 0x63, 0x65, 0x20, 0x6F, 0x72, 0x20, 0x41, 0x6C, 0x6C, 0x69, 0x61, 0x6E,
    0x63, 0x65, 0x20, 0x74, 0x6F, 0x20, 0x48, 0x6F, 0x72, 0x64, 0x65, 0x2E, 0x00, 0x08, 0x00, 0x00,
    0x6E, 0x6A, 0x00, 0x00, 0x63, 0x01, 0x00, 0x00, 0xA6, 0x00, 0x00, 0x00, 0xE0, 0x02, 0x00, 0x00,
    0x15, 0x00, 0x00, 0x00, 0x00, 0x00, 0x00, 0x00, 0x00, 0x80, 0xC1, 0x10, 0x00, 0x15, 0x40, 0x00,
    0x00, 0x05, 0x00, 0x00, 0x00, 0x00, 0x00, 0x00, 0x00, 0x00, 0x00, 0x00, 0x00, 0x00, 0x00, 0x00,
    0x00, 0x00, 0x03, 0x00, 0x00, 0x00, 0xB7, 0x30, 0x11, 0x00, 0x0A, 0x00, 0x00, 0x00, 0x33, 0x20,
    0x46, 0x61, 0x63, 0x74, 0x69, 0x6F, 0x6E, 0x20, 0x43, 0x68, 0x61, 0x6E, 0x67, 0x65, 0x73, 0x47,
    0x65, 0x74, 0x20, 0x61, 0x20, 0x74, 0x68, 0x72, 0x65, 0x65, 0x2D, 0x70, 0x61, 0x63, 0x6B, 0x20,
    0x6F, 0x66, 0x20, 0x66, 0x61, 0x63, 0x74, 0x69, 0x6F, 0x6E, 0x20, 0x63, 0x68, 0x61, 0x6E, 0x67,
    0x65, 0x73, 0x20, 0x74, 0x6F, 0x20, 0x6D, 0x6F, 0x76, 0x65, 0x20, 0x79, 0x6F, 0x75, 0x72, 0x20,
    0x63, 0x68, 0x61, 0x72, 0x61, 0x63, 0x74, 0x65, 0x72, 0x73, 0x20, 0x74, 0x6F, 0x20, 0x74, 0x68,
    0x65, 0x20, 0x6F, 0x70, 0x70, 0x6F, 0x73, 0x69, 0x74, 0x65, 0x20, 0x66, 0x61, 0x63, 0x74, 0x69,
    0x6F, 0x6E, 0x20, 0x28, 0x48, 0x6F, 0x72, 0x64, 0x65, 0x20, 0x74, 0x6F, 0x20, 0x41, 0x6C, 0x6C,
    0x69, 0x61, 0x6E, 0x63, 0x65, 0x20, 0x6F, 0x72, 0x20, 0x41, 0x6C, 0x6C, 0x69, 0x61, 0x6E, 0x63,
    0x65, 0x20, 0x74, 0x6F, 0x20, 0x48, 0x6F, 0x72, 0x64, 0x65, 0x29, 0x2E, 0x20, 0x55, 0x73, 0x65,
    0x20, 0x74, 0x68, 0x65, 0x6D, 0x20, 0x61, 0x6C, 0x6C, 0x20, 0x61, 0x74, 0x20, 0x6F, 0x6E, 0x63,
    0x65, 0x20, 0x6F, 0x72, 0x20, 0x73, 0x61, 0x76, 0x65, 0x20, 0x73, 0x6F, 0x6D, 0x65, 0x20, 0x66,
    0x6F, 0x72, 0x20, 0x6C, 0x61, 0x74, 0x65, 0x72, 0x21, 0x00, 0x08, 0x00, 0x00, 0x6E, 0x6A, 0x00,
    0x00, 0x64, 0x01, 0x00, 0x00, 0xA6, 0x00, 0x00, 0x00, 0xE1, 0x02, 0x00, 0x00, 0x16, 0x00, 0x00,
    0x00, 0x00, 0x00, 0x00, 0x00, 0x00, 0x80, 0xC1, 0x10, 0x00, 0x15, 0x00, 0x00, 0x00, 0x00, 0x00,
    0x00, 0x00, 0x00, 0x00, 0x00, 0x00, 0x00, 0x00, 0x00, 0x00, 0x00, 0x00, 0x00, 0x00, 0x00, 0x06,
    0x00, 0x00, 0x00, 0xB7, 0x30, 0x11, 0x00, 0x0A, 0x00, 0x00, 0x00, 0x36, 0x20, 0x46, 0x61, 0x63,
    0x74, 0x69, 0x6F, 0x6E, 0x20, 0x43, 0x68, 0x61, 0x6E, 0x67, 0x65, 0x73, 0x47, 0x65, 0x74, 0x20,
    0x61, 0x20, 0x73, 0x69, 0x78, 0x2D, 0x70, 0x61, 0x63, 0x6B, 0x20, 0x6F, 0x66, 0x20, 0x66, 0x61,
    0x63, 0x74, 0x69, 0x6F, 0x6E, 0x20, 0x63, 0x68, 0x61, 0x6E, 0x67, 0x65, 0x73, 0x20, 0x74, 0x6F,
    0x20, 0x6D, 0x6F, 0x76, 0x65, 0x20, 0x79, 0x6F, 0x75, 0x72, 0x20, 0x63, 0x68, 0x61, 0x72, 0x61,
    0x63, 0x74, 0x65, 0x72, 0x73, 0x20, 0x74, 0x6F, 0x20, 0x74, 0x68, 0x65, 0x20, 0x6F, 0x70, 0x70,
    0x6F, 0x73, 0x69, 0x74, 0x65, 0x20, 0x66, 0x61, 0x63, 0x74, 0x69, 0x6F, 0x6E, 0x20, 0x28, 0x48,
    0x6F, 0x72, 0x64, 0x65, 0x20, 0x74, 0x6F, 0x20, 0x41, 0x6C, 0x6C, 0x69, 0x61, 0x6E, 0x63, 0x65,
    0x20, 0x6F, 0x72, 0x20, 0x41, 0x6C, 0x6C, 0x69, 0x61, 0x6E, 0x63, 0x65, 0x20, 0x74, 0x6F, 0x20,
    0x48, 0x6F, 0x72, 0x64, 0x65, 0x29, 0x2E, 0x20, 0x55, 0x73, 0x65, 0x20, 0x74, 0x68, 0x65, 0x6D,
    0x20, 0x61, 0x6C, 0x6C, 0x20, 0x61, 0x74, 0x20, 0x6F, 0x6E, 0x63, 0x65, 0x20, 0x6F, 0x72, 0x20,
    0x73, 0x61, 0x76, 0x65, 0x20, 0x73, 0x6F, 0x6D, 0x65, 0x20, 0x66, 0x6F, 0x72, 0x20, 0x6C, 0x61,
    0x74, 0x65, 0x72, 0x21, 0x6B, 0x01, 0x00, 0x00, 0x0F, 0x00, 0x00, 0x00, 0xE7, 0x02, 0x00, 0x00,
    0x43, 0x00, 0x00, 0x00, 0x00, 0x00, 0x00, 0x00, 0x00, 0x80, 0x41, 0x50, 0x00, 0x00, 0x00, 0xE0,
    0x00, 0x00, 0x00, 0x00, 0x00, 0x00, 0x01, 0x00, 0x00, 0x00, 0x00, 0x00, 0x00, 0x00, 0x00, 0x00,
    0x00, 0x00, 0x00, 0x00, 0x00, 0x00, 0xD6, 0x01, 0x00, 0x00, 0x4A, 0x61, 0x64, 0x65, 0x2C, 0x20,
    0x42, 0x72, 0x69, 0x67, 0x68, 0x74, 0x20, 0x46, 0x6F, 0x72, 0x65, 0x73, 0x65, 0x65, 0x72, 0x54,
    0x68, 0x65, 0x20, 0x70, 0x72, 0x65, 0x73, 0x65, 0x6E, 0x63, 0x65, 0x20, 0x6F, 0x66, 0x20, 0x74,
    0x68, 0x69, 0x73, 0x20, 0x6D, 0x61, 0x6A, 0x65, 0x73, 0x74, 0x69, 0x63, 0x20, 0x50, 0x61, 0x6E,
    0x64, 0x61, 0x72, 0x65, 0x6E, 0x20, 0x72, 0x61, 0x62, 0x62, 0x69, 0x74, 0x20, 0x73, 0x70, 0x69,
    0x72, 0x69, 0x74, 0x20, 0x62, 0x72, 0x69, 0x6E, 0x67, 0x73, 0x20, 0x6A, 0x6F, 0x79, 0x20, 0x61,
    0x6E, 0x64, 0x20, 0x68, 0x61, 0x70, 0x70, 0x69, 0x6E, 0x65, 0x73, 0x73, 0x20, 0x61, 0x6E, 0x64,
    0x20, 0x69, 0x73, 0x20, 0x68, 0x65, 0x72, 0x61, 0x6C, 0x64, 0x65, 0x64, 0x20, 0x61, 0x73, 0x20,
    0x61, 0x20, 0x77, 0x6F, 0x6E, 0x64, 0x65, 0x72, 0x66, 0x75, 0x6C, 0x20, 0x6F, 0x6D, 0x65, 0x6E,
    0x2E, 0x20, 0x4C, 0x65, 0x67, 0x65, 0x6E, 0x64, 0x20, 0x73, 0x61, 0x79, 0x73, 0x20, 0x74, 0x68,
    0x61, 0x74, 0x20, 0x69, 0x6E, 0x20, 0x69, 0x74, 0x73, 0x20, 0x65, 0x79, 0x65, 0x73, 0x2C, 0x20,
    0x79, 0x6F, 0x75, 0x20, 0x63, 0x61, 0x6E, 0x20, 0x67, 0x6C, 0x69, 0x6D, 0x70, 0x73, 0x65, 0x20,
    0x74, 0x68, 0x65, 0x20, 0x67, 0x72, 0x65, 0x61, 0x74, 0x65, 0x73, 0x74, 0x20, 0x68, 0x61, 0x70,
    0x70, 0x69, 0x6E, 0x65, 0x73, 0x73, 0x20, 0x6F, 0x66, 0x20, 0x79, 0x6F, 0x75, 0x72, 0x20, 0x6C,
    0x69, 0x66, 0x65, 0x2C, 0x20, 0x65, 0x76, 0x65, 0x6E, 0x20, 0x69, 0x66, 0x20, 0x69, 0x74, 0x20,
    0x69, 0x73, 0x20, 0x79, 0x65, 0x74, 0x20, 0x74, 0x6F, 0x20, 0x63, 0x6F, 0x6D, 0x65, 0x2E, 0x05,
    0x40, 0x1D, 0x9D, 0x01, 0x00, 0xD2, 0x01, 0x00, 0x00, 0x00, 0x00, 0x00, 0x00, 0x4A, 0x61, 0x64,
    0x65, 0x2C, 0x20, 0x42, 0x72, 0x69, 0x67, 0x68, 0x74, 0x20, 0x46, 0x6F, 0x72, 0x65, 0x73, 0x65,
    0x65, 0x72, 0x6A, 0x01, 0x00, 0x00, 0x0F, 0x00, 0x00, 0x00, 0xE6, 0x02, 0x00, 0x00, 0x47, 0x00,
    0x00, 0x00, 0x00, 0x00, 0x00, 0x00, 0x00, 0x80, 0x41, 0x70, 0x00, 0x00, 0x00, 0x91, 0x00, 0x00,
    0x00, 0x00, 0x00, 0x00, 0x01, 0x00, 0x00, 0x00, 0x00, 0x00, 0x00, 0x00, 0x00, 0x00, 0x00, 0x00,
    0x00, 0x00, 0x00, 0x00, 0xDF, 0x01, 0x00, 0x00, 0x4E, 0x65, 0x74, 0x68, 0x65, 0x72, 0x2D, 0x47,
    0x6F, 0x72, 0x67, 0x65, 0x64, 0x20, 0x47, 0x72, 0x65, 0x61, 0x74, 0x77, 0x79, 0x72, 0x6D, 0x42,
    0x72, 0x69, 0x73, 0x74, 0x6C, 0x69, 0x6E, 0x67, 0x20, 0x77, 0x69, 0x74, 0x68, 0x20, 0x61, 0x72,
    0x63, 0x61, 0x6E, 0x65, 0x20, 0x65, 0x6E, 0x65, 0x72, 0x67, 0x79, 0x2C, 0x20, 0x74, 0x68, 0x65,
    0x20, 0x4E, 0x65, 0x74, 0x68, 0x65, 0x72, 0x2D, 0x47, 0x6F, 0x72, 0x67, 0x65, 0x64, 0x20, 0x47,
    0x72, 0x65, 0x61, 0x74, 0x77, 0x79, 0x72, 0x6D, 0x20, 0x63, 0x61, 0x72, 0x72, 0x69, 0x65, 0x73,
    0x20, 0x79, 0x6F, 0x75, 0x20, 0x74, 0x6F, 0x20, 0x74, 0x68, 0x65, 0x20, 0x66, 0x61, 0x72, 0x20,
    0x68, 0x6F, 0x72, 0x69, 0x7A, 0x6F, 0x6E, 0x73, 0x20, 0x6F, 0x66, 0x20, 0x77, 0x68, 0x61, 0x74,
    0x65, 0x76, 0x65, 0x72, 0x20, 0x70, 0x6C, 0x61, 0x6E, 0x65, 0x20, 0x6F, 0x66, 0x20, 0x65, 0x78,
    0x69, 0x73, 0x74, 0x65, 0x6E, 0x63, 0x65, 0x20, 0x79, 0x6F, 0x75, 0x72, 0x20, 0x61, 0x64, 0x76,
    0x65, 0x6E, 0x74, 0x75, 0x72, 0x65, 0x73, 0x20, 0x72, 0x65, 0x71, 0x75, 0x69, 0x72, 0x65, 0x2E,
    0x05, 0xC0, 0xBC, 0x9B, 0x01, 0x00, 0xE0, 0x01, 0x00, 0x00, 0x00, 0x00, 0x00, 0x00, 0x4E, 0x65,
    0x74, 0x68, 0x65, 0x72, 0x2D, 0x47, 0x6F, 0x72, 0x67, 0x65, 0x64, 0x20, 0x47, 0x72, 0x65, 0x61,
    0x74, 0x77, 0x79, 0x72, 0x6D, 0xA3, 0x01, 0x00, 0x00, 0x0F, 0x00, 0x00, 0x00, 0x24, 0x03, 0x00,
    0x00, 0x44, 0x00, 0x00, 0x00, 0x00, 0x00, 0x00, 0x00, 0x00, 0x80, 0x41, 0x50, 0x00, 0x00, 0x00,
    0xB4, 0x00, 0x00, 0x00, 0x00, 0x00, 0x00, 0x01, 0x00, 0x00, 0x00, 0x00, 0x00, 0x00, 0x00, 0x00,
    0x00, 0x00, 0x00, 0x00, 0x00, 0x00, 0x00, 0x7B, 0x02, 0x00, 0x00, 0x56, 0x69, 0x72, 0x69, 0x64,
    0x69, 0x61, 0x6E, 0x20, 0x50, 0x68, 0x61, 0x73, 0x65, 0x2D, 0x48, 0x75, 0x6E, 0x74, 0x65, 0x72,
    0x48, 0x61, 0x69, 0x6C, 0x69, 0x6E, 0x67, 0x20, 0x66, 0x72, 0x6F, 0x6D, 0x20, 0x61, 0x20, 0x73,
    0x70, 0x65, 0x63, 0x69, 0x65, 0x73, 0x20, 0x61, 0x6C, 0x72, 0x65, 0x61, 0x64, 0x79, 0x20, 0x61,
    0x64, 0x65, 0x70, 0x74, 0x20, 0x61, 0x74, 0x20, 0x6E, 0x61, 0x74, 0x75, 0x72, 0x61, 0x6C, 0x20,
    0x63, 0x61, 0x6D, 0x6F, 0x75, 0x66, 0x6C, 0x61, 0x67, 0x65, 0x2C, 0x20, 0x74, 0x68, 0x65, 0x20,
    0x6F, 0x74, 0x68, 0x65, 0x72, 0x77, 0x6F, 0x72, 0x6C, 0x64, 0x6C, 0x79, 0x20, 0x65, 0x6E, 0x65,
    0x72, 0x67, 0x69, 0x65, 0x73, 0x20, 0x74, 0x68, 0x61, 0x74, 0x20, 0x74, 0x72, 0x61, 0x6E, 0x73,
    0x66, 0x6F, 0x72, 0x6D, 0x65, 0x64, 0x20, 0x44, 0x72, 0x61, 0x65, 0x6E, 0x6F, 0x72, 0x20, 0x69,
    0x6E, 0x74, 0x6F, 0x20, 0x4F, 0x75, 0x74, 0x6C, 0x61, 0x6E, 0x64, 0x20, 0x67, 0x61, 0x76, 0x65,
    0x20, 0x74, 0x68, 0x65, 0x73, 0x65, 0x20, 0x63, 0x72, 0x65, 0x61, 0x74, 0x75, 0x72, 0x65, 0x73,
    0x20, 0x74, 0x68, 0x65, 0x20, 0x61, 0x62, 0x69, 0x6C, 0x69, 0x74, 0x79, 0x20, 0x74, 0x6F, 0x20,
    0x73, 0x68, 0x69, 0x66, 0x74, 0x20, 0x74, 0x68, 0x72, 0x6F, 0x75, 0x67, 0x68, 0x20, 0x73, 0x70,
    0x61, 0x63, 0x65, 0x2E, 0x05, 0x40, 0xAA, 0x86, 0x01, 0x00, 0x7C, 0x02, 0x00, 0x00, 0x00, 0x00,
    0x00, 0x00, 0x56, 0x69, 0x72, 0x69, 0x64, 0x69, 0x61, 0x6E, 0x20, 0x50, 0x68, 0x61, 0x73, 0x65,
    0x2D, 0x48, 0x75, 0x6E, 0x74, 0x65, 0x72, 0xB4, 0x01, 0x00, 0x00, 0xA7, 0x00, 0x00, 0x00, 0x3C,
    0x03, 0x00, 0x00, 0x28, 0x00, 0x00, 0x00, 0x00, 0x00, 0x00, 0x00, 0x00, 0x80, 0xC0, 0xB0, 0x00,
    0x2E, 0x80, 0x00, 0x00, 0x05, 0x00, 0x00, 0x00, 0x00, 0x00, 0x00, 0x00, 0x00, 0x00, 0x00, 0x00,
    0x00, 0x00, 0x00, 0x00, 0x00, 0x01, 0x00, 0x00, 0x00, 0xB9, 0x30, 0x11, 0x00, 0x0A, 0x00, 0x00,
    0x00, 0x52, 0x61, 0x63, 0x65, 0x20, 0x43, 0x68, 0x61, 0x6E, 0x67, 0x65, 0x43, 0x68, 0x61, 0x6E,
    0x67, 0x65, 0x20, 0x6F, 0x6E, 0x65, 0x20, 0x63, 0x68, 0x61, 0x72, 0x61, 0x63, 0x74, 0x65, 0x72,
    0x27, 0x73, 0x20, 0x72, 0x61, 0x63, 0x65, 0x20, 0x77, 0x69, 0x74, 0x68, 0x69, 0x6E, 0x20, 0x79,
    0x6F, 0x75, 0x72, 0x20, 0x63, 0x75, 0x72, 0x72, 0x65, 0x6E, 0x74, 0x20, 0x66, 0x61, 0x63, 0x74,
    0x69, 0x6F, 0x6E, 0x2E, 0x20, 0x49, 0x6E, 0x63, 0x6C, 0x75, 0x64, 0x65, 0x73, 0x20, 0x6F, 0x70,
    0x74, 0x69, 0x6F, 0x6E, 0x61, 0x6C, 0x20, 0x4E, 0x61, 0x6D, 0x65, 0x20, 0x43, 0x68, 0x61, 0x6E,
    0x67, 0x65, 0x2E, 0x0D, 0x0A, 0x0D, 0x0A, 0x7C, 0x63, 0x66, 0x66, 0x36, 0x36, 0x62, 0x62, 0x66,
    0x66, 0x53, 0x65, 0x72, 0x76, 0x69, 0x63, 0x65, 0x20, 0x63, 0x61, 0x6E, 0x6E, 0x6F, 0x74, 0x20,
    0x62, 0x65, 0x20, 0x61, 0x70, 0x70, 0x6C, 0x69, 0x65, 0x64, 0x20, 0x74, 0x6F, 0x20, 0x61, 0x20,
    0x63, 0x68, 0x61, 0x72, 0x61, 0x63, 0x74, 0x65, 0x72, 0x20, 0x74, 0x68, 0x61, 0x74, 0x20, 0x63,
    0x6F, 0x6D, 0x70, 0x6C, 0x65, 0x74, 0x65, 0x64, 0x20, 0x61, 0x20, 0x72, 0x61, 0x63, 0x65, 0x20,
    0x6F, 0x72, 0x20, 0x61, 0x20, 0x66, 0x61, 0x63, 0x74, 0x69, 0x6F, 0x6E, 0x20, 0x63, 0x68, 0x61,
    0x6E, 0x67, 0x65, 0x20, 0x69, 0x6E, 0x20, 0x74, 0x68, 0x65, 0x20, 0x70, 0x61, 0x73, 0x74, 0x20,
    0x33, 0x20, 0x44, 0x61, 0x79, 0x73, 0x2E, 0x20, 0x4E, 0x6F, 0x74, 0x20, 0x61, 0x76, 0x61, 0x69,
    0x6C, 0x61, 0x62, 0x6C, 0x65, 0x20, 0x66, 0x6F, 0x72, 0x20, 0x63, 0x6C, 0x61, 0x73, 0x73, 0x65,
    0x73, 0x20, 0x77, 0x69, 0x74, 0x68, 0x20, 0x6F, 0x6E, 0x6C, 0x79, 0x20, 0x6F, 0x6E, 0x65, 0x20,
    0x72, 0x61, 0x63, 0x65, 0x20, 0x6F, 0x70, 0x74, 0x69, 0x6F, 0x6E, 0x20, 0x77, 0x69, 0x74, 0x68,
    0x69, 0x6E, 0x20, 0x61, 0x20, 0x66, 0x61, 0x63, 0x74, 0x69, 0x6F, 0x6E, 0x20, 0x28, 0x44, 0x65,
    0x6D, 0x6F, 0x6E, 0x20, 0x48, 0x75, 0x6E, 0x74, 0x65, 0x72, 0x73, 0x2C, 0x20, 0x45, 0x76, 0x6F,
    0x6B, 0x65, 0x72, 0x73, 0x29, 0x2E, 0x20, 0x43, 0x65, 0x72, 0x74, 0x61, 0x69, 0x6E, 0x20, 0x72,
    0x65, 0x73, 0x74, 0x72, 0x69, 0x63, 0x74, 0x69, 0x6F, 0x6E, 0x73, 0x20, 0x61, 0x70, 0x70, 0x6C,
    0x79, 0x2E, 0x20, 0x56, 0x69, 0x73, 0x69, 0x74, 0x20, 0x73, 0x68, 0x6F, 0x70, 0x2E, 0x62, 0x61,
    0x74, 0x74, 0x6C, 0x65, 0x2E, 0x6E, 0x65, 0x74, 0x20, 0x66, 0x6F, 0x72, 0x20, 0x6D, 0x6F, 0x72,
    0x65, 0x20, 0x69, 0x6E, 0x66, 0x6F, 0x72, 0x6D, 0x61, 0x74, 0x69, 0x6F, 0x6E, 0x2E, 0x7C, 0x72,
    0x00, 0x08, 0x00, 0x00, 0x72, 0x6A, 0x00, 0x00, 0xB5, 0x01, 0x00, 0x00, 0xA7, 0x00, 0x00, 0x00,
    0x3D, 0x03, 0x00, 0x00, 0x29, 0x00, 0x00, 0x00, 0x00, 0x00, 0x00, 0x00, 0x00, 0x80, 0xC0, 0xE0,
    0x00, 0x3A, 0xC0, 0x00, 0x00, 0x05, 0x00, 0x00, 0x00, 0x00, 0x00, 0x00, 0x00, 0x00, 0x00, 0x00,
    0x00, 0x00, 0x00, 0x00, 0x00, 0x00, 0x03, 0x00, 0x00, 0x00, 0xB9, 0x30, 0x11, 0x00, 0x0A, 0x00,
    0x00, 0x00, 0x33, 0x20, 0x52, 0x61, 0x63, 0x65, 0x20, 0x43, 0x68, 0x61, 0x6E, 0x67, 0x65, 0x73,
    0x47, 0x65, 0x74, 0x20, 0x61, 0x20, 0x74, 0x68, 0x72, 0x65, 0x65, 0x2D, 0x70, 0x61, 0x63, 0x6B,
    0x20, 0x6F, 0x66, 0x20, 0x72, 0x61, 0x63, 0x65, 0x20, 0x63, 0x68, 0x61, 0x6E, 0x67, 0x65, 0x73,
    0x20, 0x74, 0x6F, 0x20, 0x73, 0x77, 0x69, 0x74, 0x63, 0x68, 0x20, 0x72, 0x61, 0x63, 0x65, 0x73,
    0x20, 0x6F, 0x66, 0x20, 0x6D, 0x75, 0x6C, 0x74, 0x69, 0x70, 0x6C, 0x65, 0x20, 0x63, 0x68, 0x61,
    0x72, 0x61, 0x63, 0x74, 0x65, 0x72, 0x73, 0x20, 0x77, 0x69, 0x74, 0x68, 0x69, 0x6E, 0x20, 0x74,
    0x68, 0x65, 0x69, 0x72, 0x20, 0x63, 0x75, 0x72, 0x72, 0x65, 0x6E, 0x74, 0x20, 0x66, 0x61, 0x63,
    0x74, 0x69, 0x6F, 0x6E, 0x2E, 0x20, 0x59, 0x6F, 0x75, 0x20, 0x63, 0x61, 0x6E, 0x20, 0x75, 0x73,
    0x65, 0x20, 0x74, 0x68, 0x65, 0x6D, 0x20, 0x61, 0x6C, 0x6C, 0x20, 0x61, 0x74, 0x20, 0x6F, 0x6E,
    0x63, 0x65, 0x20, 0x6F, 0x72, 0x20, 0x73, 0x61, 0x76, 0x65, 0x20, 0x73, 0x6F, 0x6D, 0x65, 0x20,
    0x66, 0x6F, 0x72, 0x20, 0x6C, 0x61, 0x74, 0x65, 0x72, 0x2E, 0x20, 0x49, 0x6E, 0x63, 0x6C, 0x75,
    0x64, 0x65, 0x73, 0x20, 0x6F, 0x70, 0x74, 0x69, 0x6F, 0x6E, 0x61, 0x6C, 0x20, 0x4E, 0x61, 0x6D,
    0x65, 0x20, 0x43, 0x68, 0x61, 0x6E, 0x67, 0x65, 0x2E, 0x0D, 0x0A, 0x0D, 0x0A, 0x7C, 0x63, 0x66,
    0x66, 0x36, 0x36, 0x62, 0x62, 0x66, 0x66, 0x53, 0x65, 0x72, 0x76, 0x69, 0x63, 0x65, 0x20, 0x63,
    0x61, 0x6E, 0x6E, 0x6F, 0x74, 0x20, 0x62, 0x65, 0x20, 0x61, 0x70, 0x70, 0x6C, 0x69, 0x65, 0x64,
    0x20, 0x74, 0x6F, 0x20, 0x61, 0x20, 0x63, 0x68, 0x61, 0x72, 0x61, 0x63, 0x74, 0x65, 0x72, 0x20,
    0x74, 0x68, 0x61, 0x74, 0x20, 0x63, 0x6F, 0x6D, 0x70, 0x6C, 0x65, 0x74, 0x65, 0x64, 0x20, 0x61,
    0x20, 0x72, 0x61, 0x63, 0x65, 0x20, 0x6F, 0x72, 0x20, 0x61, 0x20, 0x66, 0x61, 0x63, 0x74, 0x69,
    0x6F, 0x6E, 0x20, 0x63, 0x68, 0x61, 0x6E, 0x67, 0x65, 0x20, 0x69, 0x6E, 0x20, 0x74, 0x68, 0x65,
    0x20, 0x70, 0x61, 0x73, 0x74, 0x20, 0x33, 0x20, 0x44, 0x61, 0x79, 0x73, 0x2E, 0x20, 0x4E, 0x6F,
    0x74, 0x20, 0x61, 0x76, 0x61, 0x69, 0x6C, 0x61, 0x62, 0x6C, 0x65, 0x20, 0x66, 0x6F, 0x72, 0x20,
    0x63, 0x6C, 0x61, 0x73, 0x73, 0x65, 0x73, 0x20, 0x77, 0x69, 0x74, 0x68, 0x20, 0x6F, 0x6E, 0x6C,
    0x79, 0x20, 0x6F, 0x6E, 0x65, 0x20, 0x72, 0x61, 0x63, 0x65, 0x20, 0x6F, 0x70, 0x74, 0x69, 0x6F,
    0x6E, 0x20, 0x77, 0x69, 0x74, 0x68, 0x69, 0x6E, 0x20, 0x61, 0x20, 0x66, 0x61, 0x63, 0x74, 0x69,
    0x6F, 0x6E, 0x20, 0x28, 0x44, 0x65, 0x6D, 0x6F, 0x6E, 0x20, 0x48, 0x75, 0x6E, 0x74, 0x65, 0x72,
    0x73, 0x2C, 0x20, 0x45, 0x76, 0x6F, 0x6B, 0x65, 0x72, 0x73, 0x29, 0x2E, 0x20, 0x43, 0x65, 0x72,
    0x74, 0x61, 0x69, 0x6E, 0x20, 0x72, 0x65, 0x73, 0x74, 0x72, 0x69, 0x63, 0x74, 0x69, 0x6F, 0x6E,
    0x73, 0x20, 0x61, 0x70, 0x70, 0x6C, 0x79, 0x2E, 0x20, 0x56, 0x69, 0x73, 0x69, 0x74, 0x20, 0x73,
    0x68, 0x6F, 0x70, 0x2E, 0x62, 0x61, 0x74, 0x74, 0x6C, 0x65, 0x2E, 0x6E, 0x65, 0x74, 0x20, 0x66,
    0x6F, 0x72, 0x20, 0x6D, 0x6F, 0x72, 0x65, 0x20, 0x69, 0x6E, 0x66, 0x6F, 0x72, 0x6D, 0x61, 0x74,
    0x69, 0x6F, 0x6E, 0x2E, 0x7C, 0x72, 0x00, 0x08, 0x00, 0x00, 0x72, 0x6A, 0x00, 0x00, 0xB6, 0x01,
    0x00, 0x00, 0xA7, 0x00, 0x00, 0x00, 0x3E, 0x03, 0x00, 0x00, 0x2A, 0x00, 0x00, 0x00, 0x00, 0x00,
    0x00, 0x00, 0x00, 0x80, 0xC0, 0xE0, 0x00, 0x3A, 0x80, 0x00, 0x00, 0x00, 0x00, 0x00, 0x00, 0x00,
    0x00, 0x00, 0x00, 0x00, 0x00, 0x00, 0x00, 0x00, 0x00, 0x00, 0x00, 0x00, 0x06, 0x00, 0x00, 0x00,
    0xB9, 0x30, 0x11, 0x00, 0x0A, 0x00, 0x00, 0x00, 0x36, 0x20, 0x52, 0x61, 0x63, 0x65, 0x20, 0x43,
    0x68, 0x61, 0x6E, 0x67, 0x65, 0x73, 0x47, 0x65, 0x74, 0x20, 0x61, 0x20, 0x73, 0x69, 0x78, 0x2D,
    0x70, 0x61, 0x63, 0x6B, 0x20, 0x6F, 0x66, 0x20, 0x72, 0x61, 0x63, 0x65, 0x20, 0x63, 0x68, 0x61,
    0x6E, 0x67, 0x65, 0x73, 0x20, 0x74, 0x6F, 0x20, 0x73, 0x77, 0x69, 0x74, 0x63, 0x68, 0x20, 0x72,
    0x61, 0x63, 0x65, 0x73, 0x20, 0x6F, 0x66, 0x20, 0x6D, 0x75, 0x6C, 0x74, 0x69, 0x70, 0x6C, 0x65,
    0x20, 0x63, 0x68, 0x61, 0x72, 0x61, 0x63, 0x74, 0x65, 0x72, 0x73, 0x20, 0x77, 0x69, 0x74, 0x68,
    0x69, 0x6E, 0x20, 0x74, 0x68, 0x65, 0x69, 0x72, 0x20, 0x63, 0x75, 0x72, 0x72, 0x65, 0x6E, 0x74,
    0x20, 0x66, 0x61, 0x63, 0x74, 0x69, 0x6F, 0x6E, 0x2E, 0x20, 0x59, 0x6F, 0x75, 0x20, 0x63, 0x61,
    0x6E, 0x20, 0x75, 0x73, 0x65, 0x20, 0x74, 0x68, 0x65, 0x6D, 0x20, 0x61, 0x6C, 0x6C, 0x20, 0x61,
    0x74, 0x20, 0x6F, 0x6E, 0x63, 0x65, 0x20, 0x6F, 0x72, 0x20, 0x73, 0x61, 0x76, 0x65, 0x20, 0x73,
    0x6F, 0x6D, 0x65, 0x20, 0x66, 0x6F, 0x72, 0x20, 0x6C, 0x61, 0x74, 0x65, 0x72, 0x2E, 0x20, 0x49,
    0x6E, 0x63, 0x6C, 0x75, 0x64, 0x65, 0x73, 0x20, 0x6F, 0x70, 0x74, 0x69, 0x6F, 0x6E, 0x61, 0x6C,
    0x20, 0x4E, 0x61, 0x6D, 0x65, 0x20, 0x43, 0x68, 0x61, 0x6E, 0x67, 0x65, 0x2E, 0x0D, 0x0A, 0x0D,
    0x0A, 0x7C, 0x63, 0x66, 0x66, 0x36, 0x36, 0x62, 0x62, 0x66, 0x66, 0x53, 0x65, 0x72, 0x76, 0x69,
    0x63, 0x65, 0x20, 0x63, 0x61, 0x6E, 0x6E, 0x6F, 0x74, 0x20, 0x62, 0x65, 0x20, 0x61, 0x70, 0x70,
    0x6C, 0x69, 0x65, 0x64, 0x20, 0x74, 0x6F, 0x20, 0x61, 0x20, 0x63, 0x68, 0x61, 0x72, 0x61, 0x63,
    0x74, 0x65, 0x72, 0x20, 0x74, 0x68, 0x61, 0x74, 0x20, 0x63, 0x6F, 0x6D, 0x70, 0x6C, 0x65, 0x74,
    0x65, 0x64, 0x20, 0x61, 0x20, 0x72, 0x61, 0x63, 0x65, 0x20, 0x6F, 0x72, 0x20, 0x61, 0x20, 0x66,
    0x61, 0x63, 0x74, 0x69, 0x6F, 0x6E, 0x20, 0x63, 0x68, 0x61, 0x6E, 0x67, 0x65, 0x20, 0x69, 0x6E,
    0x20, 0x74, 0x68, 0x65, 0x20, 0x70, 0x61, 0x73, 0x74, 0x20, 0x33, 0x20, 0x44, 0x61, 0x79, 0x73,
    0x2E, 0x20, 0x4E, 0x6F, 0x74, 0x20, 0x61, 0x76, 0x61, 0x69, 0x6C, 0x61, 0x62, 0x6C, 0x65, 0x20,
    0x66, 0x6F, 0x72, 0x20, 0x63, 0x6C, 0x61, 0x73, 0x73, 0x65, 0x73, 0x20, 0x77, 0x69, 0x74, 0x68,
    0x20, 0x6F, 0x6E, 0x6C, 0x79, 0x20, 0x6F, 0x6E, 0x65, 0x20, 0x72, 0x61, 0x63, 0x65, 0x20, 0x6F,
    0x70, 0x74, 0x69, 0x6F, 0x6E, 0x20, 0x77, 0x69, 0x74, 0x68, 0x69, 0x6E, 0x20, 0x61, 0x20, 0x66,
    0x61, 0x63, 0x74, 0x69, 0x6F, 0x6E, 0x20, 0x28, 0x44, 0x65, 0x6D, 0x6F, 0x6E, 0x20, 0x48, 0x75,
    0x6E, 0x74, 0x65, 0x72, 0x73, 0x2C, 0x20, 0x45, 0x76, 0x6F, 0x6B, 0x65, 0x72, 0x73, 0x29, 0x2E,
    0x20, 0x43, 0x65, 0x72, 0x74, 0x61, 0x69, 0x6E, 0x20, 0x72, 0x65, 0x73, 0x74, 0x72, 0x69, 0x63,
    0x74, 0x69, 0x6F, 0x6E, 0x73, 0x20, 0x61, 0x70, 0x70, 0x6C, 0x79, 0x2E, 0x20, 0x56, 0x69, 0x73,
    0x69, 0x74, 0x20, 0x73, 0x68, 0x6F, 0x70, 0x2E, 0x62, 0x61, 0x74, 0x74, 0x6C, 0x65, 0x2E, 0x6E,
    0x65, 0x74, 0x20, 0x66, 0x6F, 0x72, 0x20, 0x6D, 0x6F, 0x72, 0x65, 0x20, 0x69, 0x6E, 0x66, 0x6F,
    0x72, 0x6D, 0x61, 0x74, 0x69, 0x6F, 0x6E, 0x2E, 0x7C, 0x72, 0xBD, 0x01, 0x00, 0x00, 0x8B, 0x00,
    0x00, 0x00, 0x4F, 0x03, 0x00, 0x00, 0x2E, 0x00, 0x00, 0x00, 0x00, 0x00, 0x00, 0x00, 0x00, 0x80,
    0xC1, 0xC0, 0x00, 0x00, 0x00, 0x00, 0x00, 0x04, 0x00, 0x00, 0x00, 0x00, 0x01, 0x00, 0x00, 0x00,
    0x09, 0x00, 0x00, 0x00, 0x00, 0x00, 0x00, 0x00, 0x00, 0x00, 0x00, 0x00, 0xA4, 0xB0, 0x4D, 0x00,
    0xA4, 0x01, 0x00, 0x00, 0x57, 0x61, 0x76, 0x65, 0x62, 0x6F, 0x72, 0x6E, 0x65, 0x20, 0x44, 0x69,
    0x70, 0x6C, 0x6F, 0x6D, 0x61, 0x74, 0x27, 0x73, 0x20, 0x52, 0x65, 0x67, 0x61, 0x6C, 0x69, 0x61,
    0x10, 0x00, 0x00, 0x00, 0x07, 0x00, 0x00, 0x00, 0x00, 0x00, 0x25, 0x01, 0x00, 0x00, 0x29, 0x0B,
    0x00, 0x00, 0x57, 0x61, 0x76, 0x65, 0x62, 0x6F, 0x72, 0x6E, 0x65, 0x20, 0x44, 0x69, 0x70, 0x6C,
    0x6F, 0x6D, 0x61, 0x74, 0x27, 0x73, 0x20, 0x52, 0x65, 0x67, 0x61, 0x6C, 0x69, 0x61, 0xCE, 0x01,
    0x00, 0x00, 0x0F, 0x00, 0x00, 0x00, 0x90, 0x03, 0x00, 0x00, 0x42, 0x00, 0x00, 0x00, 0x00, 0x00,
    0x00, 0x00, 0x00, 0x80, 0x41, 0x40, 0x00, 0x00, 0x00, 0x91, 0x00, 0x00, 0x00, 0x00, 0x00, 0x00,
    0x01, 0x00, 0x00, 0x00, 0x00, 0x00, 0x00, 0x00, 0x00, 0x00, 0x00, 0x00, 0x00, 0x00, 0x00, 0x00,
    0xB9, 0x02, 0x00, 0x00, 0x57, 0x6F, 0x6E, 0x64, 0x72, 0x6F, 0x75, 0x73, 0x20, 0x57, 0x61, 0x76,
    0x65, 0x77, 0x68, 0x69, 0x73, 0x6B, 0x65, 0x72, 0x54, 0x68, 0x65, 0x79, 0x20, 0x73, 0x61, 0x79,
    0x20, 0x6F, 0x6E, 0x65, 0x20, 0x6F, 0x66, 0x20, 0x74, 0x68, 0x65, 0x73, 0x65, 0x20, 0x6D, 0x61,
    0x67, 0x69, 0x63, 0x61, 0x6C, 0x20, 0x66, 0x69, 0x73, 0x68, 0x20, 0x69, 0x73, 0x20, 0x62, 0x6F,
    0x72, 0x6E, 0x20, 0x77, 0x68, 0x65, 0x6E, 0x20, 0x61, 0x20, 0x66, 0x69, 0x73, 0x68, 0x65, 0x72,
    0x66, 0x6F, 0x6C, 0x6B, 0x20, 0x64, 0x72, 0x65, 0x61, 0x6D, 0x73, 0x20, 0x6F, 0x66, 0x20, 0x74,
    0x68, 0x65, 0x20, 0x6F, 0x6E, 0x65, 0x20, 0x74, 0x68, 0x61, 0x74, 0x20, 0x67, 0x6F, 0x74, 0x20,
    0x61, 0x77, 0x61, 0x79, 0x2E, 0x2E, 0x2E, 0x20, 0x61, 0x6E, 0x64, 0x20, 0x67, 0x72, 0x6F, 0x77,
    0x73, 0x20, 0x62, 0x69, 0x67, 0x67, 0x65, 0x72, 0x20, 0x77, 0x69, 0x74, 0x68, 0x20, 0x65, 0x61,
    0x63, 0x68, 0x20, 0x72, 0x65, 0x74, 0x65, 0x6C, 0x6C, 0x69, 0x6E, 0x67, 0x20, 0x6F, 0x66, 0x20,
    0x74, 0x68, 0x65, 0x20, 0x74, 0x61, 0x6C, 0x65, 0x2E, 0x05, 0x00, 0x00, 0xB1, 0x01, 0x00, 0xB8,
    0x02, 0x00, 0x00, 0x00, 0x00, 0x00, 0x00, 0x57, 0x6F, 0x6E, 0x64, 0x72, 0x6F, 0x75, 0x73, 0x20,
    0x57, 0x61, 0x76, 0x65, 0x77, 0x68, 0x69, 0x73, 0x6B, 0x65, 0x72, 0xD0, 0x01, 0x00, 0x00, 0x0F,
    0x00, 0x00, 0x00, 0x97, 0x03, 0x00, 0x00, 0x41, 0x00, 0x00, 0x00, 0x00, 0x00, 0x00, 0x00, 0x00,
    0x80, 0xC1, 0xE0, 0x00, 0x00, 0x00, 0xE7, 0x00, 0x00, 0x00, 0x00, 0x00, 0x00, 0x02, 0x00, 0x00,
    0x00, 0x00, 0x00, 0x00, 0x00, 0x00, 0x00, 0x00, 0x00, 0x00, 0x00, 0x00, 0x00, 0x02, 0x1E, 0x40,
    0x00, 0xC2, 0x02, 0x00, 0x00, 0x41, 0x72, 0x6D, 0x6F, 0x72, 0x65, 0x64, 0x20, 0x53, 0x69, 0x65,
    0x67, 0x65, 0x20, 0x4B, 0x6F, 0x64, 0x6F, 0x20, 0x26, 0x20, 0x43, 0x72, 0x75, 0x73, 0x68, 0x68,
    0x6F, 0x6F, 0x66, 0x41, 0x64, 0x64, 0x20, 0x61, 0x20, 0x6E, 0x65, 0x77, 0x20, 0x6B, 0x6F, 0x64,
    0x6F, 0x2D, 0x72, 0x61, 0x62, 0x6C, 0x65, 0x20, 0x70, 0x65, 0x74, 0x20, 0x61, 0x6E, 0x64, 0x20,
    0x6D, 0x6F, 0x75, 0x6E, 0x74, 0x20, 0x70, 0x61, 0x63, 0x6B, 0x20, 0x74, 0x6F, 0x20, 0x79, 0x6F,
    0x75, 0x72, 0x20, 0x43, 0x6F, 0x6C, 0x6C, 0x65, 0x63, 0x74, 0x69, 0x6F, 0x6E, 0x21, 0x20, 0x57,
    0x68, 0x65, 0x74, 0x68, 0x65, 0x72, 0x20, 0x79, 0x6F, 0x75, 0x27, 0x72, 0x65, 0x20, 0x72, 0x69,
    0x64, 0x69, 0x6E, 0x67, 0x20, 0x74, 0x68, 0x65, 0x20, 0x41, 0x72, 0x6D, 0x6F, 0x72, 0x65, 0x64,
    0x20, 0x53, 0x69, 0x65, 0x67, 0x65, 0x20, 0x4B, 0x6F, 0x64, 0x6F, 0x20, 0x69, 0x6E, 0x74, 0x6F,
    0x20, 0x62, 0x61, 0x74, 0x74, 0x6C, 0x65, 0x2C, 0x20, 0x6F, 0x72, 0x20, 0x66, 0x72, 0x6F, 0x6C,
    0x69, 0x63, 0x6B, 0x69, 0x6E, 0x67, 0x20, 0x61, 0x62, 0x6F, 0x75, 0x74, 0x20, 0x77, 0x69, 0x74,
    0x68, 0x20, 0x74, 0x68, 0x65, 0x20, 0x43, 0x72, 0x75, 0x73, 0x68, 0x68, 0x6F, 0x6F, 0x66, 0x20,
    0x70, 0x65, 0x74, 0x2C, 0x20, 0x6F, 0x6E, 0x65, 0x20, 0x74, 0x68, 0x69, 0x6E, 0x67, 0x27, 0x73,
    0x20, 0x66, 0x6F, 0x72, 0x20, 0x73, 0x75, 0x72, 0x65, 0x2D, 0x2D, 0x74, 0x68, 0x65, 0x73, 0x65,
    0x20, 0x6D, 0x69, 0x67, 0x68, 0x74, 0x79, 0x20, 0x62, 0x65, 0x61, 0x73, 0x74, 0x73, 0x20, 0x77,
    0x69, 0x6C, 0x6C, 0x20, 0x61, 0x6C, 0x77, 0x61, 0x79, 0x73, 0x20, 0x68, 0x61, 0x76, 0x65, 0x20,
    0x79, 0x6F, 0x75, 0x72, 0x20, 0x62, 0x61, 0x63, 0x6B, 0x2E, 0x04, 0x80, 0x56, 0x99, 0x01, 0x00,
    0x4D, 0x00, 0x00, 0x00, 0x00, 0x00, 0x00, 0x00, 0x41, 0x72, 0x6D, 0x6F, 0x72, 0x65, 0x64, 0x20,
    0x53, 0x69, 0x65, 0x67, 0x65, 0x20, 0x4B, 0x6F, 0x64, 0x6F, 0x02, 0x40, 0xD1, 0x9B, 0x01, 0x00,
    0x0A, 0x00, 0x00, 0x00, 0x00, 0x00, 0x00, 0x00, 0x43, 0x72, 0x75, 0x73, 0x68, 0x68, 0x6F, 0x6F,
    0x66, 0xD1, 0x01, 0x00, 0x00, 0x0D, 0x00, 0x00, 0x00, 0x97, 0x03, 0x00, 0x00, 0x49, 0x00, 0x00,
    0x00, 0x00, 0x00, 0x00, 0x00, 0x00, 0x80, 0xC1, 0xE0, 0x00, 0x00, 0x00, 0xE7, 0x00, 0x00, 0x00,
    0x00, 0x00, 0x00, 0x02, 0x00, 0x00, 0x00, 0x00, 0x00, 0x00, 0x00, 0x00, 0x00, 0x00, 0x00, 0x00,
    0x00, 0x00, 0x00, 0x02, 0x1E, 0x40, 0x00, 0xC2, 0x02, 0x00, 0x00, 0x41, 0x72, 0x6D, 0x6F, 0x72,
    0x65, 0x64, 0x20, 0x53, 0x69, 0x65, 0x67, 0x65, 0x20, 0x4B, 0x6F, 0x64, 0x6F, 0x20, 0x26, 0x20,
    0x43, 0x72, 0x75, 0x73, 0x68, 0x68, 0x6F, 0x6F, 0x66, 0x41, 0x64, 0x64, 0x20, 0x61, 0x20, 0x6E,
    0x65, 0x77, 0x20, 0x6B, 0x6F, 0x64, 0x6F, 0x2D, 0x72, 0x61, 0x62, 0x6C, 0x65, 0x20, 0x70, 0x65,
    0x74, 0x20, 0x61, 0x6E, 0x64, 0x20, 0x6D, 0x6F, 0x75, 0x6E, 0x74, 0x20, 0x70, 0x61, 0x63, 0x6B,
    0x20, 0x74, 0x6F, 0x20, 0x79, 0x6F, 0x75, 0x72, 0x20, 0x43, 0x6F, 0x6C, 0x6C, 0x65, 0x63, 0x74,
    0x69, 0x6F, 0x6E, 0x21, 0x20, 0x57, 0x68, 0x65, 0x74, 0x68, 0x65, 0x72, 0x20, 0x79, 0x6F, 0x75,
    0x27, 0x72, 0x65, 0x20, 0x72, 0x69, 0x64, 0x69, 0x6E, 0x67, 0x20, 0x74, 0x68, 0x65, 0x20, 0x41,
    0x72, 0x6D, 0x6F, 0x72, 0x65, 0x64, 0x20, 0x53, 0x69, 0x65, 0x67, 0x65, 0x20, 0x4B, 0x6F, 0x64,
    0x6F, 0x20, 0x69, 0x6E, 0x74, 0x6F, 0x20, 0x62, 0x61, 0x74, 0x74, 0x6C, 0x65, 0x2C, 0x20, 0x6F,
    0x72, 0x20, 0x66, 0x72, 0x6F, 0x6C, 0x69, 0x63, 0x6B, 0x69, 0x6E, 0x67, 0x20, 0x61, 0x62, 0x6F,
    0x75, 0x74, 0x20, 0x77, 0x69, 0x74, 0x68, 0x20, 0x74, 0x68, 0x65, 0x20, 0x43, 0x72, 0x75, 0x73,
    0x68, 0x68, 0x6F, 0x6F, 0x66, 0x20, 0x70, 0x65, 0x74, 0x2C, 0x20, 0x6F, 0x6E, 0x65, 0x20, 0x74,
    0x68, 0x69, 0x6E, 0x67, 0x27, 0x73, 0x20, 0x66, 0x6F, 0x72, 0x20, 0x73, 0x75, 0x72, 0x65, 0x2D,
    0x2D, 0x74, 0x68, 0x65, 0x73, 0x65, 0x20, 0x6D, 0x69, 0x67, 0x68, 0x74, 0x79, 0x20, 0x62, 0x65,
    0x61, 0x73, 0x74, 0x73, 0x20, 0x77, 0x69, 0x6C, 0x6C, 0x20, 0x61, 0x6C, 0x77, 0x61, 0x79, 0x73,
    0x20, 0x68, 0x61, 0x76, 0x65, 0x20, 0x79, 0x6F, 0x75, 0x72, 0x20, 0x62, 0x61, 0x63, 0x6B, 0x2E,
    0x04, 0x80, 0x56, 0x99, 0x01, 0x00, 0x4D, 0x00, 0x00, 0x00, 0x00, 0x00, 0x00, 0x00, 0x41, 0x72,
    0x6D, 0x6F, 0x72, 0x65, 0x64, 0x20, 0x53, 0x69, 0x65, 0x67, 0x65, 0x20, 0x4B, 0x6F, 0x64, 0x6F,
    0x02, 0x40, 0xD1, 0x9B, 0x01, 0x00, 0x0A, 0x00, 0x00, 0x00, 0x00, 0x00, 0x00, 0x00, 0x43, 0x72,
    0x75, 0x73, 0x68, 0x68, 0x6F, 0x6F, 0x66, 0xFE, 0x01, 0x00, 0x00, 0x0F, 0x00, 0x00, 0x00, 0x20,
    0x04, 0x00, 0x00, 0x40, 0x00, 0x00, 0x00, 0x00, 0x00, 0x00, 0x00, 0x00, 0x80, 0xC1, 0x30, 0x00,
    0x00, 0x00, 0x64, 0x00, 0x00, 0x00, 0x00, 0x00, 0x00, 0x01, 0x00, 0x00, 0x00, 0x00, 0x00, 0x00,
    0x00, 0x00, 0x00, 0x00, 0x00, 0x00, 0x00, 0x00, 0x00, 0x86, 0x81, 0x3E, 0x00, 0x36, 0x03, 0x00,
    0x00, 0x54, 0x61, 0x6E, 0x67, 0x6C, 0x65, 0x64, 0x20, 0x44, 0x72, 0x65, 0x61, 0x6D, 0x77, 0x65,
    0x61, 0x76, 0x65, 0x72, 0x54, 0x68, 0x65, 0x20, 0x6C, 0x61, 0x73, 0x74, 0x20, 0x6F, 0x66, 0x20,
    0x74, 0x68, 0x65, 0x20, 0x73, 0x6C, 0x65, 0x65, 0x70, 0x65, 0x72, 0x73, 0x20, 0x69, 0x73, 0x20,
    0x66, 0x69, 0x6E, 0x61, 0x6C, 0x6C, 0x79, 0x20, 0x61, 0x77, 0x61, 0x6B, 0x65, 0x6E, 0x69, 0x6E,
    0x67, 0x2C, 0x20, 0x62, 0x72, 0x69, 0x6E, 0x67, 0x69, 0x6E, 0x67, 0x20, 0x74, 0x68, 0x65, 0x20,
    0x64, 0x72, 0x65, 0x61, 0x6D, 0x73, 0x20, 0x6F, 0x66, 0x20, 0x74, 0x68, 0x65, 0x20, 0x64, 0x72,
    0x61, 0x67, 0x6F, 0x6E, 0x73, 0x20, 0x62, 0x61, 0x63, 0x6B, 0x20, 0x74, 0x6F, 0x20, 0x74, 0x68,
    0x65, 0x20, 0x6C, 0x61, 0x6E, 0x64, 0x73, 0x2E, 0x04, 0xC0, 0x9C, 0x8F, 0x01, 0x00, 0xD0, 0x01,
    0x00, 0x00, 0x00, 0x00, 0x00, 0x00, 0x54, 0x61, 0x6E, 0x67, 0x6C, 0x65, 0x64, 0x20, 0x44, 0x72,
    0x65, 0x61, 0x6D, 0x77, 0x65, 0x61, 0x76, 0x65, 0x72, 0xFF, 0x01, 0x00, 0x00, 0x8A, 0x00, 0x00,
    0x00, 0x25, 0x04, 0x00, 0x00, 0x01, 0x00, 0x00, 0x00, 0x00, 0x00, 0x00, 0x00, 0x00, 0x80, 0xC1,
    0xE0, 0x00, 0x06, 0xC0, 0x00, 0x00, 0x04, 0x00, 0x00, 0x00, 0x00, 0x00, 0x00, 0x00, 0x00, 0x00,
    0x00, 0x00, 0x00, 0x00, 0x00, 0x00, 0x00, 0x00, 0x00, 0x00, 0x00, 0x8C, 0x11, 0x2F, 0x00, 0x0A,
    0x00, 0x00, 0x00, 0x45, 0x74, 0x65, 0x72, 0x6E, 0x61, 0x6C, 0x20, 0x54, 0x72, 0x61, 0x76, 0x65,
    0x6C, 0x65, 0x72, 0x27, 0x73, 0x20, 0x48, 0x65, 0x61, 0x72, 0x74, 0x68, 0x73, 0x74, 0x6F, 0x6E,
    0x65, 0x52, 0x65, 0x74, 0x75, 0x72, 0x6E, 0x20, 0x68, 0x6F, 0x6D, 0x65, 0x20, 0x76, 0x69, 0x61,
    0x20, 0x74, 0x68, 0x65, 0x20, 0x61, 0x6E, 0x69, 0x6D, 0x61, 0x20, 0x70, 0x61, 0x74, 0x68, 0x77,
    0x61, 0x79, 0x73, 0x20, 0x6F, 0x66, 0x20, 0x74, 0x68, 0x65, 0x20, 0x53, 0x68, 0x61, 0x64, 0x6F,
    0x77, 0x6C, 0x61, 0x6E, 0x64, 0x73, 0x2E, 0x82, 0x00, 0x00, 0x00, 0x00, 0x02, 0x00, 0x00, 0x8A,
    0x00, 0x00, 0x00, 0x22, 0x04, 0x00, 0x00, 0x02, 0x00, 0x00, 0x00, 0x00, 0x00, 0x00, 0x00, 0x00,
    0x80, 0xC1, 0x80, 0x00, 0x07, 0xA0, 0x00, 0x00, 0x04, 0x00, 0x00, 0x00, 0x00, 0x00, 0x00, 0x00,
    0x00, 0x00, 0x00, 0x00, 0x00, 0x00, 0x00, 0x00, 0x00, 0x00, 0x00, 0x00, 0x00, 0x2A, 0xC1, 0x45,
    0x00, 0x0A, 0x00, 0x00, 0x00, 0x54, 0x69, 0x6D, 0x65, 0x77, 0x61, 0x6C, 0x6B, 0x65, 0x72, 0x27,
    0x73, 0x20, 0x48, 0x65, 0x61, 0x72, 0x74, 0x68, 0x73, 0x74, 0x6F, 0x6E, 0x65, 0x54, 0x72, 0x61,
    0x76, 0x65, 0x6C, 0x20, 0x74, 0x68, 0x72, 0x6F, 0x75, 0x67, 0x68, 0x20, 0x74, 0x68, 0x65, 0x20,
    0x73, 0x61, 0x6E, 0x64, 0x73, 0x20, 0x6F, 0x66, 0x20, 0x74, 0x69, 0x6D, 0x65, 0x20, 0x74, 0x6F,
    0x20, 0x61, 0x20, 0x70, 0x6C, 0x61, 0x63, 0x65, 0x20, 0x79, 0x6F, 0x75, 0x20, 0x6F, 0x6E, 0x63,
    0x65, 0x20, 0x76, 0x69, 0x73, 0x69, 0x74, 0x65, 0x64, 0x2E, 0x82, 0x00, 0x00, 0x00, 0x01, 0x02,
    0x00, 0x00, 0x8B, 0x00, 0x00, 0x00, 0x24, 0x04, 0x00, 0x00, 0x2D, 0x00, 0x00, 0x00, 0x00, 0x00,
    0x00, 0x00, 0x00, 0x80, 0xC1, 0x20, 0x00, 0x00, 0x00, 0x92, 0x00, 0x04, 0x00, 0x00, 0x00, 0x00,
    0x01, 0x00, 0x00, 0x00, 0x09, 0x00, 0x00, 0x00, 0x00, 0x00, 0x00, 0x00, 0x00, 0x00, 0x00, 0x00,
    0x68, 0xF4, 0x3F, 0x00, 0xA4, 0x01, 0x00, 0x00, 0x57, 0x69, 0x6E, 0x67, 0x73, 0x20, 0x6F, 0x66,
    0x20, 0x41, 0x77, 0x61, 0x6B, 0x65, 0x6E, 0x69, 0x6E, 0x67, 0x4E, 0x6F, 0x20, 0x6D, 0x61, 0x74,
    0x74, 0x65, 0x72, 0x20, 0x74, 0x68, 0x65, 0x20, 0x64, 0x72, 0x61, 0x67, 0x6F, 0x6E, 0x66, 0x6C,
    0x69, 0x67, 0x68, 0x74, 0x20, 0x79, 0x6F, 0x75, 0x20, 0x72, 0x69, 0x64, 0x65, 0x20, 0x77, 0x69,
    0x74, 0x68, 0x2C, 0x20, 0x74, 0x68, 0x69, 0x73, 0x20, 0x62, 0x61, 0x63, 0x6B, 0x2D, 0x73, 0x6C,
    0x6F, 0x74, 0x20, 0x74, 0x72, 0x61, 0x6E, 0x73, 0x6D, 0x6F, 0x67, 0x20, 0x69, 0x74, 0x65, 0x6D,
    0x20, 0x63, 0x6F, 0x6D, 0x69, 0x6E, 0x67, 0x20, 0x69, 0x6E, 0x20, 0x66, 0x69, 0x76, 0x65, 0x20,
    0x63, 0x6F, 0x6C, 0x6F, 0x72, 0x20, 0x76, 0x61, 0x72, 0x69, 0x61, 0x6E, 0x74, 0x73, 0x20, 0x6F,
    0x66, 0x66, 0x65, 0x72, 0x73, 0x20, 0x61, 0x6E, 0x20, 0x6F, 0x70, 0x74, 0x69, 0x6F, 0x6E, 0x20,
    0x66, 0x6F, 0x72, 0x20, 0x65, 0x76, 0x65, 0x72, 0x79, 0x20, 0x64, 0x72, 0x61, 0x63, 0x6F, 0x6E,
    0x69, 0x63, 0x20, 0x6F, 0x63, 0x63, 0x61, 0x73, 0x69, 0x6F, 0x6E, 0x2E, 0x10, 0x00, 0x00, 0x00,
    0x04, 0x80, 0x00, 0x00, 0x00, 0x00, 0xD1, 0x01, 0x00, 0x00, 0xF5, 0x08, 0x00, 0x00, 0x57, 0x69,
    0x6E, 0x67, 0x73, 0x20, 0x6F, 0x66, 0x20, 0x41, 0x77, 0x61, 0x6B, 0x65, 0x6E, 0x69, 0x6E, 0x67,
    0x02, 0x02, 0x00, 0x00, 0x8B, 0x00, 0x00, 0x00, 0x23, 0x04, 0x00, 0x00, 0x2E, 0x00, 0x00, 0x00,
    0x00, 0x00, 0x00, 0x00, 0x00, 0x80, 0xC1, 0xA0, 0x00, 0x00, 0x00, 0x7D, 0x00, 0x04, 0x00, 0x00,
    0x00, 0x00, 0x01, 0x00, 0x00, 0x00, 0x09, 0x00, 0x00, 0x00, 0x00, 0x00, 0x00, 0x00, 0x00, 0x00,
    0x00, 0x00, 0xD5, 0x5D, 0x45, 0x00, 0xA4, 0x01, 0x00, 0x00, 0x44, 0x69, 0x61, 0x64, 0x65, 0x6D,
    0x20, 0x6F, 0x66, 0x20, 0x74, 0x68, 0x65, 0x20, 0x53, 0x70, 0x65, 0x6C, 0x6C, 0x2D, 0x4B, 0x65,
    0x65, 0x70, 0x65, 0x72, 0x41, 0x20, 0x63, 0x72, 0x6F, 0x77, 0x6E, 0x20, 0x6F, 0x6E, 0x63, 0x65,
    0x20, 0x77, 0x6F, 0x72, 0x6E, 0x20, 0x62, 0x79, 0x20, 0x53, 0x69, 0x6E, 0x64, 0x72, 0x61, 0x67,
    0x6F, 0x73, 0x61, 0x20, 0x68, 0x65, 0x72, 0x73, 0x65, 0x6C, 0x66, 0x2C, 0x20, 0x74, 0x68, 0x69,
    0x73, 0x20, 0x68, 0x65, 0x61, 0x64, 0x2D, 0x73, 0x6C, 0x6F, 0x74, 0x20, 0x74, 0x72, 0x61, 0x6E,
    0x73, 0x6D, 0x6F, 0x67, 0x20, 0x72, 0x61, 0x64, 0x69, 0x61, 0x74, 0x65, 0x73, 0x20, 0x77, 0x69,
    0x74, 0x68, 0x20, 0x74, 0x68, 0x65, 0x20, 0x6D, 0x61, 0x67, 0x69, 0x63, 0x61, 0x6C, 0x20, 0x65,
    0x6E, 0x65, 0x72, 0x67, 0x69, 0x65, 0x73, 0x20, 0x6F, 0x66, 0x20, 0x74, 0x68, 0x65, 0x20, 0x42,
    0x6C, 0x75, 0x65, 0x20, 0x44, 0x72, 0x61, 0x67, 0x6F, 0x6E, 0x66, 0x6C, 0x69, 0x67, 0x68, 0x74,
    0x2E, 0x10, 0x00, 0x00, 0x00, 0x06, 0x80, 0x00, 0x00, 0x00, 0x00, 0x25, 0x01, 0x00, 0x00, 0xB8,
    0x09, 0x00, 0x00, 0x44, 0x69, 0x61, 0x64, 0x65, 0x6D, 0x20, 0x6F, 0x66, 0x20, 0x74, 0x68, 0x65,
    0x20, 0x53, 0x70, 0x65, 0x6C, 0x6C, 0x2D, 0x4B, 0x65, 0x65, 0x70, 0x65, 0x72, 0x03, 0x02, 0x00,
    0x00, 0x0F, 0x00, 0x00, 0x00, 0x2A, 0x04, 0x00, 0x00, 0x3F, 0x00, 0x00, 0x00, 0x00, 0x00, 0x00,
    0x00, 0x00, 0x80, 0xC1, 0x40, 0x00, 0x00, 0x00, 0x8D, 0x00, 0x04, 0x00, 0x00, 0x00, 0x00, 0x01,
    0x00, 0x00, 0x00, 0x00, 0x00, 0x00, 0x00, 0x00, 0x00, 0x00, 0x00, 0x00, 0x00, 0x00, 0x00, 0x42,
    0x71, 0x4E, 0x00, 0x37, 0x03, 0x00, 0x00, 0x41, 0x75, 0x73, 0x70, 0x69, 0x63, 0x69, 0x6F, 0x75,
    0x73, 0x20, 0x41, 0x72, 0x62, 0x6F, 0x72, 0x77, 0x79, 0x72, 0x6D, 0x53, 0x70, 0x72, 0x6F, 0x75,
    0x74, 0x69, 0x6E, 0x67, 0x20, 0x74, 0x6F, 0x20, 0x6C, 0x69, 0x66, 0x65, 0x20, 0x6F, 0x6E, 0x6C,
    0x79, 0x20, 0x6F, 0x6E, 0x63, 0x65, 0x20, 0x65, 0x76, 0x65, 0x72, 0x79, 0x20, 0x73, 0x69, 0x78,
    0x74, 0x79, 0x20, 0x79, 0x65, 0x61, 0x72, 0x73, 0x2C, 0x20, 0x74, 0x68, 0x69, 0x73, 0x20, 0x6C,
    0x69, 0x76, 0x69, 0x6E, 0x67, 0x20, 0x77, 0x6F, 0x6F, 0x64, 0x65, 0x6E, 0x20, 0x64, 0x72, 0x61,
    0x67, 0x6F, 0x6E, 0x20, 0x63, 0x6F, 0x6D, 0x62, 0x69, 0x6E, 0x65, 0x73, 0x20, 0x74, 0x68, 0x65,
    0x20, 0x70, 0x61, 0x74, 0x69, 0x65, 0x6E, 0x63, 0x65, 0x20, 0x6F, 0x66, 0x20, 0x61, 0x20, 0x74,
    0x72, 0x65, 0x65, 0x20, 0x61, 0x6E, 0x64, 0x20, 0x74, 0x68, 0x65, 0x20, 0x67, 0x72, 0x61, 0x63,
    0x65, 0x20, 0x6F, 0x66, 0x20, 0x61, 0x20, 0x64, 0x72, 0x61, 0x67, 0x6F, 0x6E, 0x20, 0x69, 0x6E,
    0x20, 0x66, 0x6C, 0x69, 0x67, 0x68, 0x74, 0x2E, 0x10, 0x00, 0x00, 0x00, 0x05, 0x00, 0x1C, 0xBC,
    0x01, 0x00, 0x38, 0x03, 0x00, 0x00, 0x00, 0x00, 0x00, 0x00, 0x41, 0x75, 0x73, 0x70, 0x69, 0x63,
    0x69, 0x6F, 0x75, 0x73, 0x20, 0x41, 0x72, 0x62, 0x6F, 0x72, 0x77, 0x79, 0x72, 0x6D, 0x09, 0x02,
    0x00, 0x00, 0x8A, 0x00, 0x00, 0x00, 0x2C, 0x04, 0x00, 0x00, 0x00, 0x00, 0x00, 0x00, 0x00, 0x00,
    0x00, 0x00, 0x00, 0x80, 0xC1, 0x30, 0x00, 0x12, 0x00, 0x00, 0x00, 0x04, 0x00, 0x00, 0x00, 0x00,
    0x00, 0x00, 0x00, 0x00, 0x00, 0x00, 0x00, 0x00, 0x00, 0x00, 0x00, 0x00, 0x00, 0x00, 0x00, 0x00,
    0x49, 0x7E, 0x04, 0x00, 0x0A, 0x00, 0x00, 0x00, 0x4D, 0x61, 0x67, 0x69, 0x63, 0x61, 0x6C, 0x20,
    0x4D, 0x75, 0x72, 0x6B, 0x6D, 0x6F, 0x72, 0x70, 0x68, 0x65, 0x72, 0x54, 0x65, 0x6D, 0x70, 0x6F,
    0x72, 0x61, 0x72, 0x69, 0x6C, 0x79, 0x20, 0x63, 0x68, 0x61, 0x6E, 0x67, 0x65, 0x20, 0x79, 0x6F,
    0x75, 0x72, 0x20, 0x61, 0x70, 0x70, 0x65, 0x61, 0x72, 0x61, 0x6E, 0x63, 0x65, 0x20, 0x69, 0x6E,
    0x74, 0x6F, 0x20, 0x61, 0x6E, 0x20, 0x65, 0x76, 0x65, 0x72, 0x2D, 0x70, 0x6F, 0x70, 0x75, 0x6C,
    0x61, 0x72, 0x20, 0x57, 0x65, 0x73, 0x74, 0x66, 0x61, 0x6C, 0x6C, 0x20, 0x53, 0x74, 0x6F, 0x72,
    0x79, 0x20, 0x4D, 0x75, 0x72, 0x6C, 0x6F, 0x63, 0x20, 0x6F, 0x72, 0x20, 0x6F, 0x74, 0x68, 0x65,
    0x72, 0x20, 0x72, 0x61, 0x6E, 0x64, 0x6F, 0x6D, 0x20, 0x63, 0x6F, 0x6C, 0x6F, 0x72, 0x66, 0x75,
    0x6C, 0x20, 0x76, 0x61, 0x72, 0x69, 0x61, 0x6E, 0x74, 0x73, 0x20, 0x6F, 0x66, 0x20, 0x74, 0x68,
    0x65, 0x20, 0x61, 0x6D, 0x70, 0x68, 0x69, 0x62, 0x69, 0x6F, 0x75, 0x73, 0x20, 0x62, 0x69, 0x70,
    0x65, 0x64, 0x20, 0x76, 0x61, 0x72, 0x69, 0x65, 0x74, 0x79, 0x2E, 0x82, 0x00, 0x00, 0x00, 0x1E,
    0x02, 0x00, 0x00, 0x0F, 0x00, 0x00, 0x00, 0x5F, 0x04, 0x00, 0x00, 0x3E, 0x00, 0x00, 0x00, 0x00,
    0x00, 0x00, 0x00, 0x00, 0x80, 0xC1, 0x00, 0x00, 0x00, 0x00, 0xB8, 0x00, 0x00, 0x00, 0x00, 0x00,
    0x00, 0x01, 0x00, 0x00, 0x00, 0x00, 0x00, 0x00, 0x00, 0x00, 0x00, 0x00, 0x00, 0x00, 0x00, 0x00,
    0x00, 0xE8, 0xF6, 0x55, 0x00, 0x88, 0x03, 0x00, 0x00, 0x43, 0x68, 0x61, 0x72, 0x6D, 0x69, 0x6E,
    0x67, 0x20, 0x43, 0x6F, 0x75, 0x72, 0x69, 0x65, 0x72, 0x4E, 0x65, 0x69, 0x74, 0x68, 0x65, 0x72,
    0x20, 0x73, 0x6E, 0x6F, 0x77, 0x2C, 0x20, 0x68, 0x65, 0x61, 0x74, 0x2C, 0x20, 0x6E, 0x6F, 0x72,
    0x20, 0x67, 0x6C, 0x6F, 0x6F, 0x6D, 0x20, 0x6F, 0x66, 0x20, 0x6E, 0x69, 0x67, 0x68, 0x74, 0x20,
    0x73, 0x74, 0x61, 0x79, 0x73, 0x20, 0x74, 0x68, 0x65, 0x73, 0x65, 0x20, 0x63, 0x68, 0x61, 0x72,
    0x6D, 0x69, 0x6E, 0x67, 0x20, 0x63, 0x6F, 0x75, 0x72, 0x69, 0x65, 0x72, 0x73, 0x20, 0x66, 0x72,
    0x6F, 0x6D, 0x20, 0x74, 0x68, 0x65, 0x20, 0x73, 0x77, 0x69, 0x66, 0x74, 0x20, 0x63, 0x6F, 0x6D,
    0x70, 0x6C, 0x65, 0x74, 0x69, 0x6F, 0x6E, 0x20, 0x6F, 0x66, 0x20, 0x74, 0x68, 0x65, 0x69, 0x72,
    0x20, 0x61, 0x70, 0x70, 0x6F, 0x69, 0x6E, 0x74, 0x65, 0x64, 0x20, 0x72, 0x6F, 0x75, 0x6E, 0x64,
    0x73, 0x2E, 0x0D, 0x0A, 0x53, 0x6F, 0x61, 0x72, 0x20, 0x74, 0x68, 0x65, 0x20, 0x73, 0x6B, 0x69,
    0x65, 0x73, 0x20, 0x6F, 0x66, 0x20, 0x41, 0x7A, 0x65, 0x72, 0x6F, 0x74, 0x68, 0x20, 0x69, 0x6E,
    0x20, 0x73, 0x74, 0x79, 0x6C, 0x65, 0x20, 0x77, 0x69, 0x74, 0x68, 0x20, 0x74, 0x68, 0x69, 0x73,
    0x20, 0x53, 0x6B, 0x79, 0x72, 0x69, 0x64, 0x69, 0x6E, 0x67, 0x20, 0x6D, 0x6F, 0x75, 0x6E, 0x74,
    0x21, 0x04, 0x00, 0x49, 0xCF, 0x01, 0x00, 0x88, 0x03, 0x00, 0x00, 0x00, 0x00, 0x00, 0x00, 0x43,
    0x68, 0x61, 0x72, 0x6D, 0x69, 0x6E, 0x67, 0x20, 0x43, 0x6F, 0x75, 0x72, 0x69, 0x65, 0x72, 0x5F,
    0x02, 0x00, 0x00, 0xC5, 0x00, 0x00, 0x00, 0xBD, 0x04, 0x00, 0x00, 0x00, 0x00, 0x00, 0x00, 0x00,
    0x00, 0x00, 0x00, 0x00, 0x80, 0xC1, 0x90, 0x00, 0x24, 0xE0, 0x72, 0x00, 0x04, 0x80, 0x00, 0x00,
    0x00, 0x01, 0x00, 0x00, 0x00, 0x04, 0x00, 0x00, 0x00, 0x00, 0x00, 0x00, 0x00, 0x00, 0x00, 0x00,
    0x00, 0x48, 0xB4, 0x5C, 0x00, 0x02, 0x01, 0x00, 0x00, 0x54, 0x72, 0x61, 0x64, 0x65, 0x72, 0x27,
    0x73, 0x20, 0x47, 0x69, 0x6C, 0x64, 0x65, 0x64, 0x20, 0x42, 0x72, 0x75, 0x74, 0x6F, 0x73, 0x61,
    0x75, 0x72, 0x50, 0x72, 0x65, 0x73, 0x65, 0x6E, 0x74, 0x69, 0x6E, 0x67, 0x20, 0x74, 0x68, 0x65,
    0x20, 0x61, 0x77, 0x65, 0x2D, 0x69, 0x6E, 0x73, 0x70, 0x69, 0x72, 0x69, 0x6E, 0x67, 0x20, 0x54,
    0x72, 0x61, 0x64, 0x65, 0x72, 0x27, 0x73, 0x20, 0x47, 0x69, 0x6C, 0x64, 0x65, 0x64, 0x20, 0x42,
    0x72, 0x75, 0x74, 0x6F, 0x73, 0x61, 0x75, 0x72, 0x2C, 0x20, 0x61, 0x64, 0x6F, 0x72, 0x6E, 0x65,
    0x64, 0x20, 0x77, 0x69, 0x74, 0x68, 0x20, 0x61, 0x20, 0x32, 0x30, 0x74, 0x68, 0x20, 0x41, 0x6E,
    0x6E, 0x69, 0x76, 0x65, 0x72, 0x73, 0x61, 0x72, 0x79, 0x20, 0x74, 0x68, 0x65, 0x6D, 0x65, 0x64,
    0x20, 0x68, 0x61, 0x72, 0x6E, 0x65, 0x73, 0x73, 0x20, 0x73, 0x65, 0x74, 0x20, 0x77, 0x69, 0x74,
    0x68, 0x20, 0x67, 0x65, 0x6D, 0x73, 0x20, 0x72, 0x65, 0x70, 0x72, 0x65, 0x73, 0x65, 0x6E, 0x74,
    0x69, 0x6E, 0x67, 0x20, 0x57, 0x6F, 0x57, 0x27, 0x73, 0x20, 0x65, 0x78, 0x70, 0x61, 0x6E, 0x73,
    0x69, 0x6F, 0x6E, 0x73, 0x2E, 0x20, 0x42, 0x72, 0x61, 0x76, 0x65, 0x20, 0x74, 0x68, 0x65, 0x20,
    0x77, 0x6F, 0x72, 0x6C, 0x64, 0x20, 0x6F, 0x66, 0x20, 0x41, 0x7A, 0x65, 0x72, 0x6F, 0x74, 0x68,
    0x20, 0x6F, 0x6E, 0x20, 0x74, 0x68, 0x69, 0x73, 0x20, 0x6D, 0x61, 0x67, 0x6E, 0x69, 0x66, 0x69,
    0x63, 0x65, 0x6E, 0x74, 0x20, 0x5A, 0x61, 0x6E, 0x64, 0x61, 0x6C, 0x61, 0x72, 0x69, 0x20, 0x62,
    0x65, 0x61, 0x73, 0x74, 0x20, 0x77, 0x69, 0x74, 0x68, 0x20, 0x4D, 0x6F, 0x72, 0x74, 0x65, 0x6E,
    0x20, 0x61, 0x6E, 0x64, 0x20, 0x4B, 0x69, 0x6C, 0x6C, 0x69, 0x61, 0x2C, 0x20, 0x62, 0x72, 0x69,
    0x6E, 0x67, 0x69, 0x6E, 0x67, 0x20, 0x74, 0x68, 0x65, 0x20, 0x61, 0x75, 0x63, 0x74, 0x69, 0x6F,
    0x6E, 0x20, 0x68, 0x6F, 0x75, 0x73, 0x65, 0x20, 0x61, 0x6E, 0x64, 0x20, 0x74, 0x68, 0x65, 0x20,
    0x6D, 0x61, 0x69, 0x6C, 0x20, 0x77, 0x69, 0x74, 0x68, 0x20, 0x79, 0x6F, 0x75, 0x20, 0x6F, 0x6E,
    0x20, 0x74, 0x68, 0x65, 0x20, 0x67, 0x6F, 0x21, 0x2A, 0x2A, 0x20, 0x4F, 0x66, 0x66, 0x65, 0x72,
    0x20, 0x76, 0x61, 0x6C, 0x69, 0x64, 0x20, 0x74, 0x68, 0x72, 0x6F, 0x75, 0x67, 0x68, 0x20, 0x4A,
    0x61, 0x6E, 0x75, 0x61, 0x72, 0x79, 0x20, 0x36, 0x2C, 0x20, 0x32, 0x30, 0x32, 0x35, 0x2E, 0x0D,
    0x0A, 0x2A, 0x2A, 0x20, 0x43, 0x65, 0x72, 0x74, 0x61, 0x69, 0x6E, 0x20, 0x72, 0x65, 0x73, 0x74,
    0x72, 0x69, 0x63, 0x74, 0x69, 0x6F, 0x6E, 0x73, 0x20, 0x61, 0x70, 0x70, 0x6C, 0x79, 0x2E, 0x20,
    0x56, 0x69, 0x73, 0x69, 0x74, 0x20, 0x73, 0x68, 0x6F, 0x70, 0x2E, 0x62, 0x61, 0x74, 0x74, 0x6C,
    0x65, 0x2E, 0x6E, 0x65, 0x74, 0x20, 0x66, 0x6F, 0x72, 0x20, 0x6D, 0x6F, 0x72, 0x65, 0x20, 0x69,
    0x6E, 0x66, 0x6F, 0x72, 0x6D, 0x61, 0x74, 0x69, 0x6F, 0x6E, 0x2E, 0x10, 0x00, 0x00, 0x00, 0xF8,
    0x71, 0x00, 0x00, 0x06, 0x40, 0x91, 0xDF, 0x01, 0x00, 0xB4, 0x03, 0x00, 0x00, 0x00, 0x00, 0x00,
    0x00, 0x54, 0x72, 0x61, 0x64, 0x65, 0x72, 0x27, 0x73, 0x20, 0x47, 0x69, 0x6C, 0x64, 0x65, 0x64,
    0x20, 0x42, 0x72, 0x75, 0x74, 0x6F, 0x73, 0x61, 0x75, 0x72, 0x6C, 0x02, 0x00, 0x00, 0x0D, 0x00,
    0x00, 0x00, 0xE3, 0x04, 0x00, 0x00, 0x47, 0x00, 0x00, 0x00, 0x00, 0x00, 0x00, 0x00, 0x00, 0x80,
    0xC1, 0x50, 0x00, 0x00, 0x00, 0xE3, 0x00, 0x00, 0x00, 0x00, 0x00, 0x00, 0x01, 0x00, 0x00, 0x00,
    0x00, 0x00, 0x00, 0x00, 0x00, 0x00, 0x00, 0x00, 0x00, 0x00, 0x00, 0x00, 0xD6, 0x74, 0x5D, 0x00,
    0xD4, 0x03, 0x00, 0x00, 0x54, 0x69, 0x6D, 0x62, 0x65, 0x72, 0x65, 0x64, 0x20, 0x53, 0x6B, 0x79,
    0x20, 0x53, 0x6E, 0x61, 0x6B, 0x65, 0x6C, 0x65, 0x74, 0x57, 0x6F, 0x6F, 0x64, 0x20, 0x79, 0x6F,
    0x75, 0x20, 0x62, 0x65, 0x6C, 0x69, 0x65, 0x76, 0x65, 0x20, 0x74, 0x68, 0x61, 0x74, 0x20, 0x74,
    0x68, 0x69, 0x73, 0x20, 0x6C, 0x69, 0x74, 0x74, 0x6C, 0x65, 0x20, 0x53, 0x6E, 0x61, 0x6B, 0x65,
    0x20, 0x69, 0x73, 0x20, 0x61, 0x63, 0x74, 0x75, 0x61, 0x6C, 0x6C, 0x79, 0x20, 0x61, 0x6C, 0x69,
    0x76, 0x65, 0x3F, 0x20, 0x54, 0x68, 0x65, 0x20, 0x54, 0x69, 0x6D, 0x62, 0x65, 0x72, 0x65, 0x64,
    0x20, 0x53, 0x6B, 0x79, 0x20, 0x53, 0x6E, 0x61, 0x6B, 0x65, 0x6C, 0x65, 0x74, 0x20, 0x69, 0x73,
    0x20, 0x65, 0x78, 0x63, 0x69, 0x74, 0x65, 0x64, 0x20, 0x74, 0x6F, 0x20, 0x6A, 0x6F, 0x69, 0x6E,
    0x20, 0x79, 0x6F, 0x75, 0x20, 0x6F, 0x6E, 0x20, 0x79, 0x6F, 0x75, 0x72, 0x20, 0x61, 0x64, 0x76,
    0x65, 0x6E, 0x74, 0x75, 0x72, 0x65, 0x73, 0x20, 0x61, 0x63, 0x72, 0x6F, 0x73, 0x73, 0x20, 0x41,
    0x7A, 0x65, 0x72, 0x6F, 0x74, 0x68, 0x2E, 0x0D, 0x0A, 0x0D, 0x0A, 0x7C, 0x63, 0x66, 0x66, 0x36,
    0x36, 0x62, 0x62, 0x66, 0x66, 0x43, 0x65, 0x72, 0x74, 0x61, 0x69, 0x6E, 0x20, 0x72, 0x65, 0x73,
    0x74, 0x72, 0x69, 0x63, 0x74, 0x69, 0x6F, 0x6E, 0x73, 0x20, 0x61, 0x70, 0x70, 0x6C, 0x79, 0x2E,
    0x20, 0x56, 0x69, 0x73, 0x69, 0x74, 0x20, 0x73, 0x68, 0x6F, 0x70, 0x2E, 0x62, 0x61, 0x74, 0x74,
    0x6C, 0x65, 0x2E, 0x6E, 0x65, 0x74, 0x20, 0x66, 0x6F, 0x72, 0x20, 0x6D, 0x6F, 0x72, 0x65, 0x20,
    0x69, 0x6E, 0x66, 0x6F, 0x72, 0x6D, 0x61, 0x74, 0x69, 0x6F, 0x6E, 0x2E, 0x05, 0x40, 0x3A, 0xE2,
    0x01, 0x00, 0xD4, 0x03, 0x00, 0x00, 0x00, 0x00, 0x00, 0x00, 0x54, 0x69, 0x6D, 0x62, 0x65, 0x72,
    0x65, 0x64, 0x20, 0x53, 0x6B, 0x79, 0x20, 0x53, 0x6E, 0x61, 0x6B, 0x65, 0x6C, 0x65, 0x74, 0x79,
    0x02, 0x00, 0x00, 0xD1, 0x00, 0x00, 0x00, 0x06, 0x05, 0x00, 0x00, 0x08, 0x00, 0x00, 0x00, 0x00,
    0x00, 0x00, 0x00, 0x00, 0x80, 0xC1, 0x70, 0x00, 0x1D, 0x62, 0xAD, 0x00, 0x04, 0x80, 0x00, 0x00,
    0x00, 0x04, 0x00, 0x00, 0x00, 0x04, 0x00, 0x00, 0x00, 0x00, 0x00, 0x00, 0x00, 0x00, 0x00, 0x00,
    0x00, 0x12, 0x31, 0x5F, 0x00, 0x02, 0x01, 0x00, 0x00, 0x53, 0x68, 0x61, 0x2D, 0x49, 0x6E, 0x66,
    0x75, 0x73, 0x65, 0x64, 0x20, 0x48, 0x65, 0x72, 0x6F, 0x69, 0x63, 0x20, 0x50, 0x61, 0x63, 0x6B,
    0x48, 0x65, 0x69, 0x67, 0x68, 0x74, 0x65, 0x6E, 0x20, 0x79, 0x6F, 0x75, 0x72, 0x20, 0x73, 0x74,
    0x79, 0x6C, 0x65, 0x20, 0x77, 0x69, 0x74, 0x68, 0x20, 0x53, 0x68, 0x61, 0x2D, 0x69, 0x6E, 0x73,
    0x70, 0x69, 0x72, 0x65, 0x64, 0x20, 0x63, 0x6F, 0x73, 0x6D, 0x65, 0x74, 0x69, 0x63, 0x73, 0x20,
    0x66, 0x6F, 0x72, 0x20, 0x62, 0x6F, 0x74, 0x68, 0x20, 0x79, 0x6F, 0x75, 0x72, 0x20, 0x57, 0x6F,
    0x72, 0x6C, 0x64, 0x20, 0x6F, 0x66, 0x20, 0x57, 0x61, 0x72, 0x63, 0x72, 0x61, 0x66, 0x74, 0x20,
    0x61, 0x6E, 0x64, 0x20, 0x57, 0x6F, 0x57, 0x20, 0x43, 0x6C, 0x61, 0x73, 0x73, 0x69, 0x63, 0x20,
    0x50, 0x72, 0x6F, 0x67, 0x72, 0x65, 0x73, 0x73, 0x69, 0x6F, 0x6E, 0x20, 0x63, 0x6F, 0x6C, 0x6C,
    0x65, 0x63, 0x74, 0x69, 0x6F, 0x6E, 0x73, 0x2C, 0x20, 0x69, 0x6E, 0x63, 0x6C, 0x75, 0x64, 0x69,
    0x6E, 0x67, 0x20, 0x61, 0x20, 0x43, 0x6C, 0x6F, 0x75, 0x64, 0x20, 0x53, 0x65, 0x72, 0x70, 0x65,
    0x6E, 0x74, 0x20, 0x6D, 0x6F, 0x75, 0x6E, 0x74, 0x2C, 0x20, 0x52, 0x69, 0x64, 0x69, 0x6E, 0x67,
    0x20, 0x54, 0x69, 0x67, 0x65, 0x72, 0x20, 0x6D, 0x6F, 0x75, 0x6E, 0x74, 0x2C, 0x20, 0x4D, 0x65,
    0x72, 0x72, 0x69, 0x6D, 0x65, 0x6E, 0x74, 0x20, 0x70, 0x65, 0x74, 0x2C, 0x20, 0x54, 0x65, 0x61,
    0x20, 0x53, 0x65, 0x74, 0x20, 0x74, 0x6F, 0x79, 0x2C, 0x20, 0x61, 0x6E, 0x64, 0x20, 0x53, 0x74,
    0x6F, 0x72, 0x6D, 0x73, 0x74, 0x6F, 0x75, 0x74, 0x20, 0x74, 0x72, 0x61, 0x6E, 0x73, 0x6D, 0x6F,
    0x67, 0x20, 0x65, 0x6E, 0x73, 0x65, 0x6D, 0x62, 0x6C, 0x65, 0x21, 0x49, 0x6E, 0x63, 0x6C, 0x75,
    0x64, 0x65, 0x73, 0x3A, 0x0D, 0x0A, 0x2D, 0x20, 0x53, 0x68, 0x61, 0x2D, 0x57, 0x61, 0x72, 0x70,
    0x65, 0x64, 0x20, 0x43, 0x6C, 0x6F, 0x75, 0x64, 0x20, 0x53, 0x65, 0x72, 0x70, 0x65, 0x6E, 0x74,
    0x20, 0x66, 0x6C, 0x79, 0x69, 0x6E, 0x67, 0x20, 0x6D, 0x6F, 0x75, 0x6E, 0x74, 0x20, 0x66, 0x6F,
    0x72, 0x20, 0x57, 0x6F, 0x57, 0x20, 0x63, 0x68, 0x61, 0x72, 0x61, 0x63, 0x74, 0x65, 0x72, 0x73,
    0x0D, 0x0A, 0x2D, 0x20, 0x53, 0x68, 0x61, 0x2D, 0x57, 0x61, 0x72, 0x70, 0x65, 0x64, 0x20, 0x52,
    0x69, 0x64, 0x69, 0x6E, 0x67, 0x20, 0x54, 0x69, 0x67, 0x65, 0x72, 0x20, 0x67, 0x72, 0x6F, 0x75,
    0x6E, 0x64, 0x20, 0x6D, 0x6F, 0x75, 0x6E, 0x74, 0x20, 0x66, 0x6F, 0x72, 0x20, 0x57, 0x6F, 0x57,
    0x20, 0x63, 0x68, 0x61, 0x72, 0x61, 0x63, 0x74, 0x65, 0x72, 0x73, 0x0D, 0x0A, 0x2D, 0x20, 0x53,
    0x68, 0x61, 0x2D, 0x57, 0x61, 0x72, 0x70, 0x65, 0x64, 0x20, 0x54, 0x65, 0x61, 0x20, 0x73, 0x65,
    0x74, 0x20, 0x74, 0x6F, 0x79, 0x20, 0x66, 0x6F, 0x72, 0x20, 0x57, 0x6F, 0x57, 0x20, 0x63, 0x68,
    0x61, 0x72, 0x61, 0x63, 0x74, 0x65, 0x72, 0x73, 0x0D, 0x0A, 0x2D, 0x20, 0x4D, 0x65, 0x72, 0x72,
    0x69, 0x6D, 0x65, 0x6E, 0x74, 0x20, 0x70, 0x65, 0x74, 0x20, 0x66, 0x6F, 0x72, 0x20, 0x57, 0x6F,
    0x57, 0x20, 0x63, 0x68, 0x61, 0x72, 0x61, 0x63, 0x74, 0x65, 0x72, 0x73, 0x0D, 0x0A, 0x2D, 0x20,
    0x45, 0x6E, 0x73, 0x65, 0x6D, 0x62, 0x6C, 0x65, 0x3A, 0x20, 0x53, 0x74, 0x6F, 0x72, 0x6D, 0x73,
    0x74, 0x6F, 0x75, 0x74, 0x27, 0x73, 0x20, 0x53, 0x68, 0x61, 0x2D, 0x57, 0x61, 0x72, 0x70, 0x65,
    0x64, 0x20, 0x43, 0x6F, 0x6C, 0x6C, 0x65, 0x63, 0x74, 0x69, 0x6F, 0x6E, 0x20, 0x74, 0x72, 0x61,
    0x6E, 0x73, 0x6D, 0x6F, 0x67, 0x20, 0x73, 0x65, 0x74, 0x20, 0x66, 0x6F, 0x72, 0x20, 0x57, 0x6F,
    0x57, 0x20, 0x63, 0x68, 0x61, 0x72, 0x61, 0x63, 0x74, 0x65, 0x72, 0x73, 0x0D, 0x0A, 0x2D, 0x20,
    0x53, 0x68, 0x61, 0x2D, 0x54, 0x6F, 0x75, 0x63, 0x68, 0x65, 0x64, 0x20, 0x43, 0x6C, 0x6F, 0x75,
    0x64, 0x20, 0x53, 0x65, 0x72, 0x70, 0x65, 0x6E, 0x74, 0x20, 0x66, 0x6C, 0x79, 0x69, 0x6E, 0x67,
    0x20, 0x6D, 0x6F, 0x75, 0x6E, 0x74, 0x20, 0x66, 0x6F, 0x72, 0x20, 0x57, 0x6F, 0x57, 0x20, 0x63,
    0x6C, 0x61, 0x73, 0x73, 0x69, 0x63, 0x20, 0x63, 0x68, 0x61, 0x72, 0x61, 0x63, 0x74, 0x65, 0x72,
    0x73, 0x0D, 0x0A, 0x2D, 0x20, 0x53, 0x68, 0x61, 0x2D, 0x54, 0x6F, 0x75, 0x63, 0x68, 0x65, 0x64,
    0x20, 0x52, 0x69, 0x64, 0x69, 0x6E, 0x67, 0x20, 0x54, 0x69, 0x67, 0x65, 0x72, 0x20, 0x67, 0x72,
    0x6F, 0x75, 0x6E, 0x64, 0x20, 0x6D, 0x6F, 0x75, 0x6E, 0x74, 0x20, 0x66, 0x6F, 0x72, 0x20, 0x57,
    0x6F, 0x57, 0x20, 0x63, 0x6C, 0x61, 0x73, 0x73, 0x69, 0x63, 0x20, 0x63, 0x68, 0x61, 0x72, 0x61,
    0x63, 0x74, 0x65, 0x72, 0x73, 0x0D, 0x0A, 0x2D, 0x20, 0x53, 0x68, 0x61, 0x2D, 0x54, 0x6F, 0x75,
    0x63, 0x68, 0x65, 0x64, 0x20, 0x54, 0x65, 0x61, 0x20, 0x73, 0x65, 0x74, 0x20, 0x74, 0x6F, 0x79,
    0x20, 0x66, 0x6F, 0x72, 0x20, 0x57, 0x6F, 0x57, 0x20, 0x63, 0x6C, 0x61, 0x73, 0x73, 0x69, 0x63,
    0x20, 0x63, 0x68, 0x61, 0x72, 0x61, 0x63, 0x74, 0x65, 0x72, 0x73, 0x0D, 0x0A, 0x2D, 0x20, 0x4A,
    0x6F, 0x79, 0x6F, 0x75, 0x73, 0x20, 0x70, 0x65, 0x74, 0x20, 0x66, 0x6F, 0x72, 0x20, 0x57, 0x6F,
    0x57, 0x20, 0x63, 0x6C, 0x61, 0x73, 0x73, 0x69, 0x63, 0x20, 0x63, 0x68, 0x61, 0x72, 0x61, 0x63,
    0x74, 0x65, 0x72, 0x73, 0x0D, 0x0A, 0x2D, 0x20, 0x45, 0x6E, 0x73, 0x65, 0x6D, 0x62, 0x6C, 0x65,
    0x3A, 0x20, 0x53, 0x74, 0x6F, 0x72, 0x6D, 0x73, 0x74, 0x6F, 0x75, 0x74, 0x27, 0x73, 0x20, 0x53,
    0x68, 0x61, 0x2D, 0x54, 0x6F, 0x75, 0x63, 0x68, 0x65, 0x64, 0x20, 0x43, 0x6F, 0x6C, 0x6C, 0x65,
    0x63, 0x74, 0x69, 0x6F, 0x6E, 0x20, 0x74, 0x72, 0x61, 0x6E, 0x73, 0x6D, 0x6F, 0x67, 0x20, 0x73,
    0x65, 0x74, 0x20, 0x66, 0x6F, 0x72, 0x20, 0x57, 0x6F, 0x57, 0x20, 0x63, 0x6C, 0x61, 0x73, 0x73,
    0x69, 0x63, 0x20, 0x63, 0x68, 0x61, 0x72, 0x61, 0x63, 0x74, 0x65, 0x72, 0x73, 0x0D, 0x0A, 0x0D,
    0x0A, 0x43, 0x65, 0x72, 0x74, 0x61, 0x69, 0x6E, 0x20, 0x72, 0x65, 0x73, 0x74, 0x72, 0x69, 0x63,
    0x74, 0x69, 0x6F, 0x6E, 0x73, 0x20, 0x61, 0x70, 0x70, 0x6C, 0x79, 0x2E, 0x20, 0x56, 0x69, 0x73,
    0x69, 0x74, 0x20, 0x73, 0x68, 0x6F, 0x70, 0x2E, 0x62, 0x61, 0x74, 0x74, 0x6C, 0x65, 0x2E, 0x6E,
    0x65, 0x74, 0x20, 0x66, 0x6F, 0x72, 0x20, 0x6D, 0x6F, 0x72, 0x65, 0x20, 0x69, 0x6E, 0x66, 0x6F,
    0x72, 0x6D, 0x61, 0x74, 0x69, 0x6F, 0x6E, 0x2E, 0x10, 0x00, 0x00, 0x00, 0xED, 0x79, 0x00, 0x00,
    0x06, 0x00, 0x1A, 0xEA, 0x01, 0x00, 0xF2, 0x03, 0x00, 0x00, 0x00, 0x00, 0x00, 0x00, 0x53, 0x68,
    0x61, 0x2D, 0x57, 0x61, 0x72, 0x70, 0x65, 0x64, 0x20, 0x43, 0x6C, 0x6F, 0x75, 0x64, 0x20, 0x53,
    0x65, 0x72, 0x70, 0x65, 0x6E, 0x74, 0x05, 0xC0, 0x1C, 0xEA, 0x01, 0x00, 0x4D, 0x00, 0x00, 0x00,
    0x00, 0x00, 0x00, 0x00, 0x53, 0x68, 0x61, 0x2D, 0x57, 0x61, 0x72, 0x70, 0x65, 0x64, 0x20, 0x52,
    0x69, 0x64, 0x69, 0x6E, 0x67, 0x20, 0x54, 0x69, 0x67, 0x65, 0x72, 0x02, 0x40, 0x57, 0xEB, 0x01,
    0x00, 0xF3, 0x03, 0x00, 0x00, 0x00, 0x00, 0x00, 0x00, 0x4D, 0x65, 0x72, 0x72, 0x69, 0x6D, 0x65,
    0x6E, 0x74, 0x0B, 0x00, 0x00, 0x00, 0x00, 0x00, 0x25, 0x01, 0x00, 0x00, 0x14, 0x11, 0x00, 0x00,
    0x45, 0x6E, 0x73, 0x65, 0x6D, 0x62, 0x6C, 0x65, 0x3A, 0x20, 0x53, 0x74, 0x6F, 0x72, 0x6D, 0x73,
    0x74, 0x6F, 0x75, 0x74, 0x27, 0x73, 0x20, 0x53, 0x68, 0x61, 0x2D, 0x57, 0x61, 0x72, 0x70, 0x65,
    0x64, 0x20, 0x43, 0x6F, 0x6C, 0x6C, 0x65, 0x63, 0x74, 0x69, 0x6F, 0x6E, 0x7E, 0x02, 0x00, 0x00,
    0xD4, 0x00, 0x00, 0x00, 0x14, 0x05, 0x00, 0x00, 0x00, 0x00, 0x00, 0x00, 0x00, 0x00, 0x00, 0x00,
    0x00, 0x80, 0xC1, 0x50, 0x00, 0x15, 0x80, 0x48, 0x00, 0x04, 0x80, 0x00, 0x00, 0x00, 0x02, 0x00,
    0x00, 0x00, 0x04, 0x00, 0x00, 0x00, 0x00, 0x00, 0x00, 0x00, 0x00, 0x00, 0x00, 0x00, 0x7B, 0x65,
    0x5F, 0x00, 0x02, 0x01, 0x00, 0x00, 0x48, 0x65, 0x61, 0x76, 0x65, 0x6E, 0x6C, 0x79, 0x20, 0x52,
    0x65, 0x67, 0x61, 0x6C, 0x69, 0x61, 0x20, 0x50, 0x61, 0x63, 0x6B, 0x49, 0x6C, 0x6C, 0x75, 0x6D,
    0x69, 0x6E, 0x61, 0x74, 0x65, 0x20, 0x79, 0x6F, 0x75, 0x72, 0x20, 0x70, 0x61, 0x74, 0x68, 0x20,
    0x77, 0x69, 0x74, 0x68, 0x20, 0x74, 0x68, 0x65, 0x20, 0x72, 0x61, 0x64, 0x69, 0x61, 0x6E, 0x74,
    0x20, 0x48, 0x65, 0x61, 0x76, 0x65, 0x6E, 0x6C, 0x79, 0x20, 0x52, 0x65, 0x67, 0x61, 0x6C, 0x69,
    0x61, 0x20, 0x50, 0x61, 0x63, 0x6B, 0x2E, 0x20, 0x45, 0x61, 0x63, 0x68, 0x20, 0x73, 0x65, 0x74,
    0x20, 0x72, 0x65, 0x66, 0x6C, 0x65, 0x63, 0x74, 0x73, 0x20, 0x74, 0x68, 0x65, 0x20, 0x62, 0x65,
    0x61, 0x75, 0x74, 0x79, 0x20, 0x6F, 0x66, 0x20, 0x74, 0x68, 0x65, 0x20, 0x63, 0x65, 0x6C, 0x65,
    0x73, 0x74, 0x69, 0x61, 0x6C, 0x20, 0x66, 0x6F, 0x72, 0x63, 0x65, 0x73, 0x2C, 0x20, 0x65, 0x6D,
    0x70, 0x6F, 0x77, 0x65, 0x72, 0x69, 0x6E, 0x67, 0x20, 0x61, 0x6E, 0x79, 0x20, 0x77, 0x65, 0x61,
    0x72, 0x65, 0x72, 0x20, 0x77, 0x69, 0x74, 0x68, 0x20, 0x74, 0x68, 0x65, 0x20, 0x70, 0x6F, 0x77,
    0x65, 0x72, 0x20, 0x6F, 0x66, 0x20, 0x6C, 0x69, 0x67, 0x68, 0x74, 0x20, 0x6F, 0x72, 0x20, 0x73,
    0x68, 0x61, 0x64, 0x6F, 0x77, 0x2E, 0x2A, 0x2A, 0x43, 0x65, 0x72, 0x74, 0x61, 0x69, 0x6E, 0x20,
    0x72, 0x65, 0x73, 0x74, 0x72, 0x69, 0x63, 0x74, 0x69, 0x6F, 0x6E, 0x73, 0x20, 0x61, 0x70, 0x70,
    0x6C, 0x79, 0x2E, 0x20, 0x56, 0x69, 0x73, 0x69, 0x74, 0x20, 0x73, 0x68, 0x6F, 0x70, 0x2E, 0x62,
    0x61, 0x74, 0x74, 0x6C, 0x65, 0x2E, 0x6E, 0x65, 0x74, 0x20, 0x66, 0x6F, 0x72, 0x20, 0x6D, 0x6F,
    0x72, 0x65, 0x20, 0x69, 0x6E, 0x66, 0x6F, 0x72, 0x6D, 0x61, 0x74, 0x69, 0x6F, 0x6E, 0x2E, 0x10,
    0x00, 0x00, 0x00, 0x0A, 0x79, 0x00, 0x00, 0x08, 0x00, 0x00, 0x00, 0x00, 0x00, 0x25, 0x01, 0x00,
    0x00, 0x6E, 0x10, 0x00, 0x00, 0x53, 0x68, 0x69, 0x6E, 0x69, 0x6E, 0x67, 0x20, 0x56, 0x65, 0x73,
    0x74, 0x6D, 0x65, 0x6E, 0x74, 0x73, 0x20, 0x6F, 0x66, 0x20, 0x74, 0x68, 0x65, 0x20, 0x48, 0x65,
    0x61, 0x76, 0x65, 0x6E, 0x73, 0x08, 0x00, 0x00, 0x00, 0x00, 0x00, 0x25, 0x01, 0x00, 0x00, 0x6F,
    0x10, 0x00, 0x00, 0x52, 0x61, 0x64, 0x69, 0x61, 0x6E, 0x74, 0x20, 0x56, 0x65, 0x73, 0x74, 0x6D,
    0x65, 0x6E, 0x74, 0x73, 0x20, 0x6F, 0x66, 0x20, 0x74, 0x68, 0x65, 0x20, 0x48, 0x65, 0x61, 0x76,
    0x65, 0x6E, 0x73, 0x7F, 0x02, 0x00, 0x00, 0x8B, 0x00, 0x00, 0x00, 0x14, 0x05, 0x00, 0x00, 0x2A,
    0x00, 0x00, 0x00, 0x00, 0x00, 0x00, 0x00, 0x00, 0x80, 0xC1, 0x50, 0x00, 0x15, 0x80, 0x47, 0x00,
    0x04, 0x00, 0x00, 0x00, 0x00, 0x02, 0x00, 0x00, 0x00, 0x09, 0x00, 0x00, 0x00, 0x00, 0x00, 0x00,
    0x00, 0x00, 0x00, 0x00, 0x00, 0x7B, 0x65, 0x5F, 0x00, 0xA4, 0x01, 0x00, 0x00, 0x48, 0x65, 0x61,
    0x76, 0x65, 0x6E, 0x6C, 0x79, 0x20, 0x52, 0x65, 0x67, 0x61, 0x6C, 0x69, 0x61, 0x20, 0x50, 0x61,
    0x63, 0x6B, 0x49, 0x6C, 0x6C, 0x75, 0x6D, 0x69, 0x6E, 0x61, 0x74, 0x65, 0x20, 0x79, 0x6F, 0x75,
    0x72, 0x20, 0x70, 0x61, 0x74, 0x68, 0x20, 0x77, 0x69, 0x74, 0x68, 0x20, 0x74, 0x68, 0x65, 0x20,
    0x72, 0x61, 0x64, 0x69, 0x61, 0x6E, 0x74, 0x20, 0x48, 0x65, 0x61, 0x76, 0x65, 0x6E, 0x6C, 0x79,
    0x20, 0x52, 0x65, 0x67, 0x61, 0x6C, 0x69, 0x61, 0x20, 0x50, 0x61, 0x63, 0x6B, 0x2E, 0x20, 0x45,
    0x61, 0x63, 0x68, 0x20, 0x73, 0x65, 0x74, 0x20, 0x72, 0x65, 0x66, 0x6C, 0x65, 0x63, 0x74, 0x73,
    0x20, 0x74, 0x68, 0x65, 0x20, 0x62, 0x65, 0x61, 0x75, 0x74, 0x79, 0x20, 0x6F, 0x66, 0x20, 0x74,
    0x68, 0x65, 0x20, 0x63, 0x65, 0x6C, 0x65, 0x73, 0x74, 0x69, 0x61, 0x6C, 0x20, 0x66, 0x6F, 0x72,
    0x63, 0x65, 0x73, 0x2C, 0x20, 0x65, 0x6D, 0x70, 0x6F, 0x77, 0x65, 0x72, 0x69, 0x6E, 0x67, 0x20,
    0x61, 0x6E, 0x79, 0x20, 0x77, 0x65, 0x61, 0x72, 0x65, 0x72, 0x20, 0x77, 0x69, 0x74, 0x68, 0x20,
    0x74, 0x68, 0x65, 0x20, 0x70, 0x6F, 0x77, 0x65, 0x72, 0x20, 0x6F, 0x66, 0x20, 0x6C, 0x69, 0x67,
    0x68, 0x74, 0x20, 0x6F, 0x72, 0x20, 0x73, 0x68, 0x61, 0x64, 0x6F, 0x77, 0x2E, 0x2A, 0x43, 0x65,
    0x72, 0x74, 0x61, 0x69, 0x6E, 0x20, 0x72, 0x65, 0x73, 0x74, 0x72, 0x69, 0x63, 0x74, 0x69, 0x6F,
    0x6E, 0x73, 0x20, 0x61, 0x70, 0x70, 0x6C, 0x79, 0x2E, 0x20, 0x56, 0x69, 0x73, 0x69, 0x74, 0x20,
    0x73, 0x68, 0x6F, 0x70, 0x2E, 0x62, 0x61, 0x74, 0x74, 0x6C, 0x65, 0x2E, 0x6E, 0x65, 0x74, 0x20,
    0x66, 0x6F, 0x72, 0x20, 0x6D, 0x6F, 0x72, 0x65, 0x20, 0x69, 0x6E, 0x66, 0x6F, 0x72, 0x6D, 0x61,
    0x74, 0x69, 0x6F, 0x6E, 0x2E, 0x10, 0x00, 0x00, 0x00, 0x08, 0x00, 0x00, 0x00, 0x00, 0x00, 0x25,
    0x01, 0x00, 0x00, 0x6E, 0x10, 0x00, 0x00, 0x53, 0x68, 0x69, 0x6E, 0x69, 0x6E, 0x67, 0x20, 0x56,
    0x65, 0x73, 0x74, 0x6D, 0x65, 0x6E, 0x74, 0x73, 0x20, 0x6F, 0x66, 0x20, 0x74, 0x68, 0x65, 0x20,
    0x48, 0x65, 0x61, 0x76, 0x65, 0x6E, 0x73, 0x08, 0x00, 0x00, 0x00, 0x00, 0x00, 0x25, 0x01, 0x00,
    0x00, 0x6F, 0x10, 0x00, 0x00, 0x52, 0x61, 0x64, 0x69, 0x61, 0x6E, 0x74, 0x20, 0x56, 0x65, 0x73,
    0x74, 0x6D, 0x65, 0x6E, 0x74, 0x73, 0x20, 0x6F, 0x66, 0x20, 0x74, 0x68, 0x65, 0x20, 0x48, 0x65,
    0x61, 0x76, 0x65, 0x6E, 0x73, 0x87, 0x02, 0x00, 0x00, 0x0D, 0x00, 0x00, 0x00, 0x23, 0x05, 0x00,
    0x00, 0x45, 0x00, 0x00, 0x00, 0x00, 0x00, 0x00, 0x00, 0x00, 0x80, 0xC0, 0x60, 0x00, 0x00, 0x00,
    0x97, 0x00, 0x00, 0x00, 0x00, 0x00, 0x00, 0x01, 0x00, 0x00, 0x00, 0x00, 0x00, 0x00, 0x00, 0x00,
    0x00, 0x00, 0x00, 0x00, 0x00, 0x00, 0x00, 0x02, 0x95, 0x57, 0x00, 0x0A, 0x00, 0x00, 0x00, 0x57,
    0x68, 0x6F, 0x6F, 0x70, 0x79, 0x54, 0x68, 0x69, 0x73, 0x20, 0x77, 0x69, 0x73, 0x65, 0x20, 0x77,
    0x61, 0x74, 0x63, 0x68, 0x65, 0x72, 0x20, 0x6F, 0x66, 0x20, 0x74, 0x68, 0x65, 0x20, 0x77, 0x69,
    0x6E, 0x74, 0x65, 0x72, 0x20, 0x77, 0x6F, 0x6F, 0x64, 0x73, 0x20, 0x69, 0x73, 0x20, 0x61, 0x20,
    0x68, 0x6F, 0x6F, 0x74, 0x20, 0x74, 0x6F, 0x20, 0x61, 0x64, 0x76, 0x65, 0x6E, 0x74, 0x75, 0x72,
    0x65, 0x20, 0x77, 0x69, 0x74, 0x68, 0x21, 0x0D, 0x0A, 0x0D, 0x0A, 0x7C, 0x63, 0x66, 0x66, 0x36,
    0x36, 0x62, 0x62, 0x66, 0x66, 0x43, 0x65, 0x72, 0x74, 0x61, 0x69, 0x6E, 0x20, 0x72, 0x65, 0x73,
    0x74, 0x72, 0x69, 0x63, 0x74, 0x69, 0x6F, 0x6E, 0x73, 0x20, 0x61, 0x70, 0x70, 0x6C, 0x79, 0x2E,
    0x20, 0x56, 0x69, 0x73, 0x69, 0x74, 0x20, 0x73, 0x68, 0x6F, 0x70, 0x2E, 0x62, 0x61, 0x74, 0x74,
    0x6C, 0x65, 0x2E, 0x6E, 0x65, 0x74, 0x20, 0x66, 0x6F, 0x72, 0x20, 0x6D, 0x6F, 0x72, 0x65, 0x20,
    0x69, 0x6E, 0x66, 0x6F, 0x72, 0x6D, 0x61, 0x74, 0x69, 0x6F, 0x6E, 0x2E, 0x01, 0x80, 0x6D, 0xD5,
    0x01, 0x00, 0x0A, 0x00, 0x00, 0x00, 0x00, 0x00, 0x00, 0x00, 0x57, 0x68, 0x6F, 0x6F, 0x70, 0x79,
    0xD8, 0x01, 0x00, 0x00, 0xA9, 0x00, 0x00, 0x00, 0x9B, 0x03, 0x00, 0x00, 0x28, 0x00, 0x00, 0x00,
    0x00, 0x00, 0x00, 0x00, 0x00, 0x80, 0xC0, 0xB0, 0x00, 0x19, 0xA0, 0x00, 0x00, 0x05, 0x00, 0x00,
    0x00, 0x00, 0x00, 0x00, 0x00, 0x00, 0x00, 0x00, 0x00, 0x00, 0x00, 0x00, 0x00, 0x00, 0x01, 0x00,
    0x00, 0x00, 0xB8, 0x30, 0x11, 0x00, 0x0A, 0x00, 0x00, 0x00, 0x4E, 0x61, 0x6D, 0x65, 0x20, 0x43,
    0x68, 0x61, 0x6E, 0x67, 0x65, 0x43, 0x68, 0x61, 0x6E, 0x67, 0x65, 0x20, 0x6F, 0x6E, 0x65, 0x20,
    0x63, 0x68, 0x61, 0x72, 0x61, 0x63, 0x74, 0x65, 0x72, 0x27, 0x73, 0x20, 0x6E, 0x61, 0x6D, 0x65,
    0x2E, 0x0D, 0x0A, 0x0D, 0x0A, 0x7C, 0x63, 0x66, 0x66, 0x36, 0x36, 0x62, 0x62, 0x66, 0x66, 0x53,
    0x65, 0x72, 0x76, 0x69, 0x63, 0x65, 0x20, 0x63, 0x61, 0x6E, 0x6E, 0x6F, 0x74, 0x20, 0x62, 0x65,
    0x20, 0x61, 0x70, 0x70, 0x6C, 0x69, 0x65, 0x64, 0x20, 0x74, 0x6F, 0x20, 0x61, 0x20, 0x63, 0x68,
    0x61, 0x72, 0x61, 0x63, 0x74, 0x65, 0x72, 0x20, 0x74, 0x68, 0x61, 0x74, 0x20, 0x63, 0x6F, 0x6D,
    0x70, 0x6C, 0x65, 0x74, 0x65, 0x64, 0x20, 0x61, 0x20, 0x6E, 0x61, 0x6D, 0x65, 0x20, 0x63, 0x68,
    0x61, 0x6E, 0x67, 0x65, 0x20, 0x69, 0x6E, 0x20, 0x74, 0x68, 0x65, 0x20, 0x70, 0x61, 0x73, 0x74,
    0x20, 0x33, 0x20, 0x44, 0x61, 0x79, 0x73, 0x2E, 0x20, 0x43, 0x65, 0x72, 0x74, 0x61, 0x69, 0x6E,
    0x20, 0x72, 0x65, 0x73, 0x74, 0x72, 0x69, 0x63, 0x74, 0x69, 0x6F, 0x6E, 0x73, 0x20, 0x61, 0x70,
    0x70, 0x6C, 0x79, 0x2E, 0x20, 0x56, 0x69, 0x73, 0x69, 0x74, 0x20, 0x73, 0x68, 0x6F, 0x70, 0x2E,
    0x62, 0x61, 0x74, 0x74, 0x6C, 0x65, 0x2E, 0x6E, 0x65, 0x74, 0x20, 0x66, 0x6F, 0x72, 0x20, 0x6D,
    0x6F, 0x72, 0x65, 0x20, 0x69, 0x6E, 0x66, 0x6F, 0x72, 0x6D, 0x61, 0x74, 0x69, 0x6F, 0x6E, 0x2E,
    0x7C, 0x72, 0x00, 0x08, 0x00, 0x00, 0x70, 0x6A, 0x00, 0x00, 0xD9, 0x01, 0x00, 0x00, 0xA9, 0x00,
    0x00, 0x00, 0x9C, 0x03, 0x00, 0x00, 0x29, 0x00, 0x00, 0x00, 0x00, 0x00, 0x00, 0x00, 0x00, 0x80,
    0xC0, 0xE0, 0x00, 0x24, 0xA0, 0x00, 0x00, 0x05, 0x00, 0x00, 0x00, 0x00, 0x00, 0x00, 0x00, 0x00,
    0x00, 0x00, 0x00, 0x00, 0x00, 0x00, 0x00, 0x00, 0x03, 0x00, 0x00, 0x00, 0xB8, 0x30, 0x11, 0x00,
    0x0A, 0x00, 0x00, 0x00, 0x33, 0x20, 0x4E, 0x61, 0x6D, 0x65, 0x20, 0x43, 0x68, 0x61, 0x6E, 0x67,
    0x65, 0x73, 0x47, 0x65, 0x74, 0x20, 0x61, 0x20, 0x74, 0x68, 0x72, 0x65, 0x65, 0x2D, 0x70, 0x61,
    0x63, 0x6B, 0x20, 0x6F, 0x66, 0x20, 0x6E, 0x61, 0x6D, 0x65, 0x20, 0x63, 0x68, 0x61, 0x6E, 0x67,
    0x65, 0x73, 0x20, 0x74, 0x6F, 0x20, 0x72, 0x65, 0x6E, 0x61, 0x6D, 0x65, 0x20, 0x6D, 0x75, 0x6C,
    0x74, 0x69, 0x70, 0x6C, 0x65, 0x20, 0x63, 0x68, 0x61, 0x72, 0x61, 0x63, 0x74, 0x65, 0x72, 0x73,
    0x2E, 0x20, 0x59, 0x6F, 0x75, 0x20, 0x63, 0x61, 0x6E, 0x20, 0x75, 0x73, 0x65, 0x20, 0x74, 0x68,
    0x65, 0x6D, 0x20, 0x61, 0x6C, 0x6C, 0x20, 0x61, 0x74, 0x20, 0x6F, 0x6E, 0x63, 0x65, 0x20, 0x6F,
    0x72, 0x20, 0x73, 0x61, 0x76, 0x65, 0x20, 0x73, 0x6F, 0x6D, 0x65, 0x20, 0x66, 0x6F, 0x72, 0x20,
    0x6C, 0x61, 0x74, 0x65, 0x72, 0x2E, 0x0D, 0x0A, 0x0D, 0x0A, 0x7C, 0x63, 0x66, 0x66, 0x36, 0x36,
    0x62, 0x62, 0x66, 0x66, 0x53, 0x65, 0x72, 0x76, 0x69, 0x63, 0x65, 0x20, 0x63, 0x61, 0x6E, 0x6E,
    0x6F, 0x74, 0x20, 0x62, 0x65, 0x20, 0x61, 0x70, 0x70, 0x6C, 0x69, 0x65, 0x64, 0x20, 0x74, 0x6F,
    0x20, 0x61, 0x20, 0x63, 0x68, 0x61, 0x72, 0x61, 0x63, 0x74, 0x65, 0x72, 0x20, 0x74, 0x68, 0x61,
    0x74, 0x20, 0x63, 0x6F, 0x6D, 0x70, 0x6C, 0x65, 0x74, 0x65, 0x64, 0x20, 0x61, 0x20, 0x6E, 0x61,
    0x6D, 0x65, 0x20, 0x63, 0x68, 0x61, 0x6E, 0x67, 0x65, 0x20, 0x69, 0x6E, 0x20, 0x74, 0x68, 0x65,
    0x20, 0x70, 0x61, 0x73, 0x74, 0x20, 0x33, 0x20, 0x44, 0x61, 0x79, 0x73, 0x2E, 0x20, 0x43, 0x65,
    0x72, 0x74, 0x61, 0x69, 0x6E, 0x20, 0x72, 0x65, 0x73, 0x74, 0x72, 0x69, 0x63, 0x74, 0x69, 0x6F,
    0x6E, 0x73, 0x20, 0x61, 0x70, 0x70, 0x6C, 0x79, 0x2E, 0x20, 0x56, 0x69, 0x73, 0x69, 0x74, 0x20,
    0x73, 0x68, 0x6F, 0x70, 0x2E, 0x62, 0x61, 0x74, 0x74, 0x6C, 0x65, 0x2E, 0x6E, 0x65, 0x74, 0x20,
    0x66, 0x6F, 0x72, 0x20, 0x6D, 0x6F, 0x72, 0x65, 0x20, 0x69, 0x6E, 0x66, 0x6F, 0x72, 0x6D, 0x61,
    0x74, 0x69, 0x6F, 0x6E, 0x2E, 0x7C, 0x72, 0x00, 0x08, 0x00, 0x00, 0x70, 0x6A, 0x00, 0x00, 0xDA,
    0x01, 0x00, 0x00, 0xA9, 0x00, 0x00, 0x00, 0x9D, 0x03, 0x00, 0x00, 0x2A, 0x00, 0x00, 0x00, 0x00,
    0x00, 0x00, 0x00, 0x00, 0x80, 0xC0, 0xE0, 0x00, 0x24, 0x60, 0x00, 0x00, 0x00, 0x00, 0x00, 0x00,
    0x00, 0x00, 0x00, 0x00, 0x00, 0x00, 0x00, 0x00, 0x00, 0x00, 0x00, 0x00, 0x00, 0x06, 0x00, 0x00,
    0x00, 0xB8, 0x30, 0x11, 0x00, 0x0A, 0x00, 0x00, 0x00, 0x36, 0x20, 0x4E, 0x61, 0x6D, 0x65, 0x20,
    0x43, 0x68, 0x61, 0x6E, 0x67, 0x65, 0x73, 0x47, 0x65, 0x74, 0x20, 0x61, 0x20, 0x73, 0x69, 0x78,
    0x2D, 0x70, 0x61, 0x63, 0x6B, 0x20, 0x6F, 0x66, 0x20, 0x6E, 0x61, 0x6D, 0x65, 0x20, 0x63, 0x68,
    0x61, 0x6E, 0x67, 0x65, 0x73, 0x20, 0x74, 0x6F, 0x20, 0x72, 0x65, 0x6E, 0x61, 0x6D, 0x65, 0x20,
    0x6D, 0x75, 0x6C, 0x74, 0x69, 0x70, 0x6C, 0x65, 0x20, 0x63, 0x68, 0x61, 0x72, 0x61, 0x63, 0x74,
    0x65, 0x72, 0x73, 0x2E, 0x20, 0x59, 0x6F, 0x75, 0x20, 0x63, 0x61, 0x6E, 0x20, 0x75, 0x73, 0x65,
    0x20, 0x74, 0x68, 0x65, 0x6D, 0x20, 0x61, 0x6C, 0x6C, 0x20, 0x61, 0x74, 0x20, 0x6F, 0x6E, 0x63,
    0x65, 0x20, 0x6F, 0x72, 0x20, 0x73, 0x61, 0x76, 0x65, 0x20, 0x73, 0x6F, 0x6D, 0x65, 0x20, 0x66,
    0x6F, 0x72, 0x20, 0x6C, 0x61, 0x74, 0x65, 0x72, 0x2E, 0x0D, 0x0A, 0x0D, 0x0A, 0x7C, 0x63, 0x66,
    0x66, 0x36, 0x36, 0x62, 0x62, 0x66, 0x66, 0x53, 0x65, 0x72, 0x76, 0x69, 0x63, 0x65, 0x20, 0x63,
    0x61, 0x6E, 0x6E, 0x6F, 0x74, 0x20, 0x62, 0x65, 0x20, 0x61, 0x70, 0x70, 0x6C, 0x69, 0x65, 0x64,
    0x20, 0x74, 0x6F, 0x20, 0x61, 0x20, 0x63, 0x68, 0x61, 0x72, 0x61, 0x63, 0x74, 0x65, 0x72, 0x20,
    0x74, 0x68, 0x61, 0x74, 0x20, 0x63, 0x6F, 0x6D, 0x70, 0x6C, 0x65, 0x74, 0x65, 0x64, 0x20, 0x61,
    0x20, 0x6E, 0x61, 0x6D, 0x65, 0x20, 0x63, 0x68, 0x61, 0x6E, 0x67, 0x65, 0x20, 0x69, 0x6E, 0x20,
    0x74, 0x68, 0x65, 0x20, 0x70, 0x61, 0x73, 0x74, 0x20, 0x33, 0x20, 0x44, 0x61, 0x79, 0x73, 0x2E,
    0x20, 0x43, 0x65, 0x72, 0x74, 0x61, 0x69, 0x6E, 0x20, 0x72, 0x65, 0x73, 0x74, 0x72, 0x69, 0x63,
    0x74, 0x69, 0x6F, 0x6E, 0x73, 0x20, 0x61, 0x70, 0x70, 0x6C, 0x79, 0x2E, 0x20, 0x56, 0x69, 0x73,
    0x69, 0x74, 0x20, 0x73, 0x68, 0x6F, 0x70, 0x2E, 0x62, 0x61, 0x74, 0x74, 0x6C, 0x65, 0x2E, 0x6E,
    0x65, 0x74, 0x20, 0x66, 0x6F, 0x72, 0x20, 0x6D, 0x6F, 0x72, 0x65, 0x20, 0x69, 0x6E, 0x66, 0x6F,
    0x72, 0x6D, 0x61, 0x74, 0x69, 0x6F, 0x6E, 0x2E, 0x7C, 0x72, 0x0D, 0x02, 0x00, 0x00, 0x8B, 0x00,
    0x00, 0x00, 0x35, 0x04, 0x00, 0x00, 0x2C, 0x00, 0x00, 0x00, 0x00, 0x00, 0x00, 0x00, 0x00, 0x80,
    0xC1, 0x80, 0x00, 0x00, 0x00, 0xF4, 0x00, 0x04, 0x00, 0x00, 0x00, 0x00, 0x02, 0x00, 0x00, 0x00,
    0x09, 0x00, 0x00, 0x00, 0x00, 0x00, 0x00, 0x00, 0x00, 0x00, 0x00, 0x00, 0x7B, 0x61, 0x51, 0x00,
    0xA4, 0x01, 0x00, 0x00, 0x44, 0x72, 0x65, 0x61, 0x64, 0x6C, 0x6F, 0x72, 0x64, 0x27, 0x73, 0x20,
    0x52, 0x65, 0x67, 0x61, 0x6C, 0x69, 0x61, 0x20, 0x50, 0x61, 0x63, 0x6B, 0x42, 0x65, 0x77, 0x61,
    0x72, 0x65, 0x20, 0x74, 0x68, 0x65, 0x20, 0x64, 0x65, 0x65, 0x70, 0x20, 0x73, 0x68, 0x61, 0x64,
    0x6F, 0x77, 0x73, 0x2C, 0x20, 0x66, 0x6F, 0x72, 0x20, 0x74, 0x68, 0x65, 0x20, 0x6E, 0x61, 0x74,
    0x68, 0x72, 0x65, 0x7A, 0x69, 0x6D, 0x20, 0x61, 0x72, 0x65, 0x20, 0x74, 0x68, 0x65, 0x69, 0x72,
    0x20, 0x6D, 0x61, 0x73, 0x74, 0x65, 0x72, 0x73, 0x2E, 0x20, 0x44, 0x72, 0x65, 0x61, 0x64, 0x6C,
    0x6F, 0x72, 0x64, 0x73, 0x20, 0x61, 0x72, 0x65, 0x20, 0x63, 0x75, 0x6E, 0x6E, 0x69, 0x6E, 0x67,
    0x20, 0x6D, 0x61, 0x6E, 0x69, 0x70, 0x75, 0x6C, 0x61, 0x74, 0x6F, 0x72, 0x73, 0x20, 0x61, 0x64,
    0x65, 0x70, 0x74, 0x20, 0x69, 0x6E, 0x20, 0x69, 0x6C, 0x6C, 0x75, 0x73, 0x69, 0x6F, 0x6E, 0x20,
    0x61, 0x6E, 0x64, 0x20, 0x64, 0x69, 0x73, 0x67, 0x75, 0x69, 0x73, 0x65, 0x2C, 0x20, 0x61, 0x6E,
    0x64, 0x20, 0x6E, 0x6F, 0x77, 0x20, 0x79, 0x6F, 0x75, 0x20, 0x63, 0x61, 0x6E, 0x20, 0x61, 0x63,
    0x71, 0x75, 0x69, 0x72, 0x65, 0x20, 0x6E, 0x6F, 0x74, 0x20, 0x6F, 0x6E, 0x65, 0x2C, 0x20, 0x62,
    0x75, 0x74, 0x20, 0x74, 0x77, 0x6F, 0x20, 0x44, 0x72, 0x65, 0x61, 0x64, 0x6C, 0x6F, 0x72, 0x64,
    0x27, 0x73, 0x20, 0x52, 0x65, 0x67, 0x61, 0x6C, 0x69, 0x61, 0x20, 0x74, 0x72, 0x61, 0x6E, 0x73,
    0x6D, 0x6F, 0x67, 0x20, 0x73, 0x65, 0x74, 0x73, 0x20, 0x74, 0x6F, 0x20, 0x67, 0x65, 0x74, 0x20,
    0x74, 0x6F, 0x20, 0x74, 0x68, 0x65, 0x6D, 0x20, 0x63, 0x6C, 0x6F, 0x73, 0x65, 0x72, 0x20, 0x74,
    0x68, 0x61, 0x6E, 0x20, 0x65, 0x76, 0x65, 0x72, 0x20, 0x62, 0x65, 0x66, 0x6F, 0x72, 0x65, 0x2E,
    0x10, 0x00, 0x00, 0x00, 0x07, 0x00, 0x00, 0x00, 0x00, 0x00, 0x25, 0x01, 0x00, 0x00, 0x1A, 0x0D,
    0x00, 0x00, 0x44, 0x72, 0x65, 0x61, 0x64, 0x6C, 0x6F, 0x72, 0x64, 0x27, 0x73, 0x20, 0x53, 0x68,
    0x61, 0x64, 0x6F, 0x77, 0x62, 0x61, 0x6E, 0x65, 0x20, 0x41, 0x72, 0x6D, 0x6F, 0x72, 0x06, 0xC0,
    0x00, 0x00, 0x00, 0x00, 0x25, 0x01, 0x00, 0x00, 0x1B, 0x0D, 0x00, 0x00, 0x44, 0x72, 0x65, 0x61,
    0x64, 0x6C, 0x6F, 0x72, 0x64, 0x27, 0x73, 0x20, 0x56, 0x65, 0x6E, 0x6F, 0x6D, 0x62, 0x61, 0x6E,
    0x65, 0x20, 0x41, 0x72, 0x6D, 0x6F, 0x72, 0x0F, 0x02, 0x00, 0x00, 0x8B, 0x00, 0x00, 0x00, 0x49,
    0x04, 0x00, 0x00, 0x2B, 0x00, 0x00, 0x00, 0x00, 0x00, 0x00, 0x00, 0x00, 0x80, 0xC1, 0xE0, 0x00,
    0x0D, 0xE0, 0x47, 0x00, 0x04, 0x00, 0x00, 0x00, 0x00, 0x01, 0x00, 0x00, 0x00, 0x09, 0x00, 0x00,
    0x00, 0x00, 0x00, 0x00, 0x00, 0x00, 0x00, 0x00, 0x00, 0x0A, 0x97, 0x57, 0x00, 0xA4, 0x01, 0x00,
    0x00, 0x47, 0x72, 0x65, 0x65, 0x6E, 0x20, 0x53, 0x6E, 0x75, 0x67, 0x67, 0x6C, 0x65, 0x66, 0x69,
    0x6E, 0x20, 0x4D, 0x75, 0x72, 0x6C, 0x6F, 0x63, 0x20, 0x52, 0x6F, 0x6D, 0x70, 0x65, 0x72, 0x49,
    0x74, 0x27, 0x73, 0x20, 0x65, 0x61, 0x73, 0x79, 0x20, 0x62, 0x65, 0x69, 0x6E, 0x67, 0x20, 0x67,
    0x72, 0x65, 0x65, 0x6E, 0x20, 0x77, 0x68, 0x65, 0x6E, 0x20, 0x79, 0x6F, 0x75, 0x27, 0x72, 0x65,
    0x20, 0x74, 0x68, 0x69, 0x73, 0x20, 0x63, 0x6F, 0x6D, 0x66, 0x79, 0x2E, 0x20, 0x44, 0x6F, 0x6E,
    0x20, 0x74, 0x68, 0x65, 0x20, 0x48, 0x61, 0x70, 0x70, 0x79, 0x20, 0x6F, 0x72, 0x20, 0x41, 0x6E,
    0x67, 0x72, 0x79, 0x20, 0x48, 0x6F, 0x6F, 0x64, 0x20, 0x74, 0x6F, 0x20, 0x62, 0x65, 0x63, 0x6F,
    0x6D, 0x65, 0x20, 0x6F, 0x6E, 0x65, 0x20, 0x77, 0x69, 0x74, 0x68, 0x20, 0x79, 0x6F, 0x75, 0x72,
    0x20, 0x69, 0x6E, 0x6E, 0x65, 0x72, 0x20, 0x4D, 0x75, 0x72, 0x6C, 0x6F, 0x63, 0x21, 0x43, 0x65,
    0x72, 0x74, 0x61, 0x69, 0x6E, 0x20, 0x72, 0x65, 0x73, 0x74, 0x72, 0x69, 0x63, 0x74, 0x69, 0x6F,
    0x6E, 0x73, 0x20, 0x61, 0x70, 0x70, 0x6C, 0x79, 0x2E, 0x20, 0x56, 0x69, 0x73, 0x69, 0x74, 0x20,
    0x73, 0x68, 0x6F, 0x70, 0x2E, 0x62, 0x61, 0x74, 0x74, 0x6C, 0x65, 0x2E, 0x6E, 0x65, 0x74, 0x20,
    0x66, 0x6F, 0x72, 0x20, 0x6D, 0x6F, 0x72, 0x65, 0x20, 0x69, 0x6E, 0x66, 0x6F, 0x72, 0x6D, 0x61,
    0x74, 0x69, 0x6F, 0x6E, 0x2E, 0x10, 0x00, 0x00, 0x00, 0x07, 0x80, 0x00, 0x00, 0x00, 0x00, 0x25,
    0x01, 0x00, 0x00, 0x32, 0x0E, 0x00, 0x00, 0x47, 0x72, 0x65, 0x65, 0x6E, 0x20, 0x53, 0x6E, 0x75,
    0x67, 0x67, 0x6C, 0x65, 0x66, 0x69, 0x6E, 0x20, 0x4D, 0x75, 0x72, 0x6C, 0x6F, 0x63, 0x20, 0x52,
    0x6F, 0x6D, 0x70, 0x65, 0x72, 0x56, 0x02, 0x00, 0x00, 0xC3, 0x00, 0x00, 0x00, 0xAB, 0x04, 0x00,
    0x00, 0x00, 0x00, 0x00, 0x00, 0x00, 0x00, 0x00, 0x00, 0x00, 0x80, 0xC1, 0x80, 0x00, 0x16, 0xE0,
    0x48, 0x00, 0x04, 0x80, 0x00, 0x00, 0x00, 0x01, 0x00, 0x00, 0x00, 0x04, 0x00, 0x00, 0x00, 0x00,
    0x00, 0x00, 0x00, 0x00, 0x00, 0x00, 0x00, 0xA4, 0x23, 0x5A, 0x00, 0x02, 0x01, 0x00, 0x00, 0x47,
    0x72, 0x69, 0x7A, 0x7A, 0x6C, 0x79, 0x20, 0x48, 0x69, 0x6C, 0x6C, 0x73, 0x20, 0x50, 0x61, 0x63,
    0x6B, 0x6D, 0x61, 0x73, 0x74, 0x65, 0x72, 0x42, 0x65, 0x61, 0x72, 0x69, 0x6E, 0x67, 0x20, 0x61,
    0x20, 0x70, 0x61, 0x63, 0x6B, 0x20, 0x66, 0x69, 0x6C, 0x6C, 0x65, 0x64, 0x20, 0x77, 0x69, 0x74,
    0x68, 0x20, 0x67, 0x61, 0x64, 0x67, 0x65, 0x74, 0x73, 0x20, 0x61, 0x6E, 0x64, 0x20, 0x67, 0x69,
    0x7A, 0x6D, 0x6F, 0x73, 0x2C, 0x20, 0x74, 0x68, 0x65, 0x20, 0x47, 0x72, 0x69, 0x7A, 0x7A, 0x6C,
    0x79, 0x20, 0x48, 0x69, 0x6C, 0x6C, 0x73, 0x20, 0x50, 0x61, 0x63, 0x6B, 0x6D, 0x61, 0x73, 0x74,
    0x65, 0x72, 0x20, 0x6C, 0x65, 0x74, 0x73, 0x20, 0x79, 0x6F, 0x75, 0x20, 0x72, 0x65, 0x70, 0x61,
    0x69, 0x72, 0x20, 0x61, 0x6E, 0x64, 0x20, 0x74, 0x72, 0x61, 0x6E, 0x73, 0x6D, 0x6F, 0x67, 0x72,
    0x69, 0x66, 0x79, 0x20, 0x6F, 0x6E, 0x20, 0x74, 0x68, 0x65, 0x20, 0x67, 0x6F, 0x20, 0x74, 0x6F,
    0x20, 0x6B, 0x65, 0x65, 0x70, 0x20, 0x79, 0x6F, 0x75, 0x72, 0x20, 0x61, 0x72, 0x6D, 0x6F, 0x72,
    0x20, 0x73, 0x68, 0x69, 0x6E, 0x79, 0x20, 0x61, 0x73, 0x20, 0x6E, 0x65, 0x77, 0x20, 0x66, 0x6F,
    0x72, 0x20, 0x79, 0x6F, 0x75, 0x72, 0x20, 0x61, 0x64, 0x76, 0x65, 0x6E, 0x74, 0x75, 0x72, 0x65,
    0x73, 0x20, 0x69, 0x6E, 0x20, 0x41, 0x7A, 0x65, 0x72, 0x6F, 0x74, 0x68, 0x2E, 0x2A, 0x2A, 0x43,
    0x65, 0x72, 0x74, 0x61, 0x69, 0x6E, 0x20, 0x72, 0x65, 0x73, 0x74, 0x72, 0x69, 0x63, 0x74, 0x69,
    0x6F, 0x6E, 0x73, 0x20, 0x61, 0x70, 0x70, 0x6C, 0x79, 0x2E, 0x20, 0x56, 0x69, 0x73, 0x69, 0x74,
    0x20, 0x73, 0x68, 0x6F, 0x70, 0x2E, 0x62, 0x61, 0x74, 0x74, 0x6C, 0x65, 0x2E, 0x6E, 0x65, 0x74,
    0x20, 0x66, 0x6F, 0x72, 0x20, 0x6D, 0x6F, 0x72, 0x65, 0x20, 0x69, 0x6E, 0x66, 0x6F, 0x72, 0x6D,
    0x61, 0x74, 0x69, 0x6F, 0x6E, 0x2E, 0x10, 0x00, 0x00, 0x00, 0x06, 0x6D, 0x00, 0x00, 0x06, 0x00,
    0x32, 0xD9, 0x01, 0x00, 0xAE, 0x03, 0x00, 0x00, 0x00, 0x00, 0x00, 0x00, 0x47, 0x72, 0x69, 0x7A,
    0x7A, 0x6C, 0x79, 0x20, 0x48, 0x69, 0x6C, 0x6C, 0x73, 0x20, 0x50, 0x61, 0x63, 0x6B, 0x6D, 0x61,
    0x73, 0x74, 0x65, 0x72, 0x57, 0x02, 0x00, 0x00, 0x0F, 0x00, 0x00, 0x00, 0xAB, 0x04, 0x00, 0x00,
    0x3D, 0x00, 0x00, 0x00, 0x00, 0x00, 0x00, 0x00, 0x00, 0x80, 0xC1, 0x80, 0x00, 0x00, 0x00, 0xB6,
    0x00, 0x00, 0x00, 0x00, 0x00, 0x00, 0x01, 0x00, 0x00, 0x00, 0x00, 0x00, 0x00, 0x00, 0x00, 0x00,
    0x00, 0x00, 0x00, 0x00, 0x00, 0x00, 0xA4, 0x23, 0x5A, 0x00, 0xAE, 0x03, 0x00, 0x00, 0x47, 0x72,
    0x69, 0x7A, 0x7A, 0x6C, 0x79, 0x20, 0x48, 0x69, 0x6C, 0x6C, 0x73, 0x20, 0x50, 0x61, 0x63, 0x6B,
    0x6D, 0x61, 0x73, 0x74, 0x65, 0x72, 0x42, 0x65, 0x61, 0x72, 0x69, 0x6E, 0x67, 0x20, 0x61, 0x20,
    0x70, 0x61, 0x63, 0x6B, 0x20, 0x66, 0x69, 0x6C, 0x6C, 0x65, 0x64, 0x20, 0x77, 0x69, 0x74, 0x68,
    0x20, 0x67, 0x61, 0x64, 0x67, 0x65, 0x74, 0x73, 0x20, 0x61, 0x6E, 0x64, 0x20, 0x67, 0x69, 0x7A,
    0x6D, 0x6F, 0x73, 0x2C, 0x20, 0x74, 0x68, 0x65, 0x20, 0x47, 0x72, 0x69, 0x7A, 0x7A, 0x6C, 0x79,
    0x20, 0x48, 0x69, 0x6C, 0x6C, 0x73, 0x20, 0x50, 0x61, 0x63, 0x6B, 0x6D, 0x61, 0x73, 0x74, 0x65,
    0x72, 0x20, 0x6C, 0x65, 0x74, 0x73, 0x20, 0x79, 0x6F, 0x75, 0x20, 0x72, 0x65, 0x70, 0x61, 0x69,
    0x72, 0x20, 0x61, 0x6E, 0x64, 0x20, 0x74, 0x72, 0x61, 0x6E, 0x73, 0x6D, 0x6F, 0x67, 0x72, 0x69,
    0x66, 0x79, 0x20, 0x6F, 0x6E, 0x20, 0x74, 0x68, 0x65, 0x20, 0x67, 0x6F, 0x20, 0x74, 0x6F, 0x20,
    0x6B, 0x65, 0x65, 0x70, 0x20, 0x79, 0x6F, 0x75, 0x72, 0x20, 0x61, 0x72, 0x6D, 0x6F, 0x72, 0x20,
    0x73, 0x68, 0x69, 0x6E, 0x79, 0x20, 0x61, 0x73, 0x20, 0x6E, 0x65, 0x77, 0x20, 0x66, 0x6F, 0x72,
    0x20, 0x79, 0x6F, 0x75, 0x72, 0x20, 0x61, 0x64, 0x76, 0x65, 0x6E, 0x74, 0x75, 0x72, 0x65, 0x73,
    0x20, 0x69, 0x6E, 0x20, 0x41, 0x7A, 0x65, 0x72, 0x6F, 0x74, 0x68, 0x2E, 0x06, 0x00, 0x32, 0xD9,
    0x01, 0x00, 0xAE, 0x03, 0x00, 0x00, 0x00, 0x00, 0x00, 0x00, 0x47, 0x72, 0x69, 0x7A, 0x7A, 0x6C,
    0x79, 0x20, 0x48, 0x69, 0x6C, 0x6C, 0x73, 0x20, 0x50, 0x61, 0x63, 0x6B, 0x6D, 0x61, 0x73, 0x74,
    0x65, 0x72, 0x64, 0x02, 0x00, 0x00, 0x0F, 0x00, 0x00, 0x00, 0xCE, 0x04, 0x00, 0x00, 0x3C, 0x00,
    0x00, 0x00, 0x00, 0x00, 0x00, 0x00, 0x00, 0x80, 0xC1, 0x20, 0x00, 0x00, 0x00, 0xFB, 0x00, 0x00,
    0x00, 0x00, 0x00, 0x00, 0x01, 0x00, 0x00, 0x00, 0x00, 0x00, 0x00, 0x00, 0x00, 0x00, 0x00, 0x00,
    0x00, 0x00, 0x00, 0x00, 0xF6, 0x5D, 0x5D, 0x00, 0xC6, 0x03, 0x00, 0x00, 0x54, 0x69, 0x6D, 0x62,
    0x65, 0x72, 0x65, 0x64, 0x20, 0x53, 0x6B, 0x79, 0x20, 0x53, 0x6E, 0x61, 0x6B, 0x65, 0x41, 0x20,
    0x6C, 0x69, 0x76, 0x69, 0x6E, 0x67, 0x2C, 0x20, 0x62, 0x72, 0x65, 0x61, 0x74, 0x68, 0x69, 0x6E,
    0x67, 0x2C, 0x20, 0x66, 0x6C, 0x79, 0x69, 0x6E, 0x67, 0x20, 0x77, 0x6F, 0x72, 0x6B, 0x20, 0x6F,
    0x66, 0x20, 0x61, 0x72, 0x74, 0x2E, 0x20, 0x54, 0x68, 0x65, 0x20, 0x54, 0x69, 0x6D, 0x62, 0x65,
    0x72, 0x65, 0x64, 0x20, 0x53, 0x6B, 0x79, 0x20, 0x53, 0x6E, 0x61, 0x6B, 0x65, 0x20, 0x69, 0x73,
    0x20, 0x73, 0x69, 0x6D, 0x70, 0x6C, 0x79, 0x20, 0x70, 0x69, 0x6E, 0x65, 0x2D, 0x69, 0x6E, 0x67,
    0x20, 0x66, 0x6F, 0x72, 0x20, 0x79, 0x6F, 0x75, 0x72, 0x20, 0x61, 0x74, 0x74, 0x65, 0x6E, 0x74,
    0x69, 0x6F, 0x6E, 0x21, 0x0D, 0x0A, 0x53, 0x6F, 0x61, 0x72, 0x20, 0x74, 0x68, 0x65, 0x20, 0x73,
    0x6B, 0x69, 0x65, 0x73, 0x20, 0x6F, 0x66, 0x20, 0x41, 0x7A, 0x65, 0x72, 0x6F, 0x74, 0x68, 0x20,
    0x69, 0x6E, 0x20, 0x73, 0x74, 0x79, 0x6C, 0x65, 0x20, 0x77, 0x69, 0x74, 0x68, 0x20, 0x74, 0x68,
    0x69, 0x73, 0x20, 0x53, 0x6B, 0x79, 0x72, 0x69, 0x64, 0x69, 0x6E, 0x67, 0x20, 0x6D, 0x6F, 0x75,
    0x6E, 0x74, 0x21, 0x0D, 0x0A, 0x0D, 0x0A, 0x7C, 0x63, 0x66, 0x66, 0x36, 0x36, 0x62, 0x62, 0x66,
    0x66, 0x20, 0x43, 0x65, 0x72, 0x74, 0x61, 0x69, 0x6E, 0x20, 0x72, 0x65, 0x73, 0x74, 0x72, 0x69,
    0x63, 0x74, 0x69, 0x6F, 0x6E, 0x73, 0x20, 0x61, 0x70, 0x70, 0x6C, 0x79, 0x2E, 0x20, 0x56, 0x69,
    0x73, 0x69, 0x74, 0x20, 0x73, 0x68, 0x6F, 0x70, 0x2E, 0x62, 0x61, 0x74, 0x74, 0x6C, 0x65, 0x2E,
    0x6E, 0x65, 0x74, 0x20, 0x66, 0x6F, 0x72, 0x20, 0x6D, 0x6F, 0x72, 0x65, 0x20, 0x69, 0x6E, 0x66,
    0x6F, 0x72, 0x6D, 0x61, 0x74, 0x69, 0x6F, 0x6E, 0x2E, 0x04, 0x80, 0x35, 0xE2, 0x01, 0x00, 0xC6,
    0x03, 0x00, 0x00, 0x00, 0x00, 0x00, 0x00, 0x54, 0x69, 0x6D, 0x62, 0x65, 0x72, 0x65, 0x64, 0x20,
    0x53, 0x6B, 0x79, 0x20, 0x53, 0x6E, 0x61, 0x6B, 0x65, 0x7C, 0x02, 0x00, 0x00, 0x0F, 0x00, 0x00,
    0x00, 0x0C, 0x05, 0x00, 0x00, 0x3B, 0x00, 0x00, 0x00, 0x00, 0x00, 0x00, 0x00, 0x00, 0x80, 0xC0,
    0xE0, 0x00, 0x00, 0x01, 0x74, 0x00, 0x00, 0x00, 0x00, 0x00, 0x00, 0x01, 0x00, 0x00, 0x00, 0x00,
    0x00, 0x00, 0x00, 0x00, 0x00, 0x00, 0x00, 0x00, 0x00, 0x00, 0x00, 0x05, 0x49, 0x60, 0x00, 0xF5,
    0x03, 0x00, 0x00, 0x4D, 0x65, 0x65, 0x6B, 0x73, 0x69, 0x20, 0x54, 0x65, 0x61, 0x74, 0x75, 0x66,
    0x74, 0x4D, 0x65, 0x65, 0x74, 0x20, 0x4D, 0x65, 0x65, 0x6B, 0x73, 0x69, 0x20, 0x54, 0x65, 0x61,
    0x74, 0x75, 0x66, 0x74, 0x2C, 0x20, 0x74, 0x68, 0x65, 0x20, 0x63, 0x68, 0x61, 0x72, 0x6D, 0x69,
    0x6E, 0x67, 0x20, 0x73, 0x6B, 0x79, 0x72, 0x69, 0x64, 0x69, 0x6E, 0x67, 0x20, 0x63, 0x6F, 0x6D,
    0x70, 0x61, 0x6E, 0x69, 0x6F, 0x6E, 0x20, 0x74, 0x68, 0x61, 0x74, 0x20, 0x74, 0x72, 0x61, 0x6E,
    0x73, 0x66, 0x6F, 0x72, 0x6D, 0x73, 0x20, 0x79, 0x6F, 0x75, 0x72, 0x20, 0x74, 0x65, 0x61, 0x20,
    0x74, 0x69, 0x6D, 0x65, 0x20, 0x69, 0x6E, 0x74, 0x6F, 0x20, 0x61, 0x20, 0x6D, 0x61, 0x67, 0x69,
    0x63, 0x61, 0x6C, 0x20, 0x65, 0x78, 0x70, 0x65, 0x72, 0x69, 0x65, 0x6E, 0x63, 0x65, 0x2E, 0x20,
    0x54, 0x68, 0x69, 0x73, 0x20, 0x61, 0x64, 0x6F, 0x72, 0x61, 0x62, 0x6C, 0x65, 0x20, 0x6D, 0x6F,
    0x75, 0x6E, 0x74, 0x20, 0x6E, 0x6F, 0x74, 0x20, 0x6F, 0x6E, 0x6C, 0x79, 0x20, 0x63, 0x61, 0x72,
    0x72, 0x69, 0x65, 0x73, 0x20, 0x64, 0x65, 0x6C, 0x69, 0x63, 0x69, 0x6F, 0x75, 0x73, 0x20, 0x74,
    0x65, 0x61, 0x73, 0x2C, 0x20, 0x62, 0x75, 0x74, 0x20, 0x61, 0x6C, 0x73, 0x6F, 0x20, 0x62, 0x72,
    0x69, 0x6E, 0x67, 0x73, 0x20, 0x6A, 0x6F, 0x79, 0x20, 0x61, 0x6E, 0x64, 0x20, 0x77, 0x61, 0x72,
    0x6D, 0x74, 0x68, 0x20, 0x69, 0x6E, 0x74, 0x6F, 0x20, 0x65, 0x76, 0x65, 0x72, 0x79, 0x20, 0x6D,
    0x6F, 0x6D, 0x65, 0x6E, 0x74, 0x20, 0x79, 0x6F, 0x75, 0x20, 0x73, 0x68, 0x61, 0x72, 0x65, 0x2E,
    0x0D, 0x0A, 0x53, 0x6F, 0x61, 0x72, 0x20, 0x74, 0x68, 0x65, 0x20, 0x73, 0x6B, 0x69, 0x65, 0x73,
    0x20, 0x6F, 0x66, 0x20, 0x41, 0x7A, 0x65, 0x72, 0x6F, 0x74, 0x68, 0x20, 0x69, 0x6E, 0x20, 0x73,
    0x74, 0x79, 0x6C, 0x65, 0x20, 0x77, 0x69, 0x74, 0x68, 0x20, 0x74, 0x68, 0x69, 0x73, 0x20, 0x53,
    0x6B, 0x79, 0x72, 0x69, 0x64, 0x69, 0x6E, 0x67, 0x20, 0x6D, 0x6F, 0x75, 0x6E, 0x74, 0x21, 0x0D,
    0x0A, 0x0D, 0x0A, 0x7C, 0x63, 0x66, 0x66, 0x36, 0x36, 0x62, 0x62, 0x66, 0x66, 0x20, 0x43, 0x65,
    0x72, 0x74, 0x61, 0x69, 0x6E, 0x20, 0x72, 0x65, 0x73, 0x74, 0x72, 0x69, 0x63, 0x74, 0x69, 0x6F,
    0x6E, 0x73, 0x20, 0x61, 0x70, 0x70, 0x6C, 0x79, 0x2E, 0x20, 0x56, 0x69, 0x73, 0x69, 0x74, 0x20,
    0x73, 0x68, 0x6F, 0x70, 0x2E, 0x62, 0x61, 0x74, 0x74, 0x6C, 0x65, 0x2E, 0x6E, 0x65, 0x74, 0x20,
    0x66, 0x6F, 0x72, 0x20, 0x6D, 0x6F, 0x72, 0x65, 0x20, 0x69, 0x6E, 0x66, 0x6F, 0x72, 0x6D, 0x61,
    0x74, 0x69, 0x6F, 0x6E, 0x2E, 0x03, 0x80, 0x60, 0xE6, 0x01, 0x00, 0xF5, 0x03, 0x00, 0x00, 0x00,
    0x00, 0x00, 0x00, 0x4D, 0x65, 0x65, 0x6B, 0x73, 0x69, 0x20, 0x54, 0x65, 0x61, 0x74, 0x75, 0x66,
    0x74, 0x88, 0x02, 0x00, 0x00, 0x0D, 0x00, 0x00, 0x00, 0x24, 0x05, 0x00, 0x00, 0x46, 0x00, 0x00,
    0x00, 0x00, 0x00, 0x00, 0x00, 0x00, 0x80, 0xC0, 0x40, 0x00, 0x00, 0x00, 0x9D, 0x00, 0x00, 0x00,
    0x00, 0x00, 0x00, 0x01, 0x00, 0x00, 0x00, 0x00, 0x00, 0x00, 0x00, 0x00, 0x00, 0x00, 0x00, 0x00,
    0x00, 0x00, 0x00, 0xF1, 0x58, 0x4C, 0x00, 0x13, 0x04, 0x00, 0x00, 0x46, 0x79, 0x72, 0x6E, 0x4D,
    0x65, 0x65, 0x74, 0x20, 0x46, 0x79, 0x72, 0x6E, 0x2C, 0x20, 0x79, 0x6F, 0x75, 0x72, 0x20, 0x74,
    0x69, 0x6E, 0x79, 0x20, 0x74, 0x72, 0x65, 0x65, 0x20, 0x67, 0x75, 0x61, 0x72, 0x64, 0x69, 0x61,
    0x6E, 0x20, 0x72, 0x65, 0x61, 0x64, 0x79, 0x20, 0x74, 0x6F, 0x20, 0x72, 0x6F, 0x6F, 0x74, 0x20,
    0x6F, 0x75, 0x74, 0x20, 0x74, 0x72, 0x6F, 0x75, 0x62, 0x6C, 0x65, 0x20, 0x69, 0x6E, 0x20, 0x41,
    0x7A, 0x65, 0x72, 0x6F, 0x74, 0x68, 0x21, 0x0D, 0x0A, 0x0D, 0x0A, 0x7C, 0x63, 0x66, 0x66, 0x36,
    0x36, 0x62, 0x62, 0x66, 0x66, 0x43, 0x65, 0x72, 0x74, 0x61, 0x69, 0x6E, 0x20, 0x72, 0x65, 0x73,
    0x74, 0x72, 0x69, 0x63, 0x74, 0x69, 0x6F, 0x6E, 0x73, 0x20, 0x61, 0x70, 0x70, 0x6C, 0x79, 0x2E,
    0x20, 0x56, 0x69, 0x73, 0x69, 0x74, 0x20, 0x73, 0x68, 0x6F, 0x70, 0x2E, 0x62, 0x61, 0x74, 0x74,
    0x6C, 0x65, 0x2E, 0x6E, 0x65, 0x74, 0x20, 0x66, 0x6F, 0x72, 0x20, 0x6D, 0x6F, 0x72, 0x65, 0x20,
    0x69, 0x6E, 0x66, 0x6F, 0x72, 0x6D, 0x61, 0x74, 0x69, 0x6F, 0x6E, 0x2E, 0x01, 0x00, 0x71, 0xBC,
    0x01, 0x00, 0x13, 0x04, 0x00, 0x00, 0x00, 0x00, 0x00, 0x00, 0x46, 0x79, 0x72, 0x6E, 0x8B, 0x02,
    0x00, 0x00, 0xD9, 0x00, 0x00, 0x00, 0x29, 0x05, 0x00, 0x00, 0x00, 0x00, 0x00, 0x00, 0x00, 0x00,
    0x00, 0x00, 0x00, 0x80, 0xC1, 0x50, 0x00, 0x19, 0xE2, 0x39, 0x00, 0x04, 0x80, 0x00, 0x00, 0x00,
    0x06, 0x00, 0x00, 0x00, 0x04, 0x00, 0x00, 0x00, 0x00, 0x00, 0x00, 0x00, 0x00, 0x00, 0x00, 0x00,
    0xD9, 0x50, 0x66, 0x00, 0x02, 0x01, 0x00, 0x00, 0x57, 0x69, 0x6E, 0x67, 0x73, 0x20, 0x61, 0x6E,
    0x64, 0x20, 0x57, 0x69, 0x73, 0x64, 0x6F, 0x6D, 0x20, 0x50, 0x61, 0x63, 0x6B, 0x53, 0x6F, 0x61,
    0x72, 0x69, 0x6E, 0x67, 0x20, 0x6F, 0x76, 0x65, 0x72, 0x20, 0x41, 0x7A, 0x65, 0x72, 0x6F, 0x74,
    0x68, 0x20, 0x6F, 0x6E, 0x20, 0x79, 0x6F, 0x75, 0x72, 0x20, 0x62, 0x6C, 0x61, 0x63, 0x6B, 0x20,
    0x6F, 0x72, 0x20, 0x77, 0x68, 0x69, 0x74, 0x65, 0x20, 0x47, 0x72, 0x65, 0x61, 0x74, 0x20, 0x52,
    0x61, 0x76, 0x65, 0x6E, 0x2C, 0x20, 0x61, 0x64, 0x6F, 0x72, 0x6E, 0x65, 0x64, 0x20, 0x69, 0x6E,
    0x20, 0x66, 0x65, 0x61, 0x74, 0x68, 0x65, 0x72, 0x79, 0x20, 0x67, 0x61, 0x72, 0x62, 0x20, 0x69,
    0x6E, 0x73, 0x70, 0x69, 0x72, 0x65, 0x64, 0x20, 0x62, 0x79, 0x20, 0x4D, 0x65, 0x64, 0x69, 0x76,
    0x68, 0x20, 0x74, 0x68, 0x65, 0x20, 0x50, 0x72, 0x6F, 0x70, 0x68, 0x65, 0x74, 0x20, 0x61, 0x6E,
    0x64, 0x20, 0x4B, 0x68, 0x61, 0x64, 0x67, 0x61, 0x72, 0x20, 0x74, 0x68, 0x65, 0x20, 0x41, 0x72,
    0x63, 0x68, 0x6D, 0x61, 0x67, 0x65, 0x2C, 0x20, 0x74, 0x68, 0x65, 0x20, 0x77, 0x69, 0x73, 0x64,
    0x6F, 0x6D, 0x20, 0x6F, 0x66, 0x20, 0x74, 0x68, 0x65, 0x73, 0x65, 0x20, 0x47, 0x72, 0x65, 0x61,
    0x74, 0x20, 0x52, 0x61, 0x76, 0x65, 0x6E, 0x73, 0x20, 0x77, 0x69, 0x6C, 0x6C, 0x20, 0x62, 0x65,
    0x20, 0x62, 0x65, 0x73, 0x74, 0x6F, 0x77, 0x65, 0x64, 0x20, 0x75, 0x70, 0x6F, 0x6E, 0x20, 0x79,
    0x6F, 0x75, 0x20, 0x69, 0x6E, 0x20, 0x74, 0x69, 0x6D, 0x65, 0x2E, 0x2A, 0x2A, 0x53, 0x74, 0x61,
    0x66, 0x66, 0x20, 0x77, 0x65, 0x61, 0x70, 0x6F, 0x6E, 0x20, 0x74, 0x72, 0x61, 0x6E, 0x73, 0x6D,
    0x6F, 0x67, 0x73, 0x20, 0x61, 0x72, 0x65, 0x20, 0x6E, 0x6F, 0x74, 0x20, 0x61, 0x76, 0x61, 0x69,
    0x6C, 0x61, 0x62, 0x6C, 0x65, 0x20, 0x66, 0x6F, 0x72, 0x20, 0x74, 0x68, 0x65, 0x20, 0x66, 0x6F,
    0x6C, 0x6C, 0x6F, 0x77, 0x69, 0x6E, 0x67, 0x20, 0x63, 0x6C, 0x61, 0x73, 0x73, 0x65, 0x73, 0x3A,
    0x20, 0x44, 0x65, 0x61, 0x74, 0x68, 0x20, 0x4B, 0x6E, 0x69, 0x67, 0x68, 0x74, 0x2C, 0x20, 0x44,
    0x65, 0x6D, 0x6F, 0x6E, 0x20, 0x48, 0x75, 0x6E, 0x74, 0x65, 0x72, 0x2C, 0x20, 0x50, 0x61, 0x6C,
    0x61, 0x64, 0x69, 0x6E, 0x2C, 0x20, 0x61, 0x6E, 0x64, 0x20, 0x52, 0x6F, 0x67, 0x75, 0x65, 0x2E,
    0x20, 0x0D, 0x0A, 0x0D, 0x0A, 0x54, 0x68, 0x65, 0x20, 0x57, 0x69, 0x6E, 0x67, 0x73, 0x20, 0x61,
    0x6E, 0x64, 0x20, 0x57, 0x69, 0x73, 0x64, 0x6F, 0x6D, 0x20, 0x50, 0x61, 0x63, 0x6B, 0x20, 0x69,
    0x6E, 0x63, 0x6C, 0x75, 0x64, 0x65, 0x73, 0x20, 0x74, 0x68, 0x65, 0x20, 0x66, 0x6F, 0x6C, 0x6C,
    0x6F, 0x77, 0x69, 0x6E, 0x67, 0x3A, 0x20, 0x0D, 0x0A, 0x2D, 0x20, 0x50, 0x72, 0x6F, 0x70, 0x68,
    0x65, 0x74, 0x27, 0x73, 0x20, 0x47, 0x72, 0x65, 0x61, 0x74, 0x20, 0x52, 0x61, 0x76, 0x65, 0x6E,
    0x20, 0x0D, 0x0A, 0x2D, 0x20, 0x46, 0x65, 0x61, 0x74, 0x68, 0x65, 0x72, 0x65, 0x64, 0x20, 0x43,
    0x6F, 0x77, 0x6C, 0x20, 0x6F, 0x66, 0x20, 0x74, 0x68, 0x65, 0x20, 0x50, 0x72, 0x6F, 0x70, 0x68,
    0x65, 0x74, 0x20, 0x0D, 0x0A, 0x2D, 0x20, 0x46, 0x65, 0x61, 0x74, 0x68, 0x65, 0x72, 0x65, 0x64,
    0x20, 0x4D, 0x61, 0x6E, 0x74, 0x6C, 0x65, 0x20, 0x6F, 0x66, 0x20, 0x74, 0x68, 0x65, 0x20, 0x50,
    0x72, 0x6F, 0x70, 0x68, 0x65, 0x74, 0x20, 0x0D, 0x0A, 0x2D, 0x20, 0x46, 0x65, 0x61, 0x74, 0x68,
    0x65, 0x72, 0x65, 0x64, 0x20, 0x44, 0x72, 0x61, 0x70, 0x65, 0x20, 0x6F, 0x66, 0x20, 0x74, 0x68,
    0x65, 0x20, 0x50, 0x72, 0x6F, 0x70, 0x68, 0x65, 0x74, 0x20, 0x0D, 0x0A, 0x2D, 0x20, 0x53, 0x74,
    0x61, 0x6E, 0x64, 0x61, 0x72, 0x64, 0x20, 0x6F, 0x66, 0x20, 0x74, 0x68, 0x65, 0x20, 0x50, 0x72,
    0x6F, 0x70, 0x68, 0x65, 0x74, 0x20, 0x0D, 0x0A, 0x2D, 0x20, 0x41, 0x72, 0x63, 0x68, 0x6D, 0x61,
    0x67, 0x65, 0x27, 0x73, 0x20, 0x47, 0x72, 0x65, 0x61, 0x74, 0x20, 0x52, 0x61, 0x76, 0x65, 0x6E,
    0x20, 0x0D, 0x0A, 0x2D, 0x20, 0x46, 0x65, 0x61, 0x74, 0x68, 0x65, 0x72, 0x65, 0x64, 0x20, 0x43,
    0x6F, 0x77, 0x6C, 0x20, 0x6F, 0x66, 0x20, 0x74, 0x68, 0x65, 0x20, 0x41, 0x72, 0x63, 0x68, 0x6D,
    0x61, 0x67, 0x65, 0x20, 0x0D, 0x0A, 0x2D, 0x20, 0x46, 0x65, 0x61, 0x74, 0x68, 0x65, 0x72, 0x65,
    0x64, 0x20, 0x4D, 0x61, 0x6E, 0x74, 0x6C, 0x65, 0x20, 0x6F, 0x66, 0x20, 0x74, 0x68, 0x65, 0x20,
    0x41, 0x72, 0x63, 0x68, 0x6D, 0x61, 0x67, 0x65, 0x20, 0x0D, 0x0A, 0x2D, 0x20, 0x46, 0x65, 0x61,
    0x74, 0x68, 0x65, 0x72, 0x65, 0x64, 0x20, 0x44, 0x72, 0x61, 0x70, 0x65, 0x20, 0x6F, 0x66, 0x20,
    0x74, 0x68, 0x65, 0x20, 0x41, 0x72, 0x63, 0x68, 0x6D, 0x61, 0x67, 0x65, 0x20, 0x0D, 0x0A, 0x2D,
    0x20, 0x53, 0x74, 0x61, 0x6E, 0x64, 0x61, 0x72, 0x64, 0x20, 0x6F, 0x66, 0x20, 0x74, 0x68, 0x65,
    0x20, 0x41, 0x72, 0x63, 0x68, 0x6D, 0x61, 0x67, 0x65, 0x20, 0x0D, 0x0A, 0x0D, 0x0A, 0x43, 0x65,
    0x72, 0x74, 0x61, 0x69, 0x6E, 0x20, 0x72, 0x65, 0x73, 0x74, 0x72, 0x69, 0x63, 0x74, 0x69, 0x6F,
    0x6E, 0x73, 0x20, 0x61, 0x70, 0x70, 0x6C, 0x79, 0x2E, 0x20, 0x56, 0x69, 0x73, 0x69, 0x74, 0x20,
    0x73, 0x68, 0x6F, 0x70, 0x2E, 0x62, 0x61, 0x74, 0x74, 0x6C, 0x65, 0x2E, 0x6E, 0x65, 0x74, 0x20,
    0x66, 0x6F, 0x72, 0x20, 0x6D, 0x6F, 0x72, 0x65, 0x20, 0x69, 0x6E, 0x66, 0x6F, 0x72, 0x6D, 0x61,
    0x74, 0x69, 0x6F, 0x6E, 0x2E, 0x10, 0x00, 0x00, 0x00, 0x61, 0x7C, 0x00, 0x00, 0x05, 0x40, 0x67,
    0xF3, 0x01, 0x00, 0x1B, 0x04, 0x00, 0x00, 0x00, 0x00, 0x00, 0x00, 0x50, 0x72, 0x6F, 0x70, 0x68,
    0x65, 0x74, 0x27, 0x73, 0x20, 0x47, 0x72, 0x65, 0x61, 0x74, 0x20, 0x52, 0x61, 0x76, 0x65, 0x6E,
    0x08, 0xC0, 0x00, 0x00, 0x00, 0x00, 0x25, 0x01, 0x00, 0x00, 0xC7, 0x11, 0x00, 0x00, 0x46, 0x65,
    0x61, 0x74, 0x68, 0x65, 0x72, 0x65, 0x64, 0x20, 0x43, 0x6F, 0x6C, 0x6C, 0x65, 0x63, 0x74, 0x69,
    0x6F, 0x6E, 0x20, 0x6F, 0x66, 0x20, 0x74, 0x68, 0x65, 0x20, 0x50, 0x72, 0x6F, 0x70, 0x68, 0x65,
    0x74, 0x05, 0xC0, 0x00, 0x00, 0x00, 0x00, 0xA9, 0x03, 0x00, 0x00, 0x20, 0x11, 0x00, 0x00, 0x53,
    0x74, 0x61, 0x6E, 0x64, 0x61, 0x72, 0x64, 0x20, 0x6F, 0x66, 0x20, 0x74, 0x68, 0x65, 0x20, 0x50,
    0x72, 0x6F, 0x70, 0x68, 0x65, 0x74, 0x05, 0x80, 0x8D, 0xF3, 0x01, 0x00, 0x1B, 0x04, 0x00, 0x00,
    0x00, 0x00, 0x00, 0x00, 0x41, 0x72, 0x63, 0x68, 0x6D, 0x61, 0x67, 0x65, 0x27, 0x73, 0x20, 0x47,
    0x72, 0x65, 0x61, 0x74, 0x20, 0x52, 0x61, 0x76, 0x65, 0x6E, 0x09, 0x00, 0x00, 0x00, 0x00, 0x00,
    0x25, 0x01, 0x00, 0x00, 0xC6, 0x11, 0x00, 0x00, 0x46, 0x65, 0x61, 0x74, 0x68, 0x65, 0x72, 0x65,
    0x64, 0x20, 0x43, 0x6F, 0x6C, 0x6C, 0x65, 0x63, 0x74, 0x69, 0x6F, 0x6E, 0x20, 0x6F, 0x66, 0x20,
    0x74, 0x68, 0x65, 0x20, 0x41, 0x72, 0x63, 0x68, 0x6D, 0x61, 0x67, 0x65, 0x06, 0x00, 0x00, 0x00,
    0x00, 0x00, 0xA9, 0x03, 0x00, 0x00, 0x1B, 0x11, 0x00, 0x00, 0x53, 0x74, 0x61, 0x6E, 0x64, 0x61,
    0x72, 0x64, 0x20, 0x6F, 0x66, 0x20, 0x74, 0x68, 0x65, 0x20, 0x41, 0x72, 0x63, 0x68, 0x6D, 0x61,
    0x67, 0x65, 0xBB, 0x02, 0x00, 0x00, 0xE1, 0x00, 0x00, 0x00, 0xA9, 0x05, 0x00, 0x00, 0x00, 0x00,
    0x00, 0x00, 0x00, 0x00, 0x00, 0x00, 0x00, 0x80, 0xC1, 0x20, 0x00, 0x12, 0xC2, 0xDB, 0x00, 0x04,
    0x80, 0x00, 0x00, 0x00, 0x02, 0x00, 0x00, 0x00, 0x04, 0x00, 0x00, 0x00, 0x00, 0x00, 0x00, 0x00,
    0x00, 0x00, 0x00, 0x00, 0x99, 0x1F, 0x69, 0x00, 0x02, 0x01, 0x00, 0x00, 0x43, 0x72, 0x69, 0x6D,
    0x73, 0x6F, 0x6E, 0x20, 0x43, 0x6F, 0x75, 0x72, 0x74, 0x20, 0x50, 0x61, 0x63, 0x6B, 0x53, 0x6C,
    0x61, 0x79, 0x20, 0x69, 0x6E, 0x20, 0x73, 0x61, 0x6E, 0x67, 0x75, 0x69, 0x6E, 0x65, 0x20, 0x73,
    0x74, 0x79, 0x6C, 0x65, 0x20, 0x77, 0x69, 0x74, 0x68, 0x20, 0x74, 0x68, 0x69, 0x73, 0x20, 0x4C,
    0x61, 0x6E, 0x61, 0x27, 0x74, 0x68, 0x65, 0x6C, 0x2D, 0x69, 0x6E, 0x73, 0x70, 0x69, 0x72, 0x65,
    0x64, 0x20, 0x74, 0x72, 0x61, 0x6E, 0x73, 0x6D, 0x6F, 0x67, 0x20, 0x73, 0x65, 0x74, 0x20, 0x61,
    0x6E, 0x64, 0x20, 0x73, 0x77, 0x69, 0x72, 0x6C, 0x69, 0x6E, 0x67, 0x20, 0x43, 0x72, 0x69, 0x6D,
    0x73, 0x6F, 0x6E, 0x20, 0x43, 0x61, 0x73, 0x63, 0x61, 0x64, 0x65, 0x20, 0x6D, 0x6F, 0x75, 0x6E,
    0x74, 0x2E, 0x20, 0x42, 0x65, 0x20, 0x74, 0x68, 0x65, 0x20, 0x6C, 0x69, 0x66, 0x65, 0x20, 0x6F,
    0x66, 0x20, 0x74, 0x68, 0x65, 0x20, 0x70, 0x61, 0x72, 0x74, 0x79, 0x2D, 0x2D, 0x6F, 0x72, 0x2C,
    0x20, 0x70, 0x65, 0x72, 0x68, 0x61, 0x70, 0x73, 0x2C, 0x20, 0x64, 0x72, 0x61, 0x69, 0x6E, 0x20,
    0x69, 0x74, 0x2E, 0x2A, 0x2A, 0x54, 0x68, 0x65, 0x20, 0x43, 0x72, 0x69, 0x6D, 0x73, 0x6F, 0x6E,
    0x20, 0x43, 0x6F, 0x75, 0x72, 0x74, 0x20, 0x50, 0x61, 0x63, 0x6B, 0x20, 0x69, 0x6E, 0x63, 0x6C,
    0x75, 0x64, 0x65, 0x73, 0x20, 0x74, 0x68, 0x65, 0x20, 0x66, 0x6F, 0x6C, 0x6C, 0x6F, 0x77, 0x69,
    0x6E, 0x67, 0x3A, 0x20, 0x20, 0x20, 0x0D, 0x0A, 0x2D, 0x20, 0x4C, 0x61, 0x6E, 0x61, 0x27, 0x74,
    0x68, 0x65, 0x6C, 0x27, 0x73, 0x20, 0x43, 0x72, 0x69, 0x6D, 0x73, 0x6F, 0x6E, 0x20, 0x43, 0x61,
    0x73, 0x63, 0x61, 0x64, 0x65, 0x20, 0x28, 0x4D, 0x6F, 0x75, 0x6E, 0x74, 0x29, 0x0D, 0x0A, 0x2D,
    0x20, 0x45, 0x6E, 0x73, 0x65, 0x6D, 0x62, 0x6C, 0x65, 0x3A, 0x20, 0x4C, 0x61, 0x6E, 0x61, 0x27,
    0x74, 0x68, 0x65, 0x6C, 0x27, 0x73, 0x20, 0x43, 0x72, 0x69, 0x6D, 0x73, 0x6F, 0x6E, 0x20, 0x43,
    0x6F, 0x75, 0x74, 0x75, 0x72, 0x65, 0x20, 0x28, 0x54, 0x72, 0x61, 0x6E, 0x73, 0x6D, 0x6F, 0x67,
    0x20, 0x53, 0x65, 0x74, 0x29, 0x0D, 0x0A, 0x20, 0x20, 0x2D, 0x20, 0x4C, 0x61, 0x6E, 0x61, 0x27,
    0x74, 0x68, 0x65, 0x6C, 0x27, 0x73, 0x20, 0x43, 0x72, 0x69, 0x6D, 0x73, 0x6F, 0x6E, 0x20, 0x43,
    0x72, 0x6F, 0x77, 0x6E, 0x0D, 0x0A, 0x20, 0x20, 0x2D, 0x20, 0x4C, 0x61, 0x6E, 0x61, 0x27, 0x74,
    0x68, 0x65, 0x6C, 0x27, 0x73, 0x20, 0x43, 0x72, 0x69, 0x6D, 0x73, 0x6F, 0x6E, 0x20, 0x4D, 0x61,
    0x6E, 0x74, 0x6C, 0x65, 0x0D, 0x0A, 0x20, 0x20, 0x2D, 0x20, 0x4C, 0x61, 0x6E, 0x61, 0x27, 0x74,
    0x68, 0x65, 0x6C, 0x27, 0x73, 0x20, 0x43, 0x72, 0x69, 0x6D, 0x73, 0x6F, 0x6E, 0x20, 0x56, 0x65,
    0x73, 0x74, 0x6D, 0x65, 0x6E, 0x74, 0x73, 0x0D, 0x0A, 0x20, 0x20, 0x2D, 0x20, 0x4C, 0x61, 0x6E,
    0x61, 0x27, 0x74, 0x68, 0x65, 0x6C, 0x27, 0x73, 0x20, 0x43, 0x72, 0x69, 0x6D, 0x73, 0x6F, 0x6E,
    0x20, 0x42, 0x65, 0x6C, 0x74, 0x0D, 0x0A, 0x20, 0x20, 0x2D, 0x20, 0x4C, 0x61, 0x6E, 0x61, 0x27,
    0x74, 0x68, 0x65, 0x6C, 0x27, 0x73, 0x20, 0x43, 0x72, 0x69, 0x6D, 0x73, 0x6F, 0x6E, 0x20, 0x4C,
    0x65, 0x67, 0x67, 0x75, 0x61, 0x72, 0x64, 0x73, 0x0D, 0x0A, 0x20, 0x20, 0x2D, 0x20, 0x4C, 0x61,
    0x6E, 0x61, 0x27, 0x74, 0x68, 0x65, 0x6C, 0x27, 0x73, 0x20, 0x43, 0x72, 0x69, 0x6D, 0x73, 0x6F,
    0x6E, 0x20, 0x53, 0x61, 0x72, 0x6F, 0x6E, 0x67, 0x0D, 0x0A, 0x20, 0x20, 0x2D, 0x20, 0x4C, 0x61,
    0x6E, 0x61, 0x27, 0x74, 0x68, 0x65, 0x6C, 0x27, 0x73, 0x20, 0x43, 0x72, 0x69, 0x6D, 0x73, 0x6F,
    0x6E, 0x20, 0x54, 0x72, 0x65, 0x61, 0x64, 0x73, 0x0D, 0x0A, 0x20, 0x20, 0x2D, 0x20, 0x4C, 0x61,
    0x6E, 0x61, 0x27, 0x74, 0x68, 0x65, 0x6C, 0x27, 0x73, 0x20, 0x43, 0x72, 0x69, 0x6D, 0x73, 0x6F,
    0x6E, 0x20, 0x47, 0x6C, 0x6F, 0x76, 0x65, 0x73, 0x0D, 0x0A, 0x0D, 0x0A, 0x54, 0x68, 0x65, 0x20,
    0x43, 0x72, 0x69, 0x6D, 0x73, 0x6F, 0x6E, 0x20, 0x43, 0x6F, 0x75, 0x72, 0x74, 0x20, 0x50, 0x61,
    0x63, 0x6B, 0x20, 0x69, 0x73, 0x20, 0x61, 0x20, 0x6C, 0x69, 0x6D, 0x69, 0x74, 0x65, 0x64, 0x2D,
    0x74, 0x69, 0x6D, 0x65, 0x20, 0x62, 0x75, 0x6E, 0x64, 0x6C, 0x65, 0x64, 0x20, 0x6F, 0x66, 0x66,
    0x65, 0x72, 0x20, 0x61, 0x76, 0x61, 0x69, 0x6C, 0x61, 0x62, 0x6C, 0x65, 0x20, 0x75, 0x6E, 0x74,
    0x69, 0x6C, 0x20, 0x4A, 0x61, 0x6E, 0x75, 0x61, 0x72, 0x79, 0x20, 0x31, 0x33, 0x2C, 0x20, 0x32,
    0x30, 0x32, 0x36, 0x2E, 0x20, 0x41, 0x66, 0x74, 0x65, 0x72, 0x20, 0x74, 0x68, 0x61, 0x74, 0x20,
    0x64, 0x61, 0x74, 0x65, 0x2C, 0x20, 0x74, 0x68, 0x65, 0x20, 0x63, 0x6F, 0x73, 0x6D, 0x65, 0x74,
    0x69, 0x63, 0x73, 0x20, 0x69, 0x6E, 0x63, 0x6C, 0x75, 0x64, 0x65, 0x64, 0x20, 0x69, 0x6E, 0x20,
    0x74, 0x68, 0x65, 0x20, 0x70, 0x61, 0x63, 0x6B, 0x20, 0x28, 0x4C, 0x61, 0x6E, 0x61, 0x27, 0x74,
    0x68, 0x65, 0x6C, 0x27, 0x73, 0x20, 0x43, 0x72, 0x69, 0x6D, 0x73, 0x6F, 0x6E, 0x20, 0x43, 0x6F,
    0x75, 0x74, 0x75, 0x72, 0x65, 0x20, 0x26, 0x20, 0x4C, 0x61, 0x6E, 0x61, 0x27, 0x74, 0x68, 0x65,
    0x6C, 0x27, 0x73, 0x20, 0x43, 0x72, 0x69, 0x6D, 0x73, 0x6F, 0x6E, 0x20, 0x43, 0x61, 0x73, 0x63,
    0x61, 0x64, 0x65, 0x29, 0x20, 0x77, 0x69, 0x6C, 0x6C, 0x20, 0x62, 0x65, 0x20, 0x6F, 0x66, 0x66,
    0x65, 0x72, 0x65, 0x64, 0x20, 0x61, 0x73, 0x20, 0x69, 0x6E, 0x64, 0x69, 0x76, 0x69, 0x64, 0x75,
    0x61, 0x6C, 0x20, 0x73, 0x74, 0x61, 0x6E, 0x64, 0x61, 0x6C, 0x6F, 0x6E, 0x65, 0x20, 0x69, 0x74,
    0x65, 0x6D, 0x73, 0x2E, 0x20, 0x20, 0x0D, 0x0A, 0x43, 0x65, 0x72, 0x74, 0x61, 0x69, 0x6E, 0x20,
    0x72, 0x65, 0x73, 0x74, 0x72, 0x69, 0x63, 0x74, 0x69, 0x6F, 0x6E, 0x73, 0x20, 0x61, 0x70, 0x70,
    0x6C, 0x79, 0x2E, 0x20, 0x56, 0x69, 0x73, 0x69, 0x74, 0x20, 0x73, 0x68, 0x6F, 0x70, 0x2E, 0x62,
    0x61, 0x74, 0x74, 0x6C, 0x65, 0x2E, 0x6E, 0x65, 0x74, 0x20, 0x66, 0x6F, 0x72, 0x20, 0x6D, 0x6F,
    0x72, 0x65, 0x20, 0x69, 0x6E, 0x66, 0x6F, 0x72, 0x6D, 0x61, 0x74, 0x69, 0x6F, 0x6E, 0x2E, 0x10,
    0x00, 0x00, 0x00, 0x1D, 0x87, 0x00, 0x00, 0x09, 0x40, 0x00, 0x00, 0x00, 0x00, 0x25, 0x01, 0x00,
    0x00, 0xE8, 0x13, 0x00, 0x00, 0x45, 0x6E, 0x73, 0x65, 0x6D, 0x62, 0x6C, 0x65, 0x3A, 0x20, 0x4C,
    0x61, 0x6E, 0x61, 0x27, 0x74, 0x68, 0x65, 0x6C, 0x27, 0x73, 0x20, 0x43, 0x72, 0x69, 0x6D, 0x73,
    0x6F, 0x6E, 0x20, 0x43, 0x6F, 0x75, 0x74, 0x75, 0x72, 0x65, 0x06, 0xC0, 0x6F, 0xF8, 0x01, 0x00,
    0xAA, 0x03, 0x00, 0x00, 0x00, 0x00, 0x00, 0x00, 0x4C, 0x61, 0x6E, 0x61, 0x27, 0x74, 0x68, 0x65,
    0x6C, 0x27, 0x73, 0x20, 0x43, 0x72, 0x69, 0x6D, 0x73, 0x6F, 0x6E, 0x20, 0x43, 0x61, 0x73, 0x63,
    0x61, 0x64, 0x65, 0xBC, 0x02, 0x00, 0x00, 0xE2, 0x00, 0x00, 0x00, 0xAC, 0x05, 0x00, 0x00, 0x00,
    0x00, 0x00, 0x00, 0x00, 0x00, 0x00, 0x00, 0x00, 0x80, 0xC1, 0x50, 0x00, 0x1A, 0x82, 0x9F, 0x00,
    0x04, 0x80, 0x00, 0x00, 0x00, 0x03, 0x00, 0x00, 0x00, 0x04, 0x00, 0x00, 0x00, 0x00, 0x00, 0x00,
    0x00, 0x00, 0x00, 0x00, 0x00, 0x2E, 0x06, 0x6C, 0x00, 0x02, 0x01, 0x00, 0x00, 0x41, 0x6D, 0x65,
    0x74, 0x68, 0x79, 0x73, 0x74, 0x20, 0x46, 0x65, 0x6C, 0x66, 0x69, 0x72, 0x65, 0x20, 0x50, 0x61,
    0x63, 0x6B, 0x52, 0x65, 0x61, 0x64, 0x79, 0x20, 0x74, 0x6F, 0x20, 0x73, 0x70, 0x61, 0x72, 0x6B,
    0x20, 0x74, 0x68, 0x65, 0x20, 0x64, 0x61, 0x72, 0x6B, 0x20, 0x66, 0x6C, 0x61, 0x6D, 0x65, 0x20,
    0x6F, 0x66, 0x20, 0x65, 0x6E, 0x76, 0x79, 0x3F, 0x20, 0x52, 0x61, 0x69, 0x73, 0x65, 0x20, 0x66,
    0x65, 0x6C, 0x20, 0x69, 0x6E, 0x20, 0x74, 0x68, 0x65, 0x20, 0x76, 0x69, 0x6F, 0x6C, 0x65, 0x74,
    0x20, 0x76, 0x69, 0x62, 0x72, 0x61, 0x6E, 0x63, 0x65, 0x20, 0x6F, 0x66, 0x20, 0x61, 0x20, 0x76,
    0x6F, 0x69, 0x64, 0x2D, 0x69, 0x6E, 0x66, 0x75, 0x73, 0x65, 0x64, 0x20, 0x74, 0x72, 0x61, 0x6E,
    0x73, 0x6D, 0x6F, 0x67, 0x20, 0x73, 0x65, 0x74, 0x2D, 0x2D, 0x77, 0x68, 0x69, 0x6C, 0x65, 0x20,
    0x79, 0x6F, 0x75, 0x20, 0x72, 0x69, 0x64, 0x65, 0x20, 0x68, 0x69, 0x67, 0x68, 0x20, 0x61, 0x73,
    0x74, 0x72, 0x69, 0x64, 0x65, 0x20, 0x79, 0x6F, 0x75, 0x72, 0x20, 0x56, 0x6F, 0x69, 0x64, 0x2D,
    0x72, 0x61, 0x7A, 0x65, 0x64, 0x20, 0x45, 0x6C, 0x65, 0x6B, 0x6B, 0x2E, 0x20, 0x41, 0x6E, 0x64,
    0x20, 0x64, 0x6F, 0x6E, 0x27, 0x74, 0x20, 0x66, 0x6F, 0x72, 0x67, 0x65, 0x74, 0x20, 0x74, 0x6F,
    0x20, 0x73, 0x6E, 0x75, 0x67, 0x67, 0x6C, 0x65, 0x20, 0x79, 0x6F, 0x75, 0x72, 0x20, 0x73, 0x6D,
    0x6F, 0x6C, 0x64, 0x65, 0x72, 0x69, 0x6E, 0x67, 0x20, 0x46, 0x65, 0x6C, 0x20, 0x53, 0x6E, 0x6F,
    0x6F, 0x74, 0x65, 0x72, 0x21, 0x2A, 0x2A, 0x54, 0x68, 0x65, 0x20, 0x41, 0x6D, 0x65, 0x74, 0x68,
    0x79, 0x73, 0x74, 0x20, 0x46, 0x65, 0x6C, 0x66, 0x69, 0x72, 0x65, 0x20, 0x50, 0x61, 0x63, 0x6B,
    0x20, 0x69, 0x6E, 0x63, 0x6C, 0x75, 0x64, 0x65, 0x73, 0x20, 0x74, 0x68, 0x65, 0x20, 0x66, 0x6F,
    0x6C, 0x6C, 0x6F, 0x77, 0x69, 0x6E, 0x67, 0x3A, 0x20, 0x20, 0x20, 0x0D, 0x0A, 0x2D, 0x20, 0x56,
    0x6F, 0x69, 0x64, 0x2D, 0x72, 0x61, 0x7A, 0x65, 0x64, 0x20, 0x45, 0x6C, 0x65, 0x6B, 0x6B, 0x20,
    0x28, 0x4D, 0x6F, 0x75, 0x6E, 0x74, 0x29, 0x0D, 0x0A, 0x2D, 0x20, 0x4D, 0x75, 0x73, 0x74, 0x79,
    0x66, 0x75, 0x72, 0x20, 0x46, 0x65, 0x6C, 0x20, 0x53, 0x6E, 0x6F, 0x6F, 0x74, 0x65, 0x72, 0x20,
    0x28, 0x50, 0x65, 0x74, 0x29, 0x0D, 0x0A, 0x2D, 0x20, 0x45, 0x6E, 0x73, 0x65, 0x6D, 0x62, 0x6C,
    0x65, 0x3A, 0x20, 0x46, 0x65, 0x6C, 0x72, 0x65, 0x61, 0x76, 0x65, 0x72, 0x27, 0x73, 0x20, 0x41,
    0x72, 0x63, 0x61, 0x6E, 0x65, 0x20, 0x41, 0x74, 0x74, 0x69, 0x72, 0x65, 0x20, 0x28, 0x54, 0x72,
    0x61, 0x6E, 0x73, 0x6D, 0x6F, 0x67, 0x20, 0x53, 0x65, 0x74, 0x29, 0x0D, 0x0A, 0x20, 0x20, 0x20,
    0x2D, 0x20, 0x46, 0x65, 0x6C, 0x72, 0x65, 0x61, 0x76, 0x65, 0x72, 0x27, 0x73, 0x20, 0x41, 0x72,
    0x63, 0x61, 0x6E, 0x65, 0x20, 0x48, 0x65, 0x6C, 0x6D, 0x0D, 0x0A, 0x20, 0x20, 0x20, 0x2D, 0x20,
    0x46, 0x65, 0x6C, 0x72, 0x65, 0x61, 0x76, 0x65, 0x72, 0x27, 0x73, 0x20, 0x41, 0x72, 0x63, 0x61,
    0x6E, 0x65, 0x20, 0x53, 0x68, 0x6F, 0x75, 0x6C, 0x64, 0x65, 0x72, 0x67, 0x75, 0x61, 0x72, 0x64,
    0x73, 0x0D, 0x0A, 0x20, 0x20, 0x20, 0x2D, 0x20, 0x46, 0x65, 0x6C, 0x72, 0x65, 0x61, 0x76, 0x65,
    0x72, 0x27, 0x73, 0x20, 0x41, 0x72, 0x63, 0x61, 0x6E, 0x65, 0x20, 0x4A, 0x61, 0x63, 0x6B, 0x65,
    0x74, 0x0D, 0x0A, 0x20, 0x20, 0x20, 0x2D, 0x20, 0x46, 0x65, 0x6C, 0x72, 0x65, 0x61, 0x76, 0x65,
    0x72, 0x27, 0x73, 0x20, 0x41, 0x72, 0x63, 0x61, 0x6E, 0x65, 0x20, 0x42, 0x65, 0x6C, 0x74, 0x0D,
    0x0A, 0x20, 0x20, 0x20, 0x2D, 0x20, 0x46, 0x65, 0x6C, 0x72, 0x65, 0x61, 0x76, 0x65, 0x72, 0x27,
    0x73, 0x20, 0x41, 0x72, 0x63, 0x61, 0x6E, 0x65, 0x20, 0x4C, 0x65, 0x67, 0x67, 0x75, 0x61, 0x72,
    0x64, 0x73, 0x0D, 0x0A, 0x20, 0x20, 0x20, 0x2D, 0x20, 0x46, 0x65, 0x6C, 0x72, 0x65, 0x61, 0x76,
    0x65, 0x72, 0x27, 0x73, 0x20, 0x41, 0x72, 0x63, 0x61, 0x6E, 0x65, 0x20, 0x54, 0x72, 0x65, 0x61,
    0x64, 0x73, 0x0D, 0x0A, 0x20, 0x20, 0x20, 0x2D, 0x20, 0x46, 0x65, 0x6C, 0x72, 0x65, 0x61, 0x76,
    0x65, 0x72, 0x27, 0x73, 0x20, 0x41, 0x72, 0x63, 0x61, 0x6E, 0x65, 0x20, 0x47, 0x61, 0x75, 0x6E,
    0x74, 0x6C, 0x65, 0x74, 0x73, 0x0D, 0x0A, 0x0D, 0x0A, 0x4F, 0x66, 0x66, 0x65, 0x72, 0x20, 0x76,
    0x61, 0x6C, 0x69, 0x64, 0x20, 0x74, 0x68, 0x72, 0x6F, 0x75, 0x67, 0x68, 0x20, 0x4A, 0x61, 0x6E,
    0x75, 0x61, 0x72, 0x79, 0x20, 0x31, 0x33, 0x2C, 0x20, 0x32, 0x30, 0x32, 0x36, 0x2E, 0x0D, 0x0A,
    0x43, 0x6F, 0x6E, 0x74, 0x65, 0x6E, 0x74, 0x20, 0x77, 0x69, 0x74, 0x68, 0x69, 0x6E, 0x20, 0x41,
    0x6D, 0x65, 0x74, 0x68, 0x79, 0x73, 0x74, 0x20, 0x46, 0x65, 0x6C, 0x66, 0x69, 0x72, 0x65, 0x20,
    0x50, 0x61, 0x63, 0x6B, 0x20, 0x6D, 0x61, 0x79, 0x20, 0x61, 0x72, 0x72, 0x69, 0x76, 0x65, 0x20,
    0x69, 0x6E, 0x20, 0x61, 0x20, 0x66, 0x75, 0x74, 0x75, 0x72, 0x65, 0x20, 0x72, 0x6F, 0x74, 0x61,
    0x74, 0x69, 0x6F, 0x6E, 0x20, 0x6F, 0x66, 0x20, 0x74, 0x68, 0x65, 0x20, 0x54, 0x72, 0x61, 0x64,
    0x69, 0x6E, 0x67, 0x20, 0x50, 0x6F, 0x73, 0x74, 0x2C, 0x20, 0x62, 0x75, 0x74, 0x20, 0x6E, 0x6F,
    0x20, 0x73, 0x6F, 0x6F, 0x6E, 0x65, 0x72, 0x20, 0x74, 0x68, 0x61, 0x6E, 0x20, 0x74, 0x68, 0x72,
    0x65, 0x65, 0x20, 0x6D, 0x6F, 0x6E, 0x74, 0x68, 0x73, 0x20, 0x61, 0x66, 0x74, 0x65, 0x72, 0x20,
    0x74, 0x68, 0x65, 0x20, 0x6F, 0x66, 0x66, 0x65, 0x72, 0x20, 0x6C, 0x65, 0x61, 0x76, 0x65, 0x73,
    0x20, 0x74, 0x68, 0x65, 0x20, 0x53, 0x68, 0x6F, 0x70, 0x2E, 0x0D, 0x0A, 0x0D, 0x0A, 0x43, 0x65,
    0x72, 0x74, 0x61, 0x69, 0x6E, 0x20, 0x72, 0x65, 0x73, 0x74, 0x72, 0x69, 0x63, 0x74, 0x69, 0x6F,
    0x6E, 0x73, 0x20, 0x61, 0x70, 0x70, 0x6C, 0x79, 0x2E, 0x20, 0x56, 0x69, 0x73, 0x69, 0x74, 0x20,
    0x73, 0x68, 0x6F, 0x70, 0x2E, 0x62, 0x61, 0x74, 0x74, 0x6C, 0x65, 0x2E, 0x6E, 0x65, 0x74, 0x20,
    0x66, 0x6F, 0x72, 0x20, 0x6D, 0x6F, 0x72, 0x65, 0x20, 0x69, 0x6E, 0x66, 0x6F, 0x72, 0x6D, 0x61,
    0x74, 0x69, 0x6F, 0x6E, 0x2E, 0x10, 0x00, 0x00, 0x00, 0x1E, 0x87, 0x00, 0x00, 0x04, 0x00, 0xE8,
    0x00, 0x02, 0x00, 0xFD, 0x04, 0x00, 0x00, 0x00, 0x00, 0x00, 0x00, 0x56, 0x6F, 0x69, 0x64, 0x2D,
    0x52, 0x61, 0x7A, 0x65, 0x64, 0x20, 0x45, 0x6C, 0x65, 0x6B, 0x6B, 0x08, 0xC0, 0x00, 0x00, 0x00,
    0x00, 0x25, 0x01, 0x00, 0x00, 0x22, 0x14, 0x00, 0x00, 0x45, 0x6E, 0x73, 0x65, 0x6D, 0x62, 0x6C,
    0x65, 0x3A, 0x20, 0x46, 0x65, 0x6C, 0x72, 0x65, 0x61, 0x76, 0x65, 0x72, 0x27, 0x73, 0x20, 0x41,
    0x72, 0x63, 0x61, 0x6E, 0x65, 0x20, 0x41, 0x74, 0x74, 0x69, 0x72, 0x65, 0x05, 0x00, 0x33, 0xFC,
    0x01, 0x00, 0xFE, 0x04, 0x00, 0x00, 0x00, 0x00, 0x00, 0x00, 0x4D, 0x75, 0x73, 0x74, 0x79, 0x66,
    0x75, 0x72, 0x20, 0x46, 0x65, 0x6C, 0x20, 0x53, 0x6E, 0x6F, 0x6F, 0x74, 0x65, 0x72, 0xB9, 0x02,
    0x00, 0x00, 0x0F, 0x00, 0x00, 0x00, 0xA7, 0x05, 0x00, 0x00, 0x38, 0x00, 0x00, 0x00, 0x00, 0x00,
    0x00, 0x00, 0x00, 0x80, 0xC1, 0x20, 0x00, 0x05, 0xA0, 0x00, 0x00, 0x00, 0x00, 0x00, 0x00, 0x00,
    0x01, 0x00, 0x00, 0x00, 0x00, 0x00, 0x00, 0x00, 0x00, 0x00, 0x00, 0x00, 0x00, 0x00, 0x00, 0x00,
    0xE7, 0x5C, 0x51, 0x00, 0xF2, 0x04, 0x00, 0x00, 0x52, 0x75, 0x6E, 0x65, 0x62, 0x6F, 0x75, 0x6E,
    0x64, 0x20, 0x46, 0x69, 0x72, 0x65, 0x6C, 0x6F, 0x72, 0x64, 0x42, 0x79, 0x20, 0x66, 0x69, 0x72,
    0x65, 0x20, 0x62, 0x65, 0x20, 0x70, 0x75, 0x72, 0x67, 0x65, 0x64, 0x20, 0x61, 0x6C, 0x6C, 0x20,
    0x6F, 0x62, 0x73, 0x74, 0x61, 0x63, 0x6C, 0x65, 0x73, 0x20, 0x69, 0x6E, 0x20, 0x79, 0x6F, 0x75,
    0x72, 0x20, 0x70, 0x61, 0x74, 0x68, 0x21, 0x04, 0x80, 0x85, 0xBE, 0x01, 0x00, 0xF2, 0x04, 0x00,
    0x00, 0x00, 0x00, 0x00, 0x00, 0x52, 0x75, 0x6E, 0x65, 0x62, 0x6F, 0x75, 0x6E, 0x64, 0x20, 0x46,
    0x69, 0x72, 0x65, 0x6C, 0x6F, 0x72, 0x64, 0xBA, 0x02, 0x00, 0x00, 0x0D, 0x00, 0x00, 0x00, 0xA8,
    0x05, 0x00, 0x00, 0x43, 0x00, 0x00, 0x00, 0x00, 0x00, 0x00, 0x00, 0x00, 0x80, 0xC0, 0xD0, 0x00,
    0x0B, 0xE0, 0x00, 0x00, 0x00, 0x00, 0x00, 0x00, 0x00, 0x01, 0x00, 0x00, 0x00, 0x00, 0x00, 0x00,
    0x00, 0x00, 0x00, 0x00, 0x00, 0x00, 0x00, 0x00, 0x00, 0x71, 0x82, 0x4F, 0x00, 0x0A, 0x00, 0x00,
    0x00, 0x4C, 0x69, 0x6C, 0x27, 0x20, 0x57, 0x72, 0x61, 0x74, 0x68, 0x69, 0x6F, 0x6E, 0x44, 0x6F,
    0x6E, 0x27, 0x74, 0x20, 0x6C, 0x65, 0x74, 0x20, 0x74, 0x68, 0x65, 0x20, 0x74, 0x69, 0x6E, 0x79,
    0x20, 0x77, 0x69, 0x6E, 0x67, 0x73, 0x20, 0x66, 0x6F, 0x6F, 0x6C, 0x20, 0x79, 0x6F, 0x75, 0x2E,
    0x20, 0x48, 0x65, 0x20, 0x69, 0x73, 0x20, 0x61, 0x6C, 0x72, 0x65, 0x61, 0x64, 0x79, 0x20, 0x73,
    0x63, 0x68, 0x65, 0x6D, 0x69, 0x6E, 0x67, 0x2C, 0x20, 0x73, 0x75, 0x6C, 0x6B, 0x69, 0x6E, 0x67,
    0x2C, 0x20, 0x61, 0x6E, 0x64, 0x20, 0x73, 0x65, 0x74, 0x74, 0x69, 0x6E, 0x67, 0x20, 0x74, 0x68,
    0x69, 0x6E, 0x67, 0x73, 0x20, 0x6F, 0x6E, 0x20, 0x66, 0x69, 0x72, 0x65, 0x2E, 0x03, 0x40, 0x67,
    0xC3, 0x01, 0x00, 0x0A, 0x00, 0x00, 0x00, 0x00, 0x00, 0x00, 0x00, 0x4C, 0x69, 0x6C, 0x27, 0x20,
    0x57, 0x72, 0x61, 0x74, 0x68, 0x69, 0x6F, 0x6E, 0xA9, 0x02, 0x00, 0x00, 0xA5, 0x00, 0x00, 0x00,
    0x82, 0x05, 0x00, 0x00, 0x0A, 0x00, 0x00, 0x00, 0x00, 0x00, 0x00, 0x00, 0x02, 0x80, 0xC1, 0x70,
    0x00, 0x1A, 0xE0, 0x00, 0x00, 0x05, 0x00, 0x00, 0x0C, 0x00, 0x00, 0x00, 0x00, 0x00, 0x00, 0x00,
    0x00, 0x00, 0x00, 0x00, 0x00, 0x00, 0x01, 0x00, 0x00, 0x00, 0x65, 0x4C, 0x41, 0x00, 0x0A, 0x00,
    0x00, 0x00, 0x45, 0x6E, 0x68, 0x61, 0x6E, 0x63, 0x65, 0x64, 0x20, 0x4C, 0x65, 0x76, 0x65, 0x6C,
    0x20, 0x38, 0x30, 0x20, 0x42, 0x6F, 0x6F, 0x73, 0x74, 0x49, 0x6E, 0x73, 0x74, 0x61, 0x6E, 0x74,
    0x6C, 0x79, 0x20, 0x67, 0x72, 0x61, 0x6E, 0x74, 0x20, 0x6F, 0x6E, 0x65, 0x20, 0x63, 0x68, 0x61,
    0x72, 0x61, 0x63, 0x74, 0x65, 0x72, 0x20, 0x61, 0x20, 0x6F, 0x6E, 0x65, 0x2D, 0x74, 0x69, 0x6D,
    0x65, 0x20, 0x62, 0x6F, 0x6F, 0x73, 0x74, 0x20, 0x74, 0x6F, 0x20, 0x6C, 0x65, 0x76, 0x65, 0x6C,
    0x20, 0x38, 0x30, 0x2C, 0x20, 0x73, 0x6F, 0x20, 0x74, 0x68, 0x65, 0x79, 0x27, 0x72, 0x65, 0x20,
    0x72, 0x65, 0x61, 0x64, 0x79, 0x20, 0x74, 0x6F, 0x20, 0x74, 0x61, 0x6B, 0x65, 0x20, 0x74, 0x68,
    0x65, 0x69, 0x72, 0x20, 0x61, 0x64, 0x76, 0x65, 0x6E, 0x74, 0x75, 0x72, 0x65, 0x20, 0x74, 0x6F,
    0x20, 0x6E, 0x65, 0x77, 0x20, 0x68, 0x65, 0x69, 0x67, 0x68, 0x74, 0x73, 0x20, 0x72, 0x69, 0x67,
    0x68, 0x74, 0x20, 0x61, 0x77, 0x61, 0x79, 0x2E, 0x0D, 0x0A, 0x0D, 0x0A, 0x7C, 0x63, 0x66, 0x66,
    0x36, 0x36, 0x62, 0x62, 0x66, 0x66, 0x2A, 0x43, 0x65, 0x72, 0x74, 0x61, 0x69, 0x6E, 0x20, 0x72,
    0x65, 0x73, 0x74, 0x72, 0x69, 0x63, 0x74, 0x69, 0x6F, 0x6E, 0x73, 0x20, 0x61, 0x70, 0x70, 0x6C,
    0x79, 0x2E, 0x20, 0x56, 0x69, 0x73, 0x69, 0x74, 0x20, 0x73, 0x68, 0x6F, 0x70, 0x2E, 0x62, 0x61,
    0x74, 0x74, 0x6C, 0x65, 0x2E, 0x6E, 0x65, 0x74, 0x20, 0x66, 0x6F, 0x72, 0x20, 0x6D, 0x6F, 0x72,
    0x65, 0x20, 0x69, 0x6E, 0x66, 0x6F, 0x72, 0x6D, 0x61, 0x74, 0x69, 0x6F, 0x6E, 0x2E, 0x7C, 0x72,
    0x00, 0x08, 0x00, 0x00, 0x80, 0x6A, 0x00, 0x00, 0x68, 0x74, 0x74, 0x70, 0x3A, 0x2F, 0x2F, 0x73,
    0x75, 0x70, 0x70, 0x6F, 0x72, 0x74, 0x2E, 0x62, 0x61, 0x74, 0x74, 0x6C, 0x65, 0x6E, 0x65, 0x74,
    0x2E, 0x63, 0x6F, 0x6D, 0x2E, 0x63, 0x6E, 0x2F, 0x77, 0x2F, 0x61, 0x72, 0x74, 0x69, 0x63, 0x6C,
    0x65, 0x2F, 0x33, 0x34, 0x35, 0x37, 0x32, 0x37, 0xAA, 0x02, 0x00, 0x00, 0xA5, 0x00, 0x00, 0x00,
    0x83, 0x05, 0x00, 0x00, 0x0B, 0x00, 0x00, 0x00, 0x00, 0x00, 0x00, 0x00, 0x02, 0x80, 0xC1, 0xA0,
    0x00, 0x26, 0x20, 0x00, 0x00, 0x05, 0x00, 0x00, 0x0C, 0x80, 0x00, 0x00, 0x00, 0x00, 0x00, 0x00,
    0x00, 0x00, 0x00, 0x00, 0x00, 0x00, 0x02, 0x00, 0x00, 0x00, 0x65, 0x4C, 0x41, 0x00, 0x0A, 0x00,
    0x00, 0x00, 0x32, 0x20, 0x45, 0x6E, 0x68, 0x61, 0x6E, 0x63, 0x65, 0x64, 0x20, 0x4C, 0x65, 0x76,
    0x65, 0x6C, 0x20, 0x38, 0x30, 0x20, 0x42, 0x6F, 0x6F, 0x73, 0x74, 0x73, 0x47, 0x65, 0x74, 0x20,
    0x61, 0x20, 0x32, 0x2D, 0x70, 0x61, 0x63, 0x6B, 0x20, 0x6F, 0x66, 0x20, 0x43, 0x68, 0x61, 0x72,
    0x61, 0x63, 0x74, 0x65, 0x72, 0x20, 0x42, 0x6F, 0x6F, 0x73, 0x74, 0x73, 0x20, 0x74, 0x6F, 0x20,
    0x62, 0x6F, 0x6F, 0x73, 0x74, 0x20, 0x6D, 0x75, 0x6C, 0x74, 0x69, 0x70, 0x6C, 0x65, 0x20, 0x63,
    0x68, 0x61, 0x72, 0x61, 0x63, 0x74, 0x65, 0x72, 0x73, 0x20, 0x74, 0x6F, 0x20, 0x6C, 0x65, 0x76,
    0x65, 0x6C, 0x20, 0x38, 0x30, 0x2C, 0x20, 0x73, 0x6F, 0x20, 0x74, 0x68, 0x65, 0x79, 0x27, 0x72,
    0x65, 0x20, 0x72, 0x65, 0x61, 0x64, 0x79, 0x20, 0x74, 0x6F, 0x20, 0x74, 0x61, 0x6B, 0x65, 0x20,
    0x74, 0x68, 0x65, 0x69, 0x72, 0x20, 0x61, 0x64, 0x76, 0x65, 0x6E, 0x74, 0x75, 0x72, 0x65, 0x20,
    0x74, 0x6F, 0x20, 0x6E, 0x65, 0x77, 0x20, 0x68, 0x65, 0x69, 0x67, 0x68, 0x74, 0x73, 0x20, 0x72,
    0x69, 0x67, 0x68, 0x74, 0x20, 0x61, 0x77, 0x61, 0x79, 0x2E, 0x20, 0x59, 0x6F, 0x75, 0x20, 0x63,
    0x61, 0x6E, 0x20, 0x75, 0x73, 0x65, 0x20, 0x61, 0x6C, 0x6C, 0x20, 0x42, 0x6F, 0x6F, 0x73, 0x74,
    0x73, 0x20, 0x61, 0x74, 0x20, 0x6F, 0x6E, 0x63, 0x65, 0x2C, 0x20, 0x6F, 0x6E, 0x65, 0x20, 0x70,
    0x65, 0x72, 0x20, 0x63, 0x68, 0x61, 0x72, 0x61, 0x63, 0x74, 0x65, 0x72, 0x2C, 0x20, 0x6F, 0x72,
    0x20, 0x73, 0x61, 0x76, 0x65, 0x20, 0x73, 0x6F, 0x6D, 0x65, 0x20, 0x66, 0x6F, 0x72, 0x20, 0x6C,
    0x61, 0x74, 0x65, 0x72, 0x2E, 0x0D, 0x0A, 0x0D, 0x0A, 0x7C, 0x63, 0x66, 0x66, 0x36, 0x36, 0x62,
    0x62, 0x66, 0x66, 0x2A, 0x43, 0x65, 0x72, 0x74, 0x61, 0x69, 0x6E, 0x20, 0x72, 0x65, 0x73, 0x74,
    0x72, 0x69, 0x63, 0x74, 0x69, 0x6F, 0x6E, 0x73, 0x20, 0x61, 0x70, 0x70, 0x6C, 0x79, 0x2E, 0x20,
    0x56, 0x69, 0x73, 0x69, 0x74, 0x20, 0x73, 0x68, 0x6F, 0x70, 0x2E, 0x62, 0x61, 0x74, 0x74, 0x6C,
    0x65, 0x2E, 0x6E, 0x65, 0x74, 0x20, 0x66, 0x6F, 0x72, 0x20, 0x6D, 0x6F, 0x72, 0x65, 0x20, 0x69,
    0x6E, 0x66, 0x6F, 0x72, 0x6D, 0x61, 0x74, 0x69, 0x6F, 0x6E, 0x2E, 0x7C, 0x72, 0x00, 0x08, 0x00,
    0x00, 0x80, 0x6A, 0x00, 0x00, 0x68, 0x74, 0x74, 0x70, 0x73, 0x3A, 0x2F, 0x2F, 0x75, 0x73, 0x2E,
    0x62, 0x61, 0x74, 0x74, 0x6C, 0x65, 0x2E, 0x6E, 0x65, 0x74, 0x2F, 0x73, 0x75, 0x70, 0x70, 0x6F,
    0x72, 0x74, 0x2F, 0x65, 0x6E, 0x2F, 0x61, 0x72, 0x74, 0x69, 0x63, 0x6C, 0x65, 0x2F, 0x30, 0x30,
    0x30, 0x33, 0x34, 0x35, 0x35, 0x39, 0x31, 0x8D, 0x02, 0x00, 0x00, 0x0D, 0x00, 0x00, 0x00, 0x40,
    0x05, 0x00, 0x00, 0x44, 0x00, 0x00, 0x00, 0x00, 0x00, 0x00, 0x00, 0x00, 0x80, 0xC1, 0x10, 0x00,
    0x00, 0x00, 0xBD, 0x00, 0x00, 0x00, 0x00, 0x00, 0x00, 0x01, 0x00, 0x00, 0x00, 0x00, 0x00, 0x00,
    0x00, 0x00, 0x00, 0x00, 0x00, 0x00, 0x00, 0x00, 0x00, 0xA5, 0x27, 0x66, 0x00, 0x60, 0x04, 0x00,
    0x00, 0x53, 0x61, 0x27, 0x62, 0x61, 0x6B, 0x27, 0x73, 0x20, 0x42, 0x6C, 0x65, 0x73, 0x73, 0x69,
    0x6E, 0x67, 0x54, 0x68, 0x69, 0x73, 0x20, 0x6C, 0x69, 0x74, 0x74, 0x6C, 0x65, 0x20, 0x67, 0x61,
    0x74, 0x6F, 0x72, 0x20, 0x70, 0x65, 0x74, 0x20, 0x69, 0x73, 0x20, 0x73, 0x6F, 0x20, 0x61, 0x67,
    0x67, 0x72, 0x65, 0x73, 0x73, 0x69, 0x76, 0x65, 0x6C, 0x79, 0x20, 0x63, 0x75, 0x74, 0x65, 0x2C,
    0x20, 0x79, 0x6F, 0x75, 0x20, 0x77, 0x6F, 0x6E, 0x27, 0x74, 0x20, 0x65, 0x76, 0x65, 0x6E, 0x20,
    0x6D, 0x69, 0x6E, 0x64, 0x20, 0x69, 0x66, 0x20, 0x68, 0x65, 0x20, 0x74, 0x61, 0x6B, 0x65, 0x73,
    0x20, 0x61, 0x20, 0x6C, 0x69, 0x74, 0x74, 0x6C, 0x65, 0x20, 0x62, 0x69, 0x74, 0x65, 0x20, 0x6F,
    0x75, 0x74, 0x20, 0x6F, 0x66, 0x20, 0x79, 0x6F, 0x75, 0x2E, 0x0D, 0x0A, 0x0D, 0x0A, 0x7C, 0x63,
    0x66, 0x66, 0x36, 0x36, 0x62, 0x62, 0x66, 0x66, 0x43, 0x65, 0x72, 0x74, 0x61, 0x69, 0x6E, 0x20,
    0x72, 0x65, 0x73, 0x74, 0x72, 0x69, 0x63, 0x74, 0x69, 0x6F, 0x6E, 0x73, 0x20, 0x61, 0x70, 0x70,
    0x6C, 0x79, 0x2E, 0x20, 0x56, 0x69, 0x73, 0x69, 0x74, 0x20, 0x73, 0x68, 0x6F, 0x70, 0x2E, 0x62,
    0x61, 0x74, 0x74, 0x6C, 0x65, 0x2E, 0x6E, 0x65, 0x74, 0x20, 0x66, 0x6F, 0x72, 0x20, 0x6D, 0x6F,
    0x72, 0x65, 0x20, 0x69, 0x6E, 0x66, 0x6F, 0x72, 0x6D, 0x61, 0x74, 0x69, 0x6F, 0x6E, 0x2E, 0x04,
    0x40, 0x9E, 0xF3, 0x01, 0x00, 0x60, 0x04, 0x00, 0x00, 0x00, 0x00, 0x00, 0x00, 0x53, 0x61, 0x27,
    0x62, 0x61, 0x6B, 0x27, 0x73, 0x20, 0x42, 0x6C, 0x65, 0x73, 0x73, 0x69, 0x6E, 0x67, 0x8E, 0x02,
    0x00, 0x00, 0x0F, 0x00, 0x00, 0x00, 0x41, 0x05, 0x00, 0x00, 0x3A, 0x00, 0x00, 0x00, 0x00, 0x00,
    0x00, 0x00, 0x00, 0x80, 0xC1, 0x00, 0x00, 0x00, 0x01, 0x9F, 0x00, 0x00, 0x00, 0x00, 0x00, 0x00,
    0x01, 0x00, 0x00, 0x00, 0x00, 0x00, 0x00, 0x00, 0x00, 0x00, 0x00, 0x00, 0x00, 0x00, 0x00, 0x00,
    0xA6, 0x27, 0x66, 0x00, 0x61, 0x04, 0x00, 0x00, 0x48, 0x65, 0x72, 0x61, 0x6C, 0x64, 0x20, 0x6F,
    0x66, 0x20, 0x53, 0x61, 0x27, 0x62, 0x61, 0x6B, 0x54, 0x68, 0x65, 0x20, 0x54, 0x6F, 0x6C, 0x27,
    0x76, 0x69, 0x72, 0x20, 0x74, 0x65, 0x6C, 0x6C, 0x20, 0x6F, 0x66, 0x20, 0x74, 0x68, 0x65, 0x20,
    0x6C, 0x65, 0x67, 0x65, 0x6E, 0x64, 0x61, 0x72, 0x79, 0x20, 0x53, 0x61, 0x27, 0x62, 0x61, 0x6B,
    0x2C, 0x20, 0x61, 0x20, 0x67, 0x72, 0x65, 0x61, 0x74, 0x20, 0x63, 0x72, 0x6F, 0x63, 0x6F, 0x6C,
    0x69, 0x73, 0x6B, 0x20, 0x62, 0x65, 0x6C, 0x69, 0x65, 0x76, 0x65, 0x64, 0x20, 0x74, 0x6F, 0x20,
    0x68, 0x61, 0x76, 0x65, 0x20, 0x65, 0x6D, 0x65, 0x72, 0x67, 0x65, 0x64, 0x20, 0x66, 0x72, 0x6F,
    0x6D, 0x20, 0x74, 0x68, 0x65, 0x20, 0x73, 0x61, 0x63, 0x72, 0x65, 0x64, 0x20, 0x76, 0x61, 0x6C,
    0x6C, 0x65, 0x79, 0x20, 0x6F, 0x66, 0x20, 0x55, 0x6E, 0x27, 0x47, 0x6F, 0x72, 0x6F, 0x20, 0x63,
    0x72, 0x61, 0x74, 0x65, 0x72, 0x2E, 0x20, 0x41, 0x6C, 0x74, 0x68, 0x6F, 0x75, 0x67, 0x68, 0x20,
    0x66, 0x65, 0x77, 0x20, 0x68, 0x61, 0x76, 0x65, 0x20, 0x65, 0x76, 0x65, 0x72, 0x20, 0x73, 0x65,
    0x65, 0x6E, 0x20, 0x53, 0x61, 0x27, 0x62, 0x61, 0x6B, 0x20, 0x69, 0x6E, 0x20, 0x74, 0x68, 0x65,
    0x20, 0x66, 0x6C, 0x65, 0x73, 0x68, 0x2C, 0x20, 0x6D, 0x61, 0x6E, 0x79, 0x20, 0x62, 0x65, 0x6C,
    0x69, 0x65, 0x76, 0x65, 0x20, 0x68, 0x65, 0x20, 0x77, 0x61, 0x73, 0x20, 0x62, 0x6C, 0x65, 0x73,
    0x73, 0x65, 0x64, 0x20, 0x62, 0x79, 0x20, 0x74, 0x68, 0x65, 0x20, 0x54, 0x69, 0x74, 0x61, 0x6E,
    0x20, 0x4B, 0x65, 0x65, 0x70, 0x65, 0x72, 0x73, 0x20, 0x74, 0x6F, 0x20, 0x73, 0x61, 0x66, 0x65,
    0x67, 0x75, 0x61, 0x72, 0x64, 0x20, 0x74, 0x68, 0x65, 0x20, 0x76, 0x61, 0x73, 0x74, 0x20, 0x77,
    0x61, 0x74, 0x65, 0x72, 0x77, 0x61, 0x79, 0x73, 0x20, 0x6F, 0x66, 0x20, 0x55, 0x6C, 0x64, 0x75,
    0x6D, 0x2E, 0x0D, 0x0A, 0x53, 0x6F, 0x61, 0x72, 0x20, 0x74, 0x68, 0x65, 0x20, 0x73, 0x6B, 0x69,
    0x65, 0x73, 0x20, 0x6F, 0x66, 0x20, 0x41, 0x7A, 0x65, 0x72, 0x6F, 0x74, 0x68, 0x20, 0x69, 0x6E,
    0x20, 0x73, 0x74, 0x79, 0x6C, 0x65, 0x20, 0x77, 0x69, 0x74, 0x68, 0x20, 0x74, 0x68, 0x69, 0x73,
    0x20, 0x53, 0x6B, 0x79, 0x72, 0x69, 0x64, 0x69, 0x6E, 0x67, 0x20, 0x6D, 0x6F, 0x75, 0x6E, 0x74,
    0x21, 0x0D, 0x0A, 0x0D, 0x0A, 0x7C, 0x63, 0x66, 0x66, 0x36, 0x36, 0x62, 0x62, 0x66, 0x66, 0x20,
    0x43, 0x65, 0x72, 0x74, 0x61, 0x69, 0x6E, 0x20, 0x72, 0x65, 0x73, 0x74, 0x72, 0x69, 0x63, 0x74,
    0x69, 0x6F, 0x6E, 0x73, 0x20, 0x61, 0x70, 0x70, 0x6C, 0x79, 0x2E, 0x20, 0x56, 0x69, 0x73, 0x69,
    0x74, 0x20, 0x73, 0x68, 0x6F, 0x70, 0x2E, 0x62, 0x61, 0x74, 0x74, 0x6C, 0x65, 0x2E, 0x6E, 0x65,
    0x74, 0x20, 0x66, 0x6F, 0x72, 0x20, 0x6D, 0x6F, 0x72, 0x65, 0x20, 0x69, 0x6E, 0x66, 0x6F, 0x72,
    0x6D, 0x61, 0x74, 0x69, 0x6F, 0x6E, 0x2E, 0x04, 0x00, 0x9A, 0xF3, 0x01, 0x00, 0x61, 0x04, 0x00,
    0x00, 0x00, 0x00, 0x00, 0x00, 0x48, 0x65, 0x72, 0x61, 0x6C, 0x64, 0x20, 0x6F, 0x66, 0x20, 0x53,
    0x61, 0x27, 0x62, 0x61, 0x6B, 0xA3, 0x02, 0x00, 0x00, 0x21, 0x00, 0x00, 0x00, 0x7C, 0x05, 0x00,
    0x00, 0x01, 0x00, 0x00, 0x00, 0x00, 0x00, 0x00, 0x00, 0x00, 0x80, 0x41, 0x70, 0x00, 0x00, 0x01,
    0x9E, 0x00, 0x04, 0x80, 0x00, 0x00, 0x00, 0x02, 0x00, 0x00, 0x00, 0x05, 0x00, 0x00, 0x00, 0x00,
    0x00, 0x00, 0x00, 0x00, 0x00, 0x00, 0x00, 0x02, 0x01, 0x00, 0x00, 0x4D, 0x69, 0x64, 0x6E, 0x69,
    0x67, 0x68, 0x74, 0x20, 0x48, 0x65, 0x72, 0x6F, 0x69, 0x63, 0x20, 0x55, 0x70, 0x67, 0x72, 0x61,
    0x64, 0x65, 0x55, 0x70, 0x67, 0x72, 0x61, 0x64, 0x65, 0x20, 0x74, 0x6F, 0x20, 0x74, 0x68, 0x65,
    0x20, 0x48, 0x65, 0x72, 0x6F, 0x69, 0x63, 0x20, 0x45, 0x64, 0x69, 0x74, 0x69, 0x6F, 0x6E, 0x20,
    0x61, 0x6E, 0x64, 0x20, 0x67, 0x65, 0x74, 0x20, 0x69, 0x6E, 0x73, 0x74, 0x61, 0x6E, 0x74, 0x20,
    0x61, 0x63, 0x63, 0x65, 0x73, 0x73, 0x20, 0x74, 0x6F, 0x3A, 0x0D, 0x0A, 0x2D, 0x20, 0x35, 0x30,
    0x30, 0x20, 0x54, 0x72, 0x61, 0x64, 0x65, 0x72, 0x27, 0x73, 0x20, 0x54, 0x65, 0x6E, 0x64, 0x65,
    0x72, 0x0D, 0x0A, 0x2D, 0x20, 0x4C, 0x69, 0x67, 0x68, 0x74, 0x73, 0x74, 0x72, 0x69, 0x64, 0x65,
    0x72, 0x20, 0x52, 0x61, 0x69, 0x6D, 0x65, 0x6E, 0x74, 0x20, 0x54, 0x72, 0x61, 0x6E, 0x73, 0x6D,
    0x6F, 0x67, 0x20, 0x53, 0x65, 0x74, 0x0D, 0x0A, 0x2D, 0x20, 0x4C, 0x69, 0x67, 0x68, 0x74, 0x77,
    0x69, 0x6E, 0x67, 0x20, 0x44, 0x72, 0x61, 0x67, 0x6F, 0x6E, 0x68, 0x61, 0x77, 0x6B, 0x20, 0x53,
    0x6B, 0x79, 0x72, 0x69, 0x64, 0x69, 0x6E, 0x67, 0x20, 0x4D, 0x6F, 0x75, 0x6E, 0x74, 0x0D, 0x0A,
    0x0D, 0x0A, 0x7C, 0x63, 0x66, 0x66, 0x36, 0x36, 0x62, 0x62, 0x66, 0x66, 0x0D, 0x0A, 0x55, 0x70,
    0x67, 0x72, 0x61, 0x64, 0x69, 0x6E, 0x67, 0x20, 0x74, 0x6F, 0x20, 0x74, 0x68, 0x65, 0x20, 0x48,
    0x65, 0x72, 0x6F, 0x69, 0x63, 0x20, 0x6F, 0x72, 0x20, 0x45, 0x70, 0x69, 0x63, 0x20, 0x45, 0x64,
    0x69, 0x74, 0x69, 0x6F, 0x6E, 0x20, 0x77, 0x69, 0x6C, 0x6C, 0x20, 0x6E, 0x6F, 0x74, 0x20, 0x72,
    0x65, 0x2D, 0x67, 0x72, 0x61, 0x6E, 0x74, 0x20, 0x69, 0x6E, 0x2D, 0x67, 0x61, 0x6D, 0x65, 0x20,
    0x69, 0x74, 0x65, 0x6D, 0x73, 0x20, 0x6F, 0x72, 0x20, 0x54, 0x72, 0x61, 0x64, 0x65, 0x72, 0x27,
    0x73, 0x20, 0x54, 0x65, 0x6E, 0x64, 0x65, 0x72, 0x20, 0x28, 0x6F, 0x74, 0x68, 0x65, 0x72, 0x20,
    0x74, 0x68, 0x61, 0x6E, 0x20, 0x74, 0x68, 0x65, 0x20, 0x64, 0x69, 0x66, 0x66, 0x65, 0x72, 0x65,
    0x6E, 0x63, 0x65, 0x20, 0x69, 0x6E, 0x20, 0x54, 0x72, 0x61, 0x64, 0x65, 0x72, 0x27, 0x73, 0x20,
    0x54, 0x65, 0x6E, 0x64, 0x65, 0x72, 0x20, 0x62, 0x65, 0x74, 0x77, 0x65, 0x65, 0x6E, 0x20, 0x45,
    0x64, 0x69, 0x74, 0x69, 0x6F, 0x6E, 0x73, 0x29, 0x2E, 0x0D, 0x0A, 0x57, 0x6F, 0x57, 0x20, 0x53,
    0x75, 0x62, 0x73, 0x63, 0x72, 0x69, 0x70, 0x74, 0x69, 0x6F, 0x6E, 0x20, 0x6F, 0x72, 0x20, 0x47,
    0x61, 0x6D, 0x65, 0x20, 0x54, 0x69, 0x6D, 0x65, 0x20, 0x72, 0x65, 0x71, 0x75, 0x69, 0x72, 0x65,
    0x64, 0x2E, 0x20, 0x56, 0x69, 0x73, 0x69, 0x74, 0x20, 0x73, 0x68, 0x6F, 0x70, 0x2E, 0x62, 0x61,
    0x74, 0x74, 0x6C, 0x65, 0x2E, 0x6E, 0x65, 0x74, 0x20, 0x66, 0x6F, 0x72, 0x20, 0x6D, 0x6F, 0x72,
    0x65, 0x20, 0x69, 0x6E, 0x66, 0x6F, 0x72, 0x6D, 0x61, 0x74, 0x69, 0x6F, 0x6E, 0x2E, 0x7C, 0x72,
    0x01, 0x00, 0x00, 0x00, 0x88, 0x83, 0x00, 0x00, 0x05, 0x00, 0x83, 0xF8, 0x01, 0x00, 0x79, 0x04,
    0x00, 0x00, 0x00, 0x00, 0x00, 0x00, 0x4C, 0x69, 0x67, 0x68, 0x74, 0x77, 0x69, 0x6E, 0x67, 0x20,
    0x44, 0x72, 0x61, 0x67, 0x6F, 0x6E, 0x68, 0x61, 0x77, 0x6B, 0x05, 0x00, 0x00, 0x00, 0x00, 0x00,
    0x25, 0x01, 0x00, 0x00, 0x2D, 0x14, 0x00, 0x00, 0x4C, 0x69, 0x67, 0x68, 0x74, 0x73, 0x74, 0x72,
    0x69, 0x64, 0x65, 0x72, 0x20, 0x52, 0x61, 0x69, 0x6D, 0x65, 0x6E, 0x74, 0xA4, 0x02, 0x00, 0x00,
    0x21, 0x00, 0x00, 0x00, 0x7E, 0x05, 0x00, 0x00, 0x01, 0x00, 0x00, 0x00, 0x00, 0x00, 0x00, 0x00,
    0x00, 0x80, 0x41, 0x50, 0x00, 0x00, 0x03, 0x8C, 0x00, 0x04, 0x80, 0x00, 0x00, 0x00, 0x04, 0x00,
    0x00, 0x00, 0x06, 0x00, 0x00, 0x00, 0x00, 0x00, 0x00, 0x00, 0x00, 0x00, 0x00, 0x00, 0x02, 0x01,
    0x00, 0x00, 0x4D, 0x69, 0x64, 0x6E, 0x69, 0x67, 0x68, 0x74, 0x20, 0x45, 0x70, 0x69, 0x63, 0x20,
    0x55, 0x70, 0x67, 0x72, 0x61, 0x64, 0x65, 0x55, 0x70, 0x67, 0x72, 0x61, 0x64, 0x65, 0x20, 0x74,
    0x6F, 0x20, 0x74, 0x68, 0x65, 0x20, 0x45, 0x70, 0x69, 0x63, 0x20, 0x45, 0x64, 0x69, 0x74, 0x69,
    0x6F, 0x6E, 0x2E, 0x20, 0x49, 0x6E, 0x63, 0x6C, 0x75, 0x64, 0x65, 0x73, 0x3A, 0x0D, 0x0A, 0x2D,
    0x20, 0x31, 0x30, 0x30, 0x30, 0x20, 0x54, 0x72, 0x61, 0x64, 0x65, 0x72, 0x27, 0x73, 0x20, 0x54,
    0x65, 0x6E, 0x64, 0x65, 0x72, 0x0D, 0x0A, 0x2D, 0x20, 0x56, 0x6F, 0x69, 0x64, 0x73, 0x74, 0x72,
    0x69, 0x64, 0x65, 0x72, 0x20, 0x52, 0x61, 0x69, 0x6D, 0x65, 0x6E, 0x74, 0x20, 0x54, 0x72, 0x61,
    0x6E, 0x73, 0x6D, 0x6F, 0x67, 0x20, 0x53, 0x65, 0x74, 0x0D, 0x0A, 0x2D, 0x20, 0x56, 0x6F, 0x69,
    0x64, 0x77, 0x69, 0x6E, 0x67, 0x20, 0x44, 0x72, 0x61, 0x67, 0x6F, 0x6E, 0x68, 0x61, 0x77, 0x6B,
    0x20, 0x53, 0x6B, 0x79, 0x72, 0x69, 0x64, 0x69, 0x6E, 0x67, 0x20, 0x4D, 0x6F, 0x75, 0x6E, 0x74,
    0x0D, 0x0A, 0x2D, 0x20, 0x56, 0x6F, 0x69, 0x64, 0x6C, 0x69, 0x67, 0x68, 0x74, 0x20, 0x53, 0x75,
    0x72, 0x67, 0x65, 0x72, 0x20, 0x53, 0x6B, 0x79, 0x72, 0x69, 0x64, 0x69, 0x6E, 0x67, 0x20, 0x4D,
    0x6F, 0x75, 0x6E, 0x74, 0x0D, 0x0A, 0x2D, 0x20, 0x48, 0x6F, 0x70, 0x65, 0x66, 0x6C, 0x75, 0x74,
    0x74, 0x65, 0x72, 0x20, 0x50, 0x65, 0x74, 0x0D, 0x0A, 0x2D, 0x20, 0x44, 0x6F, 0x6F, 0x6D, 0x66,
    0x65, 0x61, 0x74, 0x68, 0x65, 0x72, 0x73, 0x20, 0x50, 0x65, 0x74, 0x0D, 0x0A, 0x2D, 0x20, 0x42,
    0x65, 0x74, 0x61, 0x20, 0x41, 0x63, 0x63, 0x65, 0x73, 0x73, 0x20, 0x74, 0x6F, 0x20, 0x4D, 0x69,
    0x64, 0x6E, 0x69, 0x67, 0x68, 0x74, 0x20, 0x45, 0x78, 0x70, 0x61, 0x6E, 0x73, 0x69, 0x6F, 0x6E,
    0x0D, 0x0A, 0x2D, 0x20, 0x33, 0x20, 0x44, 0x61, 0x79, 0x73, 0x20, 0x45, 0x61, 0x72, 0x6C, 0x79,
    0x20, 0x41, 0x63, 0x63, 0x65, 0x73, 0x73, 0x20, 0x74, 0x6F, 0x20, 0x4D, 0x69, 0x64, 0x6E, 0x69,
    0x67, 0x68, 0x74, 0x20, 0x45, 0x78, 0x70, 0x61, 0x6E, 0x73, 0x69, 0x6F, 0x6E, 0x0D, 0x0A, 0x2D,
    0x20, 0x4C, 0x69, 0x67, 0x68, 0x74, 0x2D, 0x49, 0x6E, 0x66, 0x75, 0x73, 0x65, 0x64, 0x20, 0x52,
    0x6F, 0x74, 0x75, 0x6E, 0x64, 0x61, 0x20, 0x28, 0x44, 0x65, 0x63, 0x6F, 0x72, 0x29, 0x0D, 0x0A,
    0x2D, 0x20, 0x56, 0x6F, 0x69, 0x64, 0x2D, 0x43, 0x6F, 0x72, 0x72, 0x75, 0x70, 0x74, 0x65, 0x64,
    0x20, 0x52, 0x6F, 0x74, 0x75, 0x6E, 0x64, 0x61, 0x20, 0x28, 0x44, 0x65, 0x63, 0x6F, 0x72, 0x29,
    0x0D, 0x0A, 0x2D, 0x20, 0x4C, 0x69, 0x67, 0x68, 0x74, 0x2D, 0x49, 0x6E, 0x66, 0x75, 0x73, 0x65,
    0x64, 0x20, 0x46, 0x6F, 0x75, 0x6E, 0x74, 0x61, 0x69, 0x6E, 0x20, 0x28, 0x44, 0x65, 0x63, 0x6F,
    0x72, 0x29, 0x0D, 0x0A, 0x2D, 0x20, 0x56, 0x6F, 0x69, 0x64, 0x2D, 0x43, 0x6F, 0x72, 0x72, 0x75,
    0x70, 0x74, 0x65, 0x64, 0x20, 0x46, 0x6F, 0x75, 0x6E, 0x74, 0x61, 0x69, 0x6E, 0x20, 0x28, 0x44,
    0x65, 0x63, 0x6F, 0x72, 0x29, 0x0D, 0x0A, 0x2D, 0x20, 0x41, 0x6C, 0x6C, 0x65, 0x72, 0x69, 0x61,
    0x20, 0x50, 0x61, 0x69, 0x6E, 0x74, 0x69, 0x6E, 0x67, 0x20, 0x2D, 0x20, 0x22, 0x54, 0x68, 0x65,
    0x20, 0x52, 0x61, 0x6E, 0x67, 0x65, 0x72, 0x20, 0x6F, 0x66, 0x20, 0x74, 0x68, 0x65, 0x20, 0x56,
    0x6F, 0x69, 0x64, 0x22, 0x20, 0x28, 0x44, 0x65, 0x63, 0x6F, 0x72, 0x29, 0x0D, 0x0A, 0x2D, 0x20,
    0x54, 0x75, 0x72, 0x61, 0x6C, 0x79, 0x6F, 0x6E, 0x20, 0x50, 0x61, 0x69, 0x6E, 0x74, 0x69, 0x6E,
    0x67, 0x20, 0x2D, 0x20, 0x22, 0x54, 0x68, 0x65, 0x20, 0x48, 0x69, 0x67, 0x68, 0x20, 0x45, 0x78,
    0x61, 0x72, 0x63, 0x68, 0x22, 0x20, 0x28, 0x44, 0x65, 0x63, 0x6F, 0x72, 0x29, 0x0D, 0x0A, 0x2D,
    0x20, 0x41, 0x72, 0x61, 0x74, 0x6F, 0x72, 0x20, 0x50, 0x61, 0x69, 0x6E, 0x74, 0x69, 0x6E, 0x67,
    0x20, 0x2D, 0x20, 0x22, 0x54, 0x68, 0x65, 0x20, 0x52, 0x65, 0x64, 0x65, 0x65, 0x6D, 0x65, 0x72,
    0x22, 0x20, 0x28, 0x44, 0x65, 0x63, 0x6F, 0x72, 0x29, 0x0D, 0x0A, 0x2D, 0x20, 0x58, 0x61, 0x6C,
    0x27, 0x61, 0x74, 0x61, 0x74, 0x68, 0x20, 0x50, 0x61, 0x69, 0x6E, 0x74, 0x69, 0x6E, 0x67, 0x20,
    0x2D, 0x20, 0x22, 0x54, 0x68, 0x65, 0x20, 0x48, 0x61, 0x72, 0x62, 0x69, 0x6E, 0x67, 0x65, 0x72,
    0x22, 0x20, 0x28, 0x44, 0x65, 0x63, 0x6F, 0x72, 0x29, 0x0D, 0x0A, 0x2D, 0x20, 0x33, 0x30, 0x20,
    0x44, 0x61, 0x79, 0x73, 0x20, 0x6F, 0x66, 0x20, 0x47, 0x61, 0x6D, 0x65, 0x20, 0x54, 0x69, 0x6D,
    0x65, 0x0D, 0x0A, 0x0D, 0x0A, 0x7C, 0x63, 0x66, 0x66, 0x36, 0x36, 0x62, 0x62, 0x66, 0x66, 0x0D,
    0x0A, 0x55, 0x70, 0x67, 0x72, 0x61, 0x64, 0x69, 0x6E, 0x67, 0x20, 0x74, 0x6F, 0x20, 0x74, 0x68,
    0x65, 0x20, 0x48, 0x65, 0x72, 0x6F, 0x69, 0x63, 0x20, 0x6F, 0x72, 0x20, 0x45, 0x70, 0x69, 0x63,
    0x20, 0x45, 0x64, 0x69, 0x74, 0x69, 0x6F, 0x6E, 0x20, 0x77, 0x69, 0x6C, 0x6C, 0x20, 0x6E, 0x6F,
    0x74, 0x20, 0x72, 0x65, 0x2D, 0x67, 0x72, 0x61, 0x6E, 0x74, 0x20, 0x69, 0x6E, 0x2D, 0x67, 0x61,
    0x6D, 0x65, 0x20, 0x69, 0x74, 0x65, 0x6D, 0x73, 0x20, 0x6F, 0x72, 0x20, 0x54, 0x72, 0x61, 0x64,
    0x65, 0x72, 0x27, 0x73, 0x20, 0x54, 0x65, 0x6E, 0x64, 0x65, 0x72, 0x20, 0x28, 0x6F, 0x74, 0x68,
    0x65, 0x72, 0x20, 0x74, 0x68, 0x61, 0x6E, 0x20, 0x74, 0x68, 0x65, 0x20, 0x64, 0x69, 0x66, 0x66,
    0x65, 0x72, 0x65, 0x6E, 0x63, 0x65, 0x20, 0x69, 0x6E, 0x20, 0x54, 0x72, 0x61, 0x64, 0x65, 0x72,
    0x27, 0x73, 0x20, 0x54, 0x65, 0x6E, 0x64, 0x65, 0x72, 0x20, 0x62, 0x65, 0x74, 0x77, 0x65, 0x65,
    0x6E, 0x20, 0x45, 0x64, 0x69, 0x74, 0x69, 0x6F, 0x6E, 0x73, 0x29, 0x2E, 0x0D, 0x0A, 0x57, 0x6F,
    0x57, 0x20, 0x53, 0x75, 0x62, 0x73, 0x63, 0x72, 0x69, 0x70, 0x74, 0x69, 0x6F, 0x6E, 0x20, 0x6F,
    0x72, 0x20, 0x47, 0x61, 0x6D, 0x65, 0x20, 0x54, 0x69, 0x6D, 0x65, 0x20, 0x72, 0x65, 0x71, 0x75,
    0x69, 0x72, 0x65, 0x64, 0x2E, 0x20, 0x56, 0x69, 0x73, 0x69, 0x74, 0x20, 0x73, 0x68, 0x6F, 0x70,
    0x2E, 0x62, 0x61, 0x74, 0x74, 0x6C, 0x65, 0x2E, 0x6E, 0x65, 0x74, 0x20, 0x66, 0x6F, 0x72, 0x20,
    0x6D, 0x6F, 0x72, 0x65, 0x20, 0x69, 0x6E, 0x66, 0x6F, 0x72, 0x6D, 0x61, 0x74, 0x69, 0x6F, 0x6E,
    0x2E, 0x7C, 0x72, 0x01, 0x00, 0x00, 0x00, 0x8A, 0x83, 0x00, 0x00, 0x04, 0xC0, 0x84, 0xF8, 0x01,
    0x00, 0x79, 0x04, 0x00, 0x00, 0x00, 0x00, 0x00, 0x00, 0x56, 0x6F, 0x69, 0x64, 0x77, 0x69, 0x6E,
    0x67, 0x20, 0x44, 0x72, 0x61, 0x67, 0x6F, 0x6E, 0x68, 0x61, 0x77, 0x6B, 0x04, 0xC0, 0x00, 0x00,
    0x00, 0x00, 0x25, 0x01, 0x00, 0x00, 0x2C, 0x14, 0x00, 0x00, 0x56, 0x6F, 0x69, 0x64, 0x73, 0x74,
    0x72, 0x69, 0x64, 0x65, 0x72, 0x20, 0x52, 0x61, 0x69, 0x6D, 0x65, 0x6E, 0x74, 0x03, 0x00, 0x6D,
    0xF8, 0x01, 0x00, 0x7A, 0x04, 0x00, 0x00, 0x00, 0x00, 0x00, 0x00, 0x44, 0x6F, 0x6F, 0x6D, 0x66,
    0x65, 0x61, 0x74, 0x68, 0x65, 0x72, 0x73, 0x02, 0xC0, 0x6B, 0xF8, 0x01, 0x00, 0x7A, 0x04, 0x00,
    0x00, 0x00, 0x00, 0x00, 0x00, 0x48, 0x6F, 0x70, 0x65, 0x66, 0x6C, 0x75, 0x74, 0x74, 0x65, 0x72,
    0xA5, 0x02, 0x00, 0x00, 0x21, 0x00, 0x00, 0x00, 0x7D, 0x05, 0x00, 0x00, 0x01, 0x00, 0x00, 0x00,
    0x00, 0x00, 0x00, 0x00, 0x00, 0x80, 0x41, 0x50, 0x00, 0x00, 0x03, 0xD9, 0x00, 0x04, 0x80, 0x00,
    0x00, 0x00, 0x06, 0x00, 0x00, 0x00, 0x06, 0x00, 0x00, 0x00, 0x00, 0x00, 0x00, 0x00, 0x00, 0x00,
    0x00, 0x00, 0x02, 0x01, 0x00, 0x00, 0x4D, 0x69, 0x64, 0x6E, 0x69, 0x67, 0x68, 0x74, 0x20, 0x45,
    0x70, 0x69, 0x63, 0x20, 0x55, 0x70, 0x67, 0x72, 0x61, 0x64, 0x65, 0x55, 0x70, 0x67, 0x72, 0x61,
    0x64, 0x65, 0x20, 0x74, 0x6F, 0x20, 0x74, 0x68, 0x65, 0x20, 0x45, 0x70, 0x69, 0x63, 0x20, 0x45,
    0x64, 0x69, 0x74, 0x69, 0x6F, 0x6E, 0x2E, 0x20, 0x49, 0x6E, 0x63, 0x6C, 0x75, 0x64, 0x65, 0x73,
    0x3A, 0x0D, 0x0A, 0x2D, 0x20, 0x31, 0x35, 0x30, 0x30, 0x20, 0x54, 0x72, 0x61, 0x64, 0x65, 0x72,
    0x27, 0x73, 0x20, 0x54, 0x65, 0x6E, 0x64, 0x65, 0x72, 0x0D, 0x0A, 0x2D, 0x20, 0x4C, 0x69, 0x67,
    0x68, 0x74, 0x73, 0x74, 0x72, 0x69, 0x64, 0x65, 0x72, 0x20, 0x52, 0x61, 0x69, 0x6D, 0x65, 0x6E,
    0x74, 0x20, 0x54, 0x72, 0x61, 0x6E, 0x73, 0x6D, 0x6F, 0x67, 0x20, 0x53, 0x65, 0x74, 0x0D, 0x0A,
    0x2D, 0x20, 0x4C, 0x69, 0x67, 0x68, 0x74, 0x77, 0x69, 0x6E, 0x67, 0x20, 0x44, 0x72, 0x61, 0x67,
    0x6F, 0x6E, 0x68, 0x61, 0x77, 0x6B, 0x20, 0x53, 0x6B, 0x79, 0x72, 0x69, 0x64, 0x69, 0x6E, 0x67,
    0x20, 0x4D, 0x6F, 0x75, 0x6E, 0x74, 0x0D, 0x0A, 0x2D, 0x20, 0x56, 0x6F, 0x69, 0x64, 0x73, 0x74,
    0x72, 0x69, 0x64, 0x65, 0x72, 0x20, 0x52, 0x61, 0x69, 0x6D, 0x65, 0x6E, 0x74, 0x20, 0x54, 0x72,
    0x61, 0x6E, 0x73, 0x6D, 0x6F, 0x67, 0x20, 0x53, 0x65, 0x74, 0x0D, 0x0A, 0x2D, 0x20, 0x56, 0x6F,
    0x69, 0x64, 0x77, 0x69, 0x6E, 0x67, 0x20, 0x44, 0x72, 0x61, 0x67, 0x6F, 0x6E, 0x68, 0x61, 0x77,
    0x6B, 0x20, 0x53, 0x6B, 0x79, 0x72, 0x69, 0x64, 0x69, 0x6E, 0x67, 0x20, 0x4D, 0x6F, 0x75, 0x6E,
    0x74, 0x0D, 0x0A, 0x2D, 0x20, 0x56, 0x6F, 0x69, 0x64, 0x6C, 0x69, 0x67, 0x68, 0x74, 0x20, 0x53,
    0x75, 0x72, 0x67, 0x65, 0x72, 0x20, 0x53, 0x6B, 0x79, 0x72, 0x69, 0x64, 0x69, 0x6E, 0x67, 0x20,
    0x4D, 0x6F, 0x75, 0x6E, 0x74, 0x0D, 0x0A, 0x2D, 0x20, 0x48, 0x6F, 0x70, 0x65, 0x66, 0x6C, 0x75,
    0x74, 0x74, 0x65, 0x72, 0x20, 0x50, 0x65, 0x74, 0x0D, 0x0A, 0x2D, 0x20, 0x44, 0x6F, 0x6F, 0x6D,
    0x66, 0x65, 0x61, 0x74, 0x68, 0x65, 0x72, 0x73, 0x20, 0x50, 0x65, 0x74, 0x0D, 0x0A, 0x2D, 0x20,
    0x42, 0x65, 0x74, 0x61, 0x20, 0x41, 0x63, 0x63, 0x65, 0x73, 0x73, 0x20, 0x74, 0x6F, 0x20, 0x4D,
    0x69, 0x64, 0x6E, 0x69, 0x67, 0x68, 0x74, 0x20, 0x45, 0x78, 0x70, 0x61, 0x6E, 0x73, 0x69, 0x6F,
    0x6E, 0x0D, 0x0A, 0x2D, 0x20, 0x33, 0x20, 0x44, 0x61, 0x79, 0x73, 0x20, 0x45, 0x61, 0x72, 0x6C,
    0x79, 0x20, 0x41, 0x63, 0x63, 0x65, 0x73, 0x73, 0x20, 0x74, 0x6F, 0x20, 0x4D, 0x69, 0x64, 0x6E,
    0x69, 0x67, 0x68, 0x74, 0x20, 0x45, 0x78, 0x70, 0x61, 0x6E, 0x73, 0x69, 0x6F, 0x6E, 0x0D, 0x0A,
    0x2D, 0x20, 0x4C, 0x69, 0x67, 0x68, 0x74, 0x2D, 0x49, 0x6E, 0x66, 0x75, 0x73, 0x65, 0x64, 0x20,
    0x52, 0x6F, 0x74, 0x75, 0x6E, 0x64, 0x61, 0x20, 0x28, 0x44, 0x65, 0x63, 0x6F, 0x72, 0x29, 0x0D,
    0x0A, 0x2D, 0x20, 0x56, 0x6F, 0x69, 0x64, 0x2D, 0x43, 0x6F, 0x72, 0x72, 0x75, 0x70, 0x74, 0x65,
    0x64, 0x20, 0x52, 0x6F, 0x74, 0x75, 0x6E, 0x64, 0x61, 0x20, 0x28, 0x44, 0x65, 0x63, 0x6F, 0x72,
    0x29, 0x0D, 0x0A, 0x2D, 0x20, 0x4C, 0x69, 0x67, 0x68, 0x74, 0x2D, 0x49, 0x6E, 0x66, 0x75, 0x73,
    0x65, 0x64, 0x20, 0x46, 0x6F, 0x75, 0x6E, 0x74, 0x61, 0x69, 0x6E, 0x20, 0x28, 0x44, 0x65, 0x63,
    0x6F, 0x72, 0x29, 0x0D, 0x0A, 0x2D, 0x20, 0x56, 0x6F, 0x69, 0x64, 0x2D, 0x43, 0x6F, 0x72, 0x72,
    0x75, 0x70, 0x74, 0x65, 0x64, 0x20, 0x46, 0x6F, 0x75, 0x6E, 0x74, 0x61, 0x69, 0x6E, 0x20, 0x28,
    0x44, 0x65, 0x63, 0x6F, 0x72, 0x29, 0x0D, 0x0A, 0x2D, 0x20, 0x41, 0x6C, 0x6C, 0x65, 0x72, 0x69,
    0x61, 0x20, 0x50, 0x61, 0x69, 0x6E, 0x74, 0x69, 0x6E, 0x67, 0x20, 0x2D, 0x20, 0x22, 0x54, 0x68,
    0x65, 0x20, 0x52, 0x61, 0x6E, 0x67, 0x65, 0x72, 0x20, 0x6F, 0x66, 0x20, 0x74, 0x68, 0x65, 0x20,
    0x56, 0x6F, 0x69, 0x64, 0x22, 0x20, 0x28, 0x44, 0x65, 0x63, 0x6F, 0x72, 0x29, 0x0D, 0x0A, 0x2D,
    0x20, 0x54, 0x75, 0x72, 0x61, 0x6C, 0x79, 0x6F, 0x6E, 0x20, 0x50, 0x61, 0x69, 0x6E, 0x74, 0x69,
    0x6E, 0x67, 0x20, 0x2D, 0x20, 0x22, 0x54, 0x68, 0x65, 0x20, 0x48, 0x69, 0x67, 0x68, 0x20, 0x45,
    0x78, 0x61, 0x72, 0x63, 0x68, 0x22, 0x20, 0x28, 0x44, 0x65, 0x63, 0x6F, 0x72, 0x29, 0x0D, 0x0A,
    0x2D, 0x20, 0x41, 0x72, 0x61, 0x74, 0x6F, 0x72, 0x20, 0x50, 0x61, 0x69, 0x6E, 0x74, 0x69, 0x6E,
    0x67, 0x20, 0x2D, 0x20, 0x22, 0x54, 0x68, 0x65, 0x20, 0x52, 0x65, 0x64, 0x65, 0x65, 0x6D, 0x65,
    0x72, 0x22, 0x20, 0x28, 0x44, 0x65, 0x63, 0x6F, 0x72, 0x29, 0x0D, 0x0A, 0x2D, 0x20, 0x58, 0x61,
    0x6C, 0x27, 0x61, 0x74, 0x61, 0x74, 0x68, 0x20, 0x50, 0x61, 0x69, 0x6E, 0x74, 0x69, 0x6E, 0x67,
    0x20, 0x2D, 0x20, 0x22, 0x54, 0x68, 0x65, 0x20, 0x48, 0x61, 0x72, 0x62, 0x69, 0x6E, 0x67, 0x65,
    0x72, 0x22, 0x20, 0x28, 0x44, 0x65, 0x63, 0x6F, 0x72, 0x29, 0x0D, 0x0A, 0x2D, 0x20, 0x33, 0x30,
    0x20, 0x44, 0x61, 0x79, 0x73, 0x20, 0x6F, 0x66, 0x20, 0x47, 0x61, 0x6D, 0x65, 0x20, 0x54, 0x69,
    0x6D, 0x65, 0x0D, 0x0A, 0x0D, 0x0A, 0x7C, 0x63, 0x66, 0x66, 0x36, 0x36, 0x62, 0x62, 0x66, 0x66,
    0x0D, 0x0A, 0x55, 0x70, 0x67, 0x72, 0x61, 0x64, 0x69, 0x6E, 0x67, 0x20, 0x74, 0x6F, 0x20, 0x74,
    0x68, 0x65, 0x20, 0x48, 0x65, 0x72, 0x6F, 0x69, 0x63, 0x20, 0x6F, 0x72, 0x20, 0x45, 0x70, 0x69,
    0x63, 0x20, 0x45, 0x64, 0x69, 0x74, 0x69, 0x6F, 0x6E, 0x20, 0x77, 0x69, 0x6C, 0x6C, 0x20, 0x6E,
    0x6F, 0x74, 0x20, 0x72, 0x65, 0x2D, 0x67, 0x72, 0x61, 0x6E, 0x74, 0x20, 0x69, 0x6E, 0x2D, 0x67,
    0x61, 0x6D, 0x65, 0x20, 0x69, 0x74, 0x65, 0x6D, 0x73, 0x20, 0x6F, 0x72, 0x20, 0x54, 0x72, 0x61,
    0x64, 0x65, 0x72, 0x27, 0x73, 0x20, 0x54, 0x65, 0x6E, 0x64, 0x65, 0x72, 0x20, 0x28, 0x6F, 0x74,
    0x68, 0x65, 0x72, 0x20, 0x74, 0x68, 0x61, 0x6E, 0x20, 0x74, 0x68, 0x65, 0x20, 0x64, 0x69, 0x66,
    0x66, 0x65, 0x72, 0x65, 0x6E, 0x63, 0x65, 0x20, 0x69, 0x6E, 0x20, 0x54, 0x72, 0x61, 0x64, 0x65,
    0x72, 0x27, 0x73, 0x20, 0x54, 0x65, 0x6E, 0x64, 0x65, 0x72, 0x20, 0x62, 0x65, 0x74, 0x77, 0x65,
    0x65, 0x6E, 0x20, 0x45, 0x64, 0x69, 0x74, 0x69, 0x6F, 0x6E, 0x73, 0x29, 0x2E, 0x0D, 0x0A, 0x57,
    0x6F, 0x57, 0x20, 0x53, 0x75, 0x62, 0x73, 0x63, 0x72, 0x69, 0x70, 0x74, 0x69, 0x6F, 0x6E, 0x20,
    0x6F, 0x72, 0x20, 0x47, 0x61, 0x6D, 0x65, 0x20, 0x54, 0x69, 0x6D, 0x65, 0x20, 0x72, 0x65, 0x71,
    0x75, 0x69, 0x72, 0x65, 0x64, 0x2E, 0x20, 0x56, 0x69, 0x73, 0x69, 0x74, 0x20, 0x73, 0x68, 0x6F,
    0x70, 0x2E, 0x62, 0x61, 0x74, 0x74, 0x6C, 0x65, 0x2E, 0x6E, 0x65, 0x74, 0x20, 0x66, 0x6F, 0x72,
    0x20, 0x6D, 0x6F, 0x72, 0x65, 0x20, 0x69, 0x6E, 0x66, 0x6F, 0x72, 0x6D, 0x61, 0x74, 0x69, 0x6F,
    0x6E, 0x2E, 0x7C, 0x72, 0x01, 0x01, 0x00, 0x00, 0x86, 0x83, 0x00, 0x00, 0x04, 0xC0, 0x84, 0xF8,
    0x01, 0x00, 0x79, 0x04, 0x00, 0x00, 0x00, 0x00, 0x00, 0x00, 0x56, 0x6F, 0x69, 0x64, 0x77, 0x69,
    0x6E, 0x67, 0x20, 0x44, 0x72, 0x61, 0x67, 0x6F, 0x6E, 0x68, 0x61, 0x77, 0x6B, 0x04, 0xC0, 0x00,
    0x00, 0x00, 0x00, 0x25, 0x01, 0x00, 0x00, 0x2C, 0x14, 0x00, 0x00, 0x56, 0x6F, 0x69, 0x64, 0x73,
    0x74, 0x72, 0x69, 0x64, 0x65, 0x72, 0x20, 0x52, 0x61, 0x69, 0x6D, 0x65, 0x6E, 0x74, 0x03, 0x00,
    0x6D, 0xF8, 0x01, 0x00, 0x7A, 0x04, 0x00, 0x00, 0x00, 0x00, 0x00, 0x00, 0x44, 0x6F, 0x6F, 0x6D,
    0x66, 0x65, 0x61, 0x74, 0x68, 0x65, 0x72, 0x73, 0x05, 0x00, 0x83, 0xF8, 0x01, 0x00, 0x79, 0x04,
    0x00, 0x00, 0x00, 0x00, 0x00, 0x00, 0x4C, 0x69, 0x67, 0x68, 0x74, 0x77, 0x69, 0x6E, 0x67, 0x20,
    0x44, 0x72, 0x61, 0x67, 0x6F, 0x6E, 0x68, 0x61, 0x77, 0x6B, 0x05, 0x00, 0x00, 0x00, 0x00, 0x00,
    0x25, 0x01, 0x00, 0x00, 0x2D, 0x14, 0x00, 0x00, 0x4C, 0x69, 0x67, 0x68, 0x74, 0x73, 0x74, 0x72,
    0x69, 0x64, 0x65, 0x72, 0x20, 0x52, 0x61, 0x69, 0x6D, 0x65, 0x6E, 0x74, 0x02, 0xC0, 0x6B, 0xF8,
    0x01, 0x00, 0x7A, 0x04, 0x00, 0x00, 0x00, 0x00, 0x00, 0x00, 0x48, 0x6F, 0x70, 0x65, 0x66, 0x6C,
    0x75, 0x74, 0x74, 0x65, 0x72, 0xAE, 0x02, 0x00, 0x00, 0xDF, 0x00, 0x00, 0x00, 0x8E, 0x05, 0x00,
    0x00, 0x00, 0x00, 0x00, 0x00, 0x00, 0x00, 0x00, 0x00, 0x00, 0x80, 0xC1, 0x50, 0x00, 0x20, 0xE1,
    0x89, 0x00, 0x04, 0x80, 0x00, 0x00, 0x00, 0x06, 0x00, 0x00, 0x00, 0x04, 0x00, 0x00, 0x00, 0x00,
    0x00, 0x00, 0x00, 0x00, 0x00, 0x00, 0x00, 0x29, 0x3B, 0x66, 0x00, 0x02, 0x01, 0x00, 0x00, 0x41,
    0x73, 0x63, 0x65, 0x6E, 0x64, 0x65, 0x64, 0x20, 0x52, 0x65, 0x67, 0x61, 0x6C, 0x69, 0x61, 0x20,
    0x50, 0x61, 0x63, 0x6B, 0x46, 0x65, 0x61, 0x74, 0x75, 0x72, 0x69, 0x6E, 0x67, 0x20, 0x76, 0x69,
    0x62, 0x72, 0x61, 0x6E, 0x74, 0x20, 0x70, 0x6C, 0x75, 0x6D, 0x61, 0x67, 0x65, 0x2C, 0x20, 0x74,
    0x68, 0x69, 0x73, 0x20, 0x74, 0x72, 0x61, 0x6E, 0x73, 0x6D, 0x6F, 0x67, 0x20, 0x73, 0x65, 0x74,
    0x20, 0x65, 0x6D, 0x70, 0x6F, 0x77, 0x65, 0x72, 0x73, 0x20, 0x79, 0x6F, 0x75, 0x20, 0x74, 0x6F,
    0x20, 0x73, 0x68, 0x6F, 0x77, 0x20, 0x6F, 0x66, 0x66, 0x20, 0x79, 0x6F, 0x75, 0x72, 0x20, 0x61,
    0x73, 0x63, 0x65, 0x6E, 0x64, 0x65, 0x64, 0x20, 0x73, 0x65, 0x6C, 0x66, 0x2E, 0x20, 0x4D, 0x69,
    0x78, 0x20, 0x61, 0x6E, 0x64, 0x20, 0x6D, 0x61, 0x74, 0x63, 0x68, 0x20, 0x69, 0x6E, 0x74, 0x65,
    0x72, 0x63, 0x68, 0x61, 0x6E, 0x67, 0x65, 0x61, 0x62, 0x6C, 0x65, 0x20, 0x61, 0x72, 0x6D, 0x6F,
    0x72, 0x20, 0x70, 0x69, 0x65, 0x63, 0x65, 0x73, 0x2C, 0x20, 0x74, 0x68, 0x65, 0x6E, 0x20, 0x63,
    0x6F, 0x6D, 0x70, 0x6C, 0x65, 0x74, 0x65, 0x20, 0x79, 0x6F, 0x75, 0x72, 0x20, 0x65, 0x78, 0x71,
    0x75, 0x69, 0x73, 0x69, 0x74, 0x65, 0x20, 0x65, 0x6E, 0x73, 0x65, 0x6D, 0x62, 0x6C, 0x65, 0x20,
    0x63, 0x68, 0x6F, 0x6F, 0x73, 0x69, 0x6E, 0x67, 0x20, 0x66, 0x72, 0x6F, 0x6D, 0x20, 0x74, 0x77,
    0x65, 0x6E, 0x74, 0x79, 0x2D, 0x74, 0x77, 0x6F, 0x20, 0x64, 0x69, 0x66, 0x66, 0x65, 0x72, 0x65,
    0x6E, 0x74, 0x20, 0x77, 0x65, 0x61, 0x70, 0x6F, 0x6E, 0x20, 0x61, 0x70, 0x70, 0x65, 0x61, 0x72,
    0x61, 0x6E, 0x63, 0x65, 0x73, 0x2E, 0x20, 0x45, 0x6E, 0x6C, 0x69, 0x67, 0x68, 0x74, 0x65, 0x6E,
    0x6D, 0x65, 0x6E, 0x74, 0x20, 0x6E, 0x65, 0x76, 0x65, 0x72, 0x20, 0x6C, 0x6F, 0x6F, 0x6B, 0x65,
    0x64, 0x20, 0x73, 0x6F, 0x20, 0x67, 0x6F, 0x6F, 0x64, 0x2E, 0x2A, 0x2A, 0x54, 0x68, 0x65, 0x20,
    0x41, 0x73, 0x63, 0x65, 0x6E, 0x64, 0x65, 0x64, 0x20, 0x52, 0x65, 0x67, 0x61, 0x6C, 0x69, 0x61,
    0x20, 0x50, 0x61, 0x63, 0x6B, 0x20, 0x69, 0x6E, 0x63, 0x6C, 0x75, 0x64, 0x65, 0x73, 0x20, 0x74,
    0x68, 0x65, 0x20, 0x66, 0x6F, 0x6C, 0x6C, 0x6F, 0x77, 0x69, 0x6E, 0x67, 0x3A, 0x20, 0x20, 0x20,
    0x20, 0x0D, 0x0A, 0x2D, 0x20, 0x53, 0x70, 0x69, 0x72, 0x69, 0x74, 0x62, 0x72, 0x69, 0x6E, 0x67,
    0x65, 0x72, 0x20, 0x41, 0x74, 0x74, 0x69, 0x72, 0x65, 0x20, 0x28, 0x54, 0x72, 0x61, 0x6E, 0x73,
    0x6D, 0x6F, 0x67, 0x20, 0x53, 0x65, 0x74, 0x29, 0x20, 0x0D, 0x0A, 0x2D, 0x20, 0x53, 0x70, 0x69,
    0x72, 0x69, 0x74, 0x72, 0x75, 0x6E, 0x65, 0x20, 0x41, 0x74, 0x74, 0x69, 0x72, 0x65, 0x20, 0x28,
    0x54, 0x72, 0x61, 0x6E, 0x73, 0x6D, 0x6F, 0x67, 0x20, 0x53, 0x65, 0x74, 0x29, 0x20, 0x0D, 0x0A,
    0x2D, 0x20, 0x41, 0x72, 0x73, 0x65, 0x6E, 0x61, 0x6C, 0x3A, 0x20, 0x53, 0x70, 0x69, 0x72, 0x69,
    0x74, 0x2D, 0x54, 0x6F, 0x75, 0x63, 0x68, 0x65, 0x64, 0x20, 0x43, 0x6F, 0x6C, 0x6C, 0x65, 0x63,
    0x74, 0x69, 0x6F, 0x6E, 0x20, 0x28, 0x57, 0x65, 0x61, 0x70, 0x6F, 0x6E, 0x20, 0x54, 0x72, 0x61,
    0x6E, 0x73, 0x6D, 0x6F, 0x67, 0x73, 0x29, 0x20, 0x0D, 0x0A, 0x2D, 0x20, 0x53, 0x6F, 0x75, 0x6C,
    0x62, 0x72, 0x69, 0x6E, 0x67, 0x65, 0x72, 0x20, 0x41, 0x74, 0x74, 0x69, 0x72, 0x65, 0x20, 0x28,
    0x54, 0x72, 0x61, 0x6E, 0x73, 0x6D, 0x6F, 0x67, 0x20, 0x53, 0x65, 0x74, 0x29, 0x20, 0x0D, 0x0A,
    0x2D, 0x20, 0x53, 0x6F, 0x75, 0x6C, 0x72, 0x75, 0x6E, 0x65, 0x20, 0x41, 0x74, 0x74, 0x69, 0x72,
    0x65, 0x20, 0x28, 0x54, 0x72, 0x61, 0x6E, 0x73, 0x6D, 0x6F, 0x67, 0x20, 0x53, 0x65, 0x74, 0x29,
    0x20, 0x0D, 0x0A, 0x2D, 0x20, 0x41, 0x72, 0x73, 0x65, 0x6E, 0x61, 0x6C, 0x3A, 0x20, 0x53, 0x6F,
    0x75, 0x6C, 0x2D, 0x54, 0x6F, 0x75, 0x63, 0x68, 0x65, 0x64, 0x20, 0x43, 0x6F, 0x6C, 0x6C, 0x65,
    0x63, 0x74, 0x69, 0x6F, 0x6E, 0x20, 0x28, 0x57, 0x65, 0x61, 0x70, 0x6F, 0x6E, 0x20, 0x54, 0x72,
    0x61, 0x6E, 0x73, 0x6D, 0x6F, 0x67, 0x73, 0x29, 0x20, 0x0D, 0x0A, 0x0D, 0x0A, 0x43, 0x65, 0x72,
    0x74, 0x61, 0x69, 0x6E, 0x20, 0x72, 0x65, 0x73, 0x74, 0x72, 0x69, 0x63, 0x74, 0x69, 0x6F, 0x6E,
    0x73, 0x20, 0x61, 0x70, 0x70, 0x6C, 0x79, 0x2E, 0x20, 0x56, 0x69, 0x73, 0x69, 0x74, 0x20, 0x73,
    0x68, 0x6F, 0x70, 0x2E, 0x62, 0x61, 0x74, 0x74, 0x6C, 0x65, 0x2E, 0x6E, 0x65, 0x74, 0x20, 0x66,
    0x6F, 0x72, 0x20, 0x6D, 0x6F, 0x72, 0x65, 0x20, 0x69, 0x6E, 0x66, 0x6F, 0x72, 0x6D, 0x61, 0x74,
    0x69, 0x6F, 0x6E, 0x2E, 0x10, 0x00, 0x00, 0x00, 0x83, 0x84, 0x00, 0x00, 0x07, 0x80, 0x00, 0x00,
    0x00, 0x00, 0x25, 0x01, 0x00, 0x00, 0x29, 0x11, 0x00, 0x00, 0x45, 0x6E, 0x73, 0x65, 0x6D, 0x62,
    0x6C, 0x65, 0x3A, 0x20, 0x53, 0x70, 0x69, 0x72, 0x69, 0x74, 0x62, 0x72, 0x69, 0x6E, 0x67, 0x65,
    0x72, 0x20, 0x41, 0x74, 0x74, 0x69, 0x72, 0x65, 0x06, 0xC0, 0x00, 0x00, 0x00, 0x00, 0x25, 0x01,
    0x00, 0x00, 0x2B, 0x11, 0x00, 0x00, 0x45, 0x6E, 0x73, 0x65, 0x6D, 0x62, 0x6C, 0x65, 0x3A, 0x20,
    0x53, 0x70, 0x69, 0x72, 0x69, 0x74, 0x72, 0x75, 0x6E, 0x65, 0x20, 0x41, 0x74, 0x74, 0x69, 0x72,
    0x65, 0x07, 0x00, 0x00, 0x00, 0x00, 0x00, 0x25, 0x01, 0x00, 0x00, 0x2A, 0x11, 0x00, 0x00, 0x45,
    0x6E, 0x73, 0x65, 0x6D, 0x62, 0x6C, 0x65, 0x3A, 0x20, 0x53, 0x6F, 0x75, 0x6C, 0x62, 0x72, 0x69,
    0x6E, 0x67, 0x65, 0x72, 0x20, 0x41, 0x74, 0x74, 0x69, 0x72, 0x65, 0x06, 0x40, 0x00, 0x00, 0x00,
    0x00, 0x25, 0x01, 0x00, 0x00, 0x2C, 0x11, 0x00, 0x00, 0x45, 0x6E, 0x73, 0x65, 0x6D, 0x62, 0x6C,
    0x65, 0x3A, 0x20, 0x53, 0x6F, 0x75, 0x6C, 0x72, 0x75, 0x6E, 0x65, 0x20, 0x41, 0x74, 0x74, 0x69,
    0x72, 0x65, 0x08, 0x80, 0x00, 0x00, 0x00, 0x00, 0xA9, 0x03, 0x00, 0x00, 0x2D, 0x11, 0x00, 0x00,
    0x41, 0x72, 0x73, 0x65, 0x6E, 0x61, 0x6C, 0x3A, 0x20, 0x53, 0x70, 0x69, 0x72, 0x69, 0x74, 0x2D,
    0x54, 0x6F, 0x75, 0x63, 0x68, 0x65, 0x64, 0x20, 0x43, 0x6F, 0x6C, 0x6C, 0x65, 0x63, 0x74, 0x69,
    0x6F, 0x6E, 0x08, 0x00, 0x00, 0x00, 0x00, 0x00, 0xA9, 0x03, 0x00, 0x00, 0x2E, 0x11, 0x00, 0x00,
    0x41, 0x72, 0x73, 0x65, 0x6E, 0x61, 0x6C, 0x3A, 0x20, 0x53, 0x6F, 0x75, 0x6C, 0x2D, 0x54, 0x6F,
    0x75, 0x63, 0x68, 0x65, 0x64, 0x20, 0x43, 0x6F, 0x6C, 0x6C, 0x65, 0x63, 0x74, 0x69, 0x6F, 0x6E,
    0xA0, 0x02, 0x00, 0x00, 0x21, 0x00, 0x00, 0x00, 0x79, 0x05, 0x00, 0x00, 0x00, 0x00, 0x00, 0x00,
    0x00, 0x00, 0x00, 0x00, 0x00, 0x80, 0x41, 0x50, 0x00, 0x00, 0x02, 0x21, 0x00, 0x05, 0x00, 0x00,
    0x00, 0x00, 0x00, 0x00, 0x00, 0x00, 0x05, 0x00, 0x00, 0x00, 0x00, 0x00, 0x00, 0x00, 0x00, 0x00,
    0x00, 0x00, 0x0A, 0x00, 0x00, 0x00, 0x4D, 0x69, 0x64, 0x6E, 0x69, 0x67, 0x68, 0x74, 0x20, 0x42,
    0x61, 0x73, 0x65, 0x20, 0x45, 0x64, 0x69, 0x74, 0x69, 0x6F, 0x6E, 0x49, 0x6E, 0x63, 0x6C, 0x75,
    0x64, 0x65, 0x73, 0x3A, 0x0D, 0x0A, 0x2D, 0x20, 0x57, 0x6F, 0x72, 0x6C, 0x64, 0x20, 0x6F, 0x66,
    0x20, 0x57, 0x61, 0x72, 0x63, 0x72, 0x61, 0x66, 0x74, 0x3A, 0x20, 0x4D, 0x69, 0x64, 0x6E, 0x69,
    0x67, 0x68, 0x74, 0x2A, 0x20, 0x0D, 0x0A, 0x2D, 0x20, 0x57, 0x6F, 0x72, 0x6C, 0x64, 0x20, 0x6F,
    0x66, 0x20, 0x57, 0x61, 0x72, 0x63, 0x72, 0x61, 0x66, 0x74, 0x3A, 0x20, 0x54, 0x68, 0x65, 0x20,
    0x57, 0x61, 0x72, 0x20, 0x57, 0x69, 0x74, 0x68, 0x69, 0x6E, 0x20, 0x0D, 0x0A, 0x2D, 0x20, 0x4C,
    0x65, 0x76, 0x65, 0x6C, 0x20, 0x38, 0x30, 0x20, 0x43, 0x68, 0x61, 0x72, 0x61, 0x63, 0x74, 0x65,
    0x72, 0x20, 0x42, 0x6F, 0x6F, 0x73, 0x74, 0x20, 0x77, 0x69, 0x74, 0x68, 0x20, 0x65, 0x6E, 0x68,
    0x61, 0x6E, 0x63, 0x65, 0x64, 0x20, 0x67, 0x65, 0x61, 0x72, 0x2C, 0x20, 0x72, 0x65, 0x70, 0x75,
    0x74, 0x61, 0x74, 0x69, 0x6F, 0x6E, 0x20, 0x70, 0x72, 0x6F, 0x67, 0x72, 0x65, 0x73, 0x73, 0x2C,
    0x20, 0x61, 0x6E, 0x64, 0x20, 0x6D, 0x6F, 0x72, 0x65, 0x20, 0x0D, 0x0A, 0x2D, 0x20, 0x35, 0x30,
    0x30, 0x20, 0x54, 0x72, 0x61, 0x64, 0x65, 0x72, 0x27, 0x73, 0x20, 0x54, 0x65, 0x6E, 0x64, 0x65,
    0x72, 0x20, 0x0D, 0x0A, 0x2D, 0x20, 0x48, 0x6F, 0x75, 0x73, 0x69, 0x6E, 0x67, 0x20, 0x45, 0x61,
    0x72, 0x6C, 0x79, 0x20, 0x41, 0x63, 0x63, 0x65, 0x73, 0x73, 0x20, 0x0D, 0x0A, 0x0D, 0x0A, 0x7C,
    0x63, 0x66, 0x66, 0x36, 0x36, 0x62, 0x62, 0x66, 0x66, 0x0D, 0x0A, 0x0D, 0x0A, 0x2A, 0x57, 0x6F,
    0x72, 0x6C, 0x64, 0x20, 0x6F, 0x66, 0x20, 0x57, 0x61, 0x72, 0x63, 0x72, 0x61, 0x66, 0x74, 0x3A,
    0x20, 0x4D, 0x69, 0x64, 0x6E, 0x69, 0x67, 0x68, 0x74, 0x20, 0x77, 0x69, 0x6C, 0x6C, 0x20, 0x62,
    0x65, 0x20, 0x61, 0x76, 0x61, 0x69, 0x6C, 0x61, 0x62, 0x6C, 0x65, 0x20, 0x6F, 0x6E, 0x20, 0x6F,
    0x72, 0x20, 0x62, 0x65, 0x66, 0x6F, 0x72, 0x65, 0x20, 0x4A, 0x75, 0x6E, 0x65, 0x20, 0x33, 0x30,
    0x2C, 0x20, 0x32, 0x30, 0x32, 0x36, 0x2E, 0x20, 0x0D, 0x0A, 0x55, 0x70, 0x67, 0x72, 0x61, 0x64,
    0x69, 0x6E, 0x67, 0x20, 0x74, 0x6F, 0x20, 0x74, 0x68, 0x65, 0x20, 0x48, 0x65, 0x72, 0x6F, 0x69,
    0x63, 0x20, 0x6F, 0x72, 0x20, 0x45, 0x70, 0x69, 0x63, 0x20, 0x45, 0x64, 0x69, 0x74, 0x69, 0x6F,
    0x6E, 0x20, 0x77, 0x69, 0x6C, 0x6C, 0x20, 0x6E, 0x6F, 0x74, 0x20, 0x72, 0x65, 0x2D, 0x67, 0x72,
    0x61, 0x6E, 0x74, 0x20, 0x69, 0x6E, 0x2D, 0x67, 0x61, 0x6D, 0x65, 0x20, 0x69, 0x74, 0x65, 0x6D,
    0x73, 0x20, 0x6F, 0x72, 0x20, 0x54, 0x72, 0x61, 0x64, 0x65, 0x72, 0x27, 0x73, 0x20, 0x54, 0x65,
    0x6E, 0x64, 0x65, 0x72, 0x20, 0x28, 0x6F, 0x74, 0x68, 0x65, 0x72, 0x20, 0x74, 0x68, 0x61, 0x6E,
    0x20, 0x74, 0x68, 0x65, 0x20, 0x64, 0x69, 0x66, 0x66, 0x65, 0x72, 0x65, 0x6E, 0x63, 0x65, 0x20,
    0x69, 0x6E, 0x20, 0x54, 0x72, 0x61, 0x64, 0x65, 0x72, 0x27, 0x73, 0x20, 0x54, 0x65, 0x6E, 0x64,
    0x65, 0x72, 0x20, 0x62, 0x65, 0x74, 0x77, 0x65, 0x65, 0x6E, 0x20, 0x45, 0x64, 0x69, 0x74, 0x69,
    0x6F, 0x6E, 0x73, 0x29, 0x2E, 0x0D, 0x0A, 0x57, 0x6F, 0x57, 0x20, 0x53, 0x75, 0x62, 0x73, 0x63,
    0x72, 0x69, 0x70, 0x74, 0x69, 0x6F, 0x6E, 0x20, 0x6F, 0x72, 0x20, 0x47, 0x61, 0x6D, 0x65, 0x20,
    0x54, 0x69, 0x6D, 0x65, 0x20, 0x72, 0x65, 0x71, 0x75, 0x69, 0x72, 0x65, 0x64, 0x2E, 0x20, 0x56,
    0x69, 0x73, 0x69, 0x74, 0x20, 0x73, 0x68, 0x6F, 0x70, 0x2E, 0x62, 0x61, 0x74, 0x74, 0x6C, 0x65,
    0x2E, 0x6E, 0x65, 0x74, 0x20, 0x66, 0x6F, 0x72, 0x20, 0x6D, 0x6F, 0x72, 0x65, 0x20, 0x69, 0x6E,
    0x66, 0x6F, 0x72, 0x6D, 0x61, 0x74, 0x69, 0x6F, 0x6E, 0x2E, 0x7C, 0x72, 0x01, 0x00, 0x00, 0x00,
    0x75, 0x83, 0x00, 0x00, 0xA1, 0x02, 0x00, 0x00, 0x21, 0x00, 0x00, 0x00, 0x7A, 0x05, 0x00, 0x00,
    0x01, 0x00, 0x00, 0x00, 0x00, 0x00, 0x00, 0x00, 0x00, 0x80, 0x41, 0x70, 0x00, 0x00, 0x02, 0x68,
    0x00, 0x04, 0x80, 0x00, 0x00, 0x00, 0x02, 0x00, 0x00, 0x00, 0x05, 0x00, 0x00, 0x00, 0x00, 0x00,
    0x00, 0x00, 0x00, 0x00, 0x00, 0x00, 0x02, 0x01, 0x00, 0x00, 0x4D, 0x69, 0x64, 0x6E, 0x69, 0x67,
    0x68, 0x74, 0x20, 0x48, 0x65, 0x72, 0x6F, 0x69, 0x63, 0x20, 0x45, 0x64, 0x69, 0x74, 0x69, 0x6F,
    0x6E, 0x49, 0x6E, 0x63, 0x6C, 0x75, 0x64, 0x65, 0x73, 0x3A, 0x0D, 0x0A, 0x2D, 0x20, 0x57, 0x6F,
    0x72, 0x6C, 0x64, 0x20, 0x6F, 0x66, 0x20, 0x57, 0x61, 0x72, 0x63, 0x72, 0x61, 0x66, 0x74, 0x3A,
    0x20, 0x4D, 0x69, 0x64, 0x6E, 0x69, 0x67, 0x68, 0x74, 0x2A, 0x0D, 0x0A, 0x2D, 0x20, 0x57, 0x6F,
    0x72, 0x6C, 0x64, 0x20, 0x6F, 0x66, 0x20, 0x57, 0x61, 0x72, 0x63, 0x72, 0x61, 0x66, 0x74, 0x3A,
    0x20, 0x54, 0x68, 0x65, 0x20, 0x57, 0x61, 0x72, 0x20, 0x57, 0x69, 0x74, 0x68, 0x69, 0x6E, 0x0D,
    0x0A, 0x2D, 0x20, 0x4C, 0x65, 0x76, 0x65, 0x6C, 0x20, 0x38, 0x30, 0x20, 0x43, 0x68, 0x61, 0x72,
    0x61, 0x63, 0x74, 0x65, 0x72, 0x20, 0x42, 0x6F, 0x6F, 0x73, 0x74, 0x20, 0x77, 0x69, 0x74, 0x68,
    0x20, 0x65, 0x6E, 0x68, 0x61, 0x6E, 0x63, 0x65, 0x64, 0x20, 0x67, 0x65, 0x61, 0x72, 0x2C, 0x20,
    0x72, 0x65, 0x70, 0x75, 0x74, 0x61, 0x74, 0x69, 0x6F, 0x6E, 0x20, 0x70, 0x72, 0x6F, 0x67, 0x72,
    0x65, 0x73, 0x73, 0x2C, 0x20, 0x61, 0x6E, 0x64, 0x20, 0x6D, 0x6F, 0x72, 0x65, 0x0D, 0x0A, 0x2D,
    0x20, 0x31, 0x30, 0x30, 0x30, 0x20, 0x54, 0x72, 0x61, 0x64, 0x65, 0x72, 0x27, 0x73, 0x20, 0x54,
    0x65, 0x6E, 0x64, 0x65, 0x72, 0x0D, 0x0A, 0x2D, 0x20, 0x48, 0x6F, 0x75, 0x73, 0x69, 0x6E, 0x67,
    0x20, 0x45, 0x61, 0x72, 0x6C, 0x79, 0x20, 0x41, 0x63, 0x63, 0x65, 0x73, 0x73, 0x0D, 0x0A, 0x2D,
    0x20, 0x4C, 0x69, 0x67, 0x68, 0x74, 0x73, 0x74, 0x72, 0x69, 0x64, 0x65, 0x72, 0x20, 0x52, 0x61,
    0x69, 0x6D, 0x65, 0x6E, 0x74, 0x20, 0x54, 0x72, 0x61, 0x6E, 0x73, 0x6D, 0x6F, 0x67, 0x20, 0x53,
    0x65, 0x74, 0x0D, 0x0A, 0x2D, 0x20, 0x4C, 0x69, 0x67, 0x68, 0x74, 0x77, 0x69, 0x6E, 0x67, 0x20,
    0x44, 0x72, 0x61, 0x67, 0x6F, 0x6E, 0x68, 0x61, 0x77, 0x6B, 0x20, 0x53, 0x6B, 0x79, 0x72, 0x69,
    0x64, 0x69, 0x6E, 0x67, 0x20, 0x4D, 0x6F, 0x75, 0x6E, 0x74, 0x0D, 0x0A, 0x0D, 0x0A, 0x7C, 0x63,
    0x66, 0x66, 0x36, 0x36, 0x62, 0x62, 0x66, 0x66, 0x0D, 0x0A, 0x2A, 0x57, 0x6F, 0x72, 0x6C, 0x64,
    0x20, 0x6F, 0x66, 0x20, 0x57, 0x61, 0x72, 0x63, 0x72, 0x61, 0x66, 0x74, 0x3A, 0x20, 0x4D, 0x69,
    0x64, 0x6E, 0x69, 0x67, 0x68, 0x74, 0x20, 0x77, 0x69, 0x6C, 0x6C, 0x20, 0x62, 0x65, 0x20, 0x61,
    0x76, 0x61, 0x69, 0x6C, 0x61, 0x62, 0x6C, 0x65, 0x20, 0x6F, 0x6E, 0x20, 0x6F, 0x72, 0x20, 0x62,
    0x65, 0x66, 0x6F, 0x72, 0x65, 0x20, 0x4A, 0x75, 0x6E, 0x65, 0x20, 0x33, 0x30, 0x2C, 0x20, 0x32,
    0x30, 0x32, 0x36, 0x2E, 0x20, 0x0D, 0x0A, 0x55, 0x70, 0x67, 0x72, 0x61, 0x64, 0x69, 0x6E, 0x67,
    0x20, 0x74, 0x6F, 0x20, 0x74, 0x68, 0x65, 0x20, 0x48, 0x65, 0x72, 0x6F, 0x69, 0x63, 0x20, 0x6F,
    0x72, 0x20, 0x45, 0x70, 0x69, 0x63, 0x20, 0x45, 0x64, 0x69, 0x74, 0x69, 0x6F, 0x6E, 0x20, 0x77,
    0x69, 0x6C, 0x6C, 0x20, 0x6E, 0x6F, 0x74, 0x20, 0x72, 0x65, 0x2D, 0x67, 0x72, 0x61, 0x6E, 0x74,
    0x20, 0x69, 0x6E, 0x2D, 0x67, 0x61, 0x6D, 0x65, 0x20, 0x69, 0x74, 0x65, 0x6D, 0x73, 0x20, 0x6F,
    0x72, 0x20, 0x54, 0x72, 0x61, 0x64, 0x65, 0x72, 0x27, 0x73, 0x20, 0x54, 0x65, 0x6E, 0x64, 0x65,
    0x72, 0x20, 0x28, 0x6F, 0x74, 0x68, 0x65, 0x72, 0x20, 0x74, 0x68, 0x61, 0x6E, 0x20, 0x74, 0x68,
    0x65, 0x20, 0x64, 0x69, 0x66, 0x66, 0x65, 0x72, 0x65, 0x6E, 0x63, 0x65, 0x20, 0x69, 0x6E, 0x20,
    0x54, 0x72, 0x61, 0x64, 0x65, 0x72, 0x27, 0x73, 0x20, 0x54, 0x65, 0x6E, 0x64, 0x65, 0x72, 0x20,
    0x62, 0x65, 0x74, 0x77, 0x65, 0x65, 0x6E, 0x20, 0x45, 0x64, 0x69, 0x74, 0x69, 0x6F, 0x6E, 0x73,
    0x29, 0x2E, 0x0D, 0x0A, 0x57, 0x6F, 0x57, 0x20, 0x53, 0x75, 0x62, 0x73, 0x63, 0x72, 0x69, 0x70,
    0x74, 0x69, 0x6F, 0x6E, 0x20, 0x6F, 0x72, 0x20, 0x47, 0x61, 0x6D, 0x65, 0x20, 0x54, 0x69, 0x6D,
    0x65, 0x20, 0x72, 0x65, 0x71, 0x75, 0x69, 0x72, 0x65, 0x64, 0x2E, 0x20, 0x56, 0x69, 0x73, 0x69,
    0x74, 0x20, 0x73, 0x68, 0x6F, 0x70, 0x2E, 0x62, 0x61, 0x74, 0x74, 0x6C, 0x65, 0x2E, 0x6E, 0x65,
    0x74, 0x20, 0x66, 0x6F, 0x72, 0x20, 0x6D, 0x6F, 0x72, 0x65, 0x20, 0x69, 0x6E, 0x66, 0x6F, 0x72,
    0x6D, 0x61, 0x74, 0x69, 0x6F, 0x6E, 0x2E, 0x7C, 0x72, 0x01, 0x01, 0x00, 0x00, 0x76, 0x83, 0x00,
    0x00, 0x05, 0x00, 0x83, 0xF8, 0x01, 0x00, 0x79, 0x04, 0x00, 0x00, 0x00, 0x00, 0x00, 0x00, 0x4C,
    0x69, 0x67, 0x68, 0x74, 0x77, 0x69, 0x6E, 0x67, 0x20, 0x44, 0x72, 0x61, 0x67, 0x6F, 0x6E, 0x68,
    0x61, 0x77, 0x6B, 0x05, 0x00, 0x00, 0x00, 0x00, 0x00, 0x25, 0x01, 0x00, 0x00, 0x2D, 0x14, 0x00,
    0x00, 0x4C, 0x69, 0x67, 0x68, 0x74, 0x73, 0x74, 0x72, 0x69, 0x64, 0x65, 0x72, 0x20, 0x52, 0x61,
    0x69, 0x6D, 0x65, 0x6E, 0x74, 0xA2, 0x02, 0x00, 0x00, 0x21, 0x00, 0x00, 0x00, 0x7B, 0x05, 0x00,
    0x00, 0x02, 0x00, 0x00, 0x00, 0x00, 0x00, 0x00, 0x00, 0x00, 0x80, 0x41, 0x50, 0x00, 0x00, 0x04,
    0xB3, 0x00, 0x04, 0x80, 0x00, 0x00, 0x00, 0x06, 0x00, 0x00, 0x00, 0x06, 0x00, 0x00, 0x00, 0x00,
    0x00, 0x00, 0x00, 0x00, 0x00, 0x00, 0x00, 0x02, 0x01, 0x00, 0x00, 0x4D, 0x69, 0x64, 0x6E, 0x69,
    0x67, 0x68, 0x74, 0x20, 0x45, 0x70, 0x69, 0x63, 0x20, 0x45, 0x64, 0x69, 0x74, 0x69, 0x6F, 0x6E,
    0x49, 0x6E, 0x63, 0x6C, 0x75, 0x64, 0x65, 0x73, 0x3A, 0x0D, 0x0A, 0x2D, 0x20, 0x57, 0x6F, 0x72,
    0x6C, 0x64, 0x20, 0x6F, 0x66, 0x20, 0x57, 0x61, 0x72, 0x63, 0x72, 0x61, 0x66, 0x74, 0x3A, 0x20,
    0x4D, 0x69, 0x64, 0x6E, 0x69, 0x67, 0x68, 0x74, 0x2A, 0x0D, 0x0A, 0x2D, 0x20, 0x57, 0x6F, 0x72,
    0x6C, 0x64, 0x20, 0x6F, 0x66, 0x20, 0x57, 0x61, 0x72, 0x63, 0x72, 0x61, 0x66, 0x74, 0x3A, 0x20,
    0x54, 0x68, 0x65, 0x20, 0x57, 0x61, 0x72, 0x20, 0x57, 0x69, 0x74, 0x68, 0x69, 0x6E, 0x0D, 0x0A,
    0x2D, 0x20, 0x4C, 0x65, 0x76, 0x65, 0x6C, 0x20, 0x38, 0x30, 0x20, 0x43, 0x68, 0x61, 0x72, 0x61,
    0x63, 0x74, 0x65, 0x72, 0x20, 0x42, 0x6F, 0x6F, 0x73, 0x74, 0x20, 0x77, 0x69, 0x74, 0x68, 0x20,
    0x65, 0x6E, 0x68, 0x61, 0x6E, 0x63, 0x65, 0x64, 0x20, 0x67, 0x65, 0x61, 0x72, 0x2C, 0x20, 0x72,
    0x65, 0x70, 0x75, 0x74, 0x61, 0x74, 0x69, 0x6F, 0x6E, 0x20, 0x70, 0x72, 0x6F, 0x67, 0x72, 0x65,
    0x73, 0x73, 0x2C, 0x20, 0x61, 0x6E, 0x64, 0x20, 0x6D, 0x6F, 0x72, 0x65, 0x0D, 0x0A, 0x2D, 0x20,
    0x32, 0x30, 0x30, 0x30, 0x20, 0x54, 0x72, 0x61, 0x64, 0x65, 0x72, 0x27, 0x73, 0x20, 0x54, 0x65,
    0x6E, 0x64, 0x65, 0x72, 0x0D, 0x0A, 0x2D, 0x20, 0x48, 0x6F, 0x75, 0x73, 0x69, 0x6E, 0x67, 0x20,
    0x45, 0x61, 0x72, 0x6C, 0x79, 0x20, 0x41, 0x63, 0x63, 0x65, 0x73, 0x73, 0x0D, 0x0A, 0x2D, 0x20,
    0x4C, 0x69, 0x67, 0x68, 0x74, 0x73, 0x74, 0x72, 0x69, 0x64, 0x65, 0x72, 0x20, 0x52, 0x61, 0x69,
    0x6D, 0x65, 0x6E, 0x74, 0x20, 0x54, 0x72, 0x61, 0x6E, 0x73, 0x6D, 0x6F, 0x67, 0x20, 0x53, 0x65,
    0x74, 0x0D, 0x0A, 0x2D, 0x20, 0x4C, 0x69, 0x67, 0x68, 0x74, 0x77, 0x69, 0x6E, 0x67, 0x20, 0x44,
    0x72, 0x61, 0x67, 0x6F, 0x6E, 0x68, 0x61, 0x77, 0x6B, 0x20, 0x53, 0x6B, 0x79, 0x72, 0x69, 0x64,
    0x69, 0x6E, 0x67, 0x20, 0x4D, 0x6F, 0x75, 0x6E, 0x74, 0x0D, 0x0A, 0x2D, 0x20, 0x56, 0x6F, 0x69,
    0x64, 0x73, 0x74, 0x72, 0x69, 0x64, 0x65, 0x72, 0x20, 0x52, 0x61, 0x69, 0x6D, 0x65, 0x6E, 0x74,
    0x20, 0x54, 0x72, 0x61, 0x6E, 0x73, 0x6D, 0x6F, 0x67, 0x20, 0x53, 0x65, 0x74, 0x0D, 0x0A, 0x2D,
    0x20, 0x56, 0x6F, 0x69, 0x64, 0x77, 0x69, 0x6E, 0x67, 0x20, 0x44, 0x72, 0x61, 0x67, 0x6F, 0x6E,
    0x68, 0x61, 0x77, 0x6B, 0x20, 0x53, 0x6B, 0x79, 0x72, 0x69, 0x64, 0x69, 0x6E, 0x67, 0x20, 0x4D,
    0x6F, 0x75, 0x6E, 0x74, 0x0D, 0x0A, 0x2D, 0x20, 0x56, 0x6F, 0x69, 0x64, 0x6C, 0x69, 0x67, 0x68,
    0x74, 0x20, 0x53, 0x75, 0x72, 0x67, 0x65, 0x72, 0x20, 0x53, 0x6B, 0x79, 0x72, 0x69, 0x64, 0x69,
    0x6E, 0x67, 0x20, 0x4D, 0x6F, 0x75, 0x6E, 0x74, 0x0D, 0x0A, 0x2D, 0x20, 0x48, 0x6F, 0x70, 0x65,
    0x66, 0x6C, 0x75, 0x74, 0x74, 0x65, 0x72, 0x20, 0x50, 0x65, 0x74, 0x0D, 0x0A, 0x2D, 0x20, 0x44,
    0x6F, 0x6F, 0x6D, 0x66, 0x65, 0x61, 0x74, 0x68, 0x65, 0x72, 0x73, 0x20, 0x50, 0x65, 0x74, 0x0D,
    0x0A, 0x2D, 0x20, 0x42, 0x65, 0x74, 0x61, 0x20, 0x41, 0x63, 0x63, 0x65, 0x73, 0x73, 0x20, 0x74,
    0x6F, 0x20, 0x4D, 0x69, 0x64, 0x6E, 0x69, 0x67, 0x68, 0x74, 0x20, 0x45, 0x78, 0x70, 0x61, 0x6E,
    0x73, 0x69, 0x6F, 0x6E, 0x0D, 0x0A, 0x2D, 0x20, 0x33, 0x20, 0x44, 0x61, 0x79, 0x73, 0x20, 0x45,
    0x61, 0x72, 0x6C, 0x79, 0x20, 0x41, 0x63, 0x63, 0x65, 0x73, 0x73, 0x20, 0x74, 0x6F, 0x20, 0x4D,
    0x69, 0x64, 0x6E, 0x69, 0x67, 0x68, 0x74, 0x20, 0x45, 0x78, 0x70, 0x61, 0x6E, 0x73, 0x69, 0x6F,
    0x6E, 0x0D, 0x0A, 0x2D, 0x20, 0x4C, 0x69, 0x67, 0x68, 0x74, 0x2D, 0x49, 0x6E, 0x66, 0x75, 0x73,
    0x65, 0x64, 0x20, 0x52, 0x6F, 0x74, 0x75, 0x6E, 0x64, 0x61, 0x20, 0x28, 0x44, 0x65, 0x63, 0x6F,
    0x72, 0x29, 0x0D, 0x0A, 0x2D, 0x20, 0x56, 0x6F, 0x69, 0x64, 0x2D, 0x43, 0x6F, 0x72, 0x72, 0x75,
    0x70, 0x74, 0x65, 0x64, 0x20, 0x52, 0x6F, 0x74, 0x75, 0x6E, 0x64, 0x61, 0x20, 0x28, 0x44, 0x65,
    0x63, 0x6F, 0x72, 0x29, 0x0D, 0x0A, 0x2D, 0x20, 0x4C, 0x69, 0x67, 0x68, 0x74, 0x2D, 0x49, 0x6E,
    0x66, 0x75, 0x73, 0x65, 0x64, 0x20, 0x46, 0x6F, 0x75, 0x6E, 0x74, 0x61, 0x69, 0x6E, 0x20, 0x28,
    0x44, 0x65, 0x63, 0x6F, 0x72, 0x29, 0x0D, 0x0A, 0x2D, 0x20, 0x56, 0x6F, 0x69, 0x64, 0x2D, 0x43,
    0x6F, 0x72, 0x72, 0x75, 0x70, 0x74, 0x65, 0x64, 0x20, 0x46, 0x6F, 0x75, 0x6E, 0x74, 0x61, 0x69,
    0x6E, 0x20, 0x28, 0x44, 0x65, 0x63, 0x6F, 0x72, 0x29, 0x0D, 0x0A, 0x2D, 0x20, 0x41, 0x6C, 0x6C,
    0x65, 0x72, 0x69, 0x61, 0x20, 0x50, 0x61, 0x69, 0x6E, 0x74, 0x69, 0x6E, 0x67, 0x20, 0x2D, 0x20,
    0x22, 0x54, 0x68, 0x65, 0x20, 0x52, 0x61, 0x6E, 0x67, 0x65, 0x72, 0x20, 0x6F, 0x66, 0x20, 0x74,
    0x68, 0x65, 0x20, 0x56, 0x6F, 0x69, 0x64, 0x22, 0x20, 0x28, 0x44, 0x65, 0x63, 0x6F, 0x72, 0x29,
    0x0D, 0x0A, 0x2D, 0x20, 0x54, 0x75, 0x72, 0x61, 0x6C, 0x79, 0x6F, 0x6E, 0x20, 0x50, 0x61, 0x69,
    0x6E, 0x74, 0x69, 0x6E, 0x67, 0x20, 0x2D, 0x20, 0x22, 0x54, 0x68, 0x65, 0x20, 0x48, 0x69, 0x67,
    0x68, 0x20, 0x45, 0x78, 0x61, 0x72, 0x63, 0x68, 0x22, 0x20, 0x28, 0x44, 0x65, 0x63, 0x6F, 0x72,
    0x29, 0x0D, 0x0A, 0x2D, 0x20, 0x41, 0x72, 0x61, 0x74, 0x6F, 0x72, 0x20, 0x50, 0x61, 0x69, 0x6E,
    0x74, 0x69, 0x6E, 0x67, 0x20, 0x2D, 0x20, 0x22, 0x54, 0x68, 0x65, 0x20, 0x52, 0x65, 0x64, 0x65,
    0x65, 0x6D, 0x65, 0x72, 0x22, 0x20, 0x28, 0x44, 0x65, 0x63, 0x6F, 0x72, 0x29, 0x0D, 0x0A, 0x2D,
    0x20, 0x58, 0x61, 0x6C, 0x27, 0x61, 0x74, 0x61, 0x74, 0x68, 0x20, 0x50, 0x61, 0x69, 0x6E, 0x74,
    0x69, 0x6E, 0x67, 0x20, 0x2D, 0x20, 0x22, 0x54, 0x68, 0x65, 0x20, 0x48, 0x61, 0x72, 0x62, 0x69,
    0x6E, 0x67, 0x65, 0x72, 0x22, 0x20, 0x28, 0x44, 0x65, 0x63, 0x6F, 0x72, 0x29, 0x0D, 0x0A, 0x2D,
    0x20, 0x33, 0x30, 0x20, 0x44, 0x61, 0x79, 0x73, 0x20, 0x6F, 0x66, 0x20, 0x47, 0x61, 0x6D, 0x65,
    0x20, 0x54, 0x69, 0x6D, 0x65, 0x0D, 0x0A, 0x0D, 0x0A, 0x7C, 0x63, 0x66, 0x66, 0x36, 0x36, 0x62,
    0x62, 0x66, 0x66, 0x0D, 0x0A, 0x2A, 0x57, 0x6F, 0x72, 0x6C, 0x64, 0x20, 0x6F, 0x66, 0x20, 0x57,
    0x61, 0x72, 0x63, 0x72, 0x61, 0x66, 0x74, 0x3A, 0x20, 0x4D, 0x69, 0x64, 0x6E, 0x69, 0x67, 0x68,
    0x74, 0x20, 0x77, 0x69, 0x6C, 0x6C, 0x20, 0x62, 0x65, 0x20, 0x61, 0x76, 0x61, 0x69, 0x6C, 0x61,
    0x62, 0x6C, 0x65, 0x20, 0x6F, 0x6E, 0x20, 0x6F, 0x72, 0x20, 0x62, 0x65, 0x66, 0x6F, 0x72, 0x65,
    0x20, 0x4A, 0x75, 0x6E, 0x65, 0x20, 0x33, 0x30, 0x2C, 0x20, 0x32, 0x30, 0x32, 0x36, 0x2E, 0x0D,
    0x0A, 0x55, 0x70, 0x67, 0x72, 0x61, 0x64, 0x69, 0x6E, 0x67, 0x20, 0x74, 0x6F, 0x20, 0x74, 0x68,
    0x65, 0x20, 0x48, 0x65, 0x72, 0x6F, 0x69, 0x63, 0x20, 0x6F, 0x72, 0x20, 0x45, 0x70, 0x69, 0x63,
    0x20, 0x45, 0x64, 0x69, 0x74, 0x69, 0x6F, 0x6E, 0x20, 0x77, 0x69, 0x6C, 0x6C, 0x20, 0x6E, 0x6F,
    0x74, 0x20, 0x72, 0x65, 0x2D, 0x67, 0x72, 0x61, 0x6E, 0x74, 0x20, 0x69, 0x6E, 0x2D, 0x67, 0x61,
    0x6D, 0x65, 0x20, 0x69, 0x74, 0x65, 0x6D, 0x73, 0x20, 0x6F, 0x72, 0x20, 0x54, 0x72, 0x61, 0x64,
    0x65, 0x72, 0x27, 0x73, 0x20, 0x54, 0x65, 0x6E, 0x64, 0x65, 0x72, 0x20, 0x28, 0x6F, 0x74, 0x68,
    0x65, 0x72, 0x20, 0x74, 0x68, 0x61, 0x6E, 0x20, 0x74, 0x68, 0x65, 0x20, 0x64, 0x69, 0x66, 0x66,
    0x65, 0x72, 0x65, 0x6E, 0x63, 0x65, 0x20, 0x69, 0x6E, 0x20, 0x54, 0x72, 0x61, 0x64, 0x65, 0x72,
    0x27, 0x73, 0x20, 0x54, 0x65, 0x6E, 0x64, 0x65, 0x72, 0x20, 0x62, 0x65, 0x74, 0x77, 0x65, 0x65,
    0x6E, 0x20, 0x45, 0x64, 0x69, 0x74, 0x69, 0x6F, 0x6E, 0x73, 0x29, 0x2E, 0x0D, 0x0A, 0x57, 0x6F,
    0x57, 0x20, 0x53, 0x75, 0x62, 0x73, 0x63, 0x72, 0x69, 0x70, 0x74, 0x69, 0x6F, 0x6E, 0x20, 0x6F,
    0x72, 0x20, 0x47, 0x61, 0x6D, 0x65, 0x20, 0x54, 0x69, 0x6D, 0x65, 0x20, 0x72, 0x65, 0x71, 0x75,
    0x69, 0x72, 0x65, 0x64, 0x2E, 0x20, 0x56, 0x69, 0x73, 0x69, 0x74, 0x20, 0x73, 0x68, 0x6F, 0x70,
    0x2E, 0x62, 0x61, 0x74, 0x74, 0x6C, 0x65, 0x2E, 0x6E, 0x65, 0x74, 0x20, 0x66, 0x6F, 0x72, 0x20,
    0x6D, 0x6F, 0x72, 0x65, 0x20, 0x69, 0x6E, 0x66, 0x6F, 0x72, 0x6D, 0x61, 0x74, 0x69, 0x6F, 0x6E,
    0x2E, 0x7C, 0x72, 0x01, 0x01, 0x00, 0x00, 0x87, 0x83, 0x00, 0x00, 0x04, 0xC0, 0x84, 0xF8, 0x01,
    0x00, 0x79, 0x04, 0x00, 0x00, 0x00, 0x00, 0x00, 0x00, 0x56, 0x6F, 0x69, 0x64, 0x77, 0x69, 0x6E,
    0x67, 0x20, 0x44, 0x72, 0x61, 0x67, 0x6F, 0x6E, 0x68, 0x61, 0x77, 0x6B, 0x04, 0xC0, 0x00, 0x00,
    0x00, 0x00, 0x25, 0x01, 0x00, 0x00, 0x2C, 0x14, 0x00, 0x00, 0x56, 0x6F, 0x69, 0x64, 0x73, 0x74,
    0x72, 0x69, 0x64, 0x65, 0x72, 0x20, 0x52, 0x61, 0x69, 0x6D, 0x65, 0x6E, 0x74, 0x03, 0x00, 0x6D,
    0xF8, 0x01, 0x00, 0x7A, 0x04, 0x00, 0x00, 0x00, 0x00, 0x00, 0x00, 0x44, 0x6F, 0x6F, 0x6D, 0x66,
    0x65, 0x61, 0x74, 0x68, 0x65, 0x72, 0x73, 0x05, 0x00, 0x83, 0xF8, 0x01, 0x00, 0x79, 0x04, 0x00,
    0x00, 0x00, 0x00, 0x00, 0x00, 0x4C, 0x69, 0x67, 0x68, 0x74, 0x77, 0x69, 0x6E, 0x67, 0x20, 0x44,
    0x72, 0x61, 0x67, 0x6F, 0x6E, 0x68, 0x61, 0x77, 0x6B, 0x05, 0x00, 0x00, 0x00, 0x00, 0x00, 0x25,
    0x01, 0x00, 0x00, 0x2D, 0x14, 0x00, 0x00, 0x4C, 0x69, 0x67, 0x68, 0x74, 0x73, 0x74, 0x72, 0x69,
    0x64, 0x65, 0x72, 0x20, 0x52, 0x61, 0x69, 0x6D, 0x65, 0x6E, 0x74, 0x02, 0xC0, 0x6B, 0xF8, 0x01,
    0x00, 0x7A, 0x04, 0x00, 0x00, 0x00, 0x00, 0x00, 0x00, 0x48, 0x6F, 0x70, 0x65, 0x66, 0x6C, 0x75,
    0x74, 0x74, 0x65, 0x72
};

